CASE_ID,ACCIDENT_YEAR,PROC_DATE,JURIS,COLLISION_DATE,COLLISION_TIME,OFFICER_ID,REPORTING_DISTRICT,DAY_OF_WEEK,CHP_SHIFT,POPULATION,CNTY_CITY_LOC,SPECIAL_COND,BEAT_TYPE,CHP_BEAT_TYPE,CITY_DIVISION_LAPD,CHP_BEAT_CLASS,BEAT_NUMBER,PRIMARY_RD,SECONDARY_RD,DISTANCE,DIRECTION,INTERSECTION,WEATHER_1,WEATHER_2,STATE_HWY_IND,CALTRANS_COUNTY,CALTRANS_DISTRICT,STATE_ROUTE,ROUTE_SUFFIX,POSTMILE_PREFIX,POSTMILE,LOCATION_TYPE,RAMP_INTERSECTION,SIDE_OF_HWY,TOW_AWAY,COLLISION_SEVERITY,NUMBER_KILLED,NUMBER_INJURED,PARTY_COUNT,PRIMARY_COLL_FACTOR,PCF_CODE_OF_VIOL,PCF_VIOL_CATEGORY,PCF_VIOLATION,PCF_VIOL_SUBSECTION,HIT_AND_RUN,TYPE_OF_COLLISION,MVIW,PED_ACTION,ROAD_SURFACE,ROAD_COND_1,ROAD_COND_2,LIGHTING,CONTROL_DEVICE,CHP_ROAD_TYPE,PEDESTRIAN_ACCIDENT,BICYCLE_ACCIDENT,MOTORCYCLE_ACCIDENT,TRUCK_ACCIDENT,NOT_PRIVATE_PROPERTY,ALCOHOL_INVOLVED,STWD_VEHTYPE_AT_FAULT,CHP_VEHTYPE_AT_FAULT,COUNT_SEVERE_INJ,COUNT_VISIBLE_INJ,COUNT_COMPLAINT_PAIN,COUNT_PED_KILLED,COUNT_PED_INJURED,COUNT_BICYCLIST_KILLED,COUNT_BICYCLIST_INJURED,COUNT_MC_KILLED,COUNT_MC_INJURED,PRIMARY_RAMP,SECONDARY_RAMP,LATITUDE,LONGITUDE,COUNTY,CITY,POINT_X,POINT_Y
9577645,2023,2023-05-01,1925,2023-03-23,1400,22783,248,4,5,6,1925,0,0,0,,0,003,"BRAND BL","HARVARD ST",223.00,N,N,A,-,N,,,,,,,,,,N,4,0,1,2,A,-,07,21658,A,N,D,G,A,A,H,-,A,D,0,,Y,,,Y,,A,07,0,0,1,0,0,0,1,0,0,"- ","- ",34.144439697265625,-118.25501251220703,"LOS ANGELES",GLENDALE,-118.25495147705078,34.145030975341797
9579254,2023,2023-06-29,1953,2023-04-12,1121,8990,1953,3,5,6,1953,0,0,0,,0,002,"ORANGE GROVE BL","MARENGO AV",0.00,,Y,B,-,N,,,,,,,,,,Y,3,0,1,2,A,-,05,21650,1,N,D,G,A,A,H,-,A,A,0,,Y,,,Y,,L,04,0,1,0,0,0,0,1,0,0,"- ","- ",,,"LOS ANGELES",PASADENA,-118.14601898193359,34.157852172851562
9656827,2023,2024-02-03,1942,2023-12-01,2000,45259,1452,5,5,7,1942,0,0,0,N,0,14A11-,"VIA DOLCE","WASHINGTON BL",100.00,S,N,A,-,N,,,,,,,,,,N,4,0,1,2,A,-,08,22107,,F,H,C,A,A,H,-,C,A,0,,Y,,,Y,,-,99,0,0,1,0,0,0,1,0,0,"- ","- ",,,"LOS ANGELES","LOS ANGELES",-118.46332550048828,33.980831146240234
82018230,2023,2023-03-15,1933,2023-03-10,2346,1084,16,5,5,6,1933,0,0,0,,0,002,"MANCHESTER BLVD","GREVILLEA AV",0.00,,Y,A,-,N,,,,,,,,,,N,2,0,1,2,A,-,09,21804,A,N,D,G,A,A,H,-,C,A,0,,Y,,,Y,,L,04,1,0,0,0,0,0,1,0,0,"- ","- ",33.961788177490234,-118.35498046875,"LOS ANGELES",INGLEWOOD,-118.35507202148438,33.961742401123047
82354628,2023,2024-04-03,1955,2023-11-13,1223,42977,,1,5,6,1955,0,0,0,,0,005,"RIO RANCHO RD","GAMBIER DR",53.00,E,N,A,-,N,,,,,,,,,,N,3,0,1,2,A,-,09,21804,A,N,D,G,A,A,H,-,A,D,0,,Y,,,Y,,A,01,0,1,0,0,0,0,1,0,0,"- ","- ",34.033279418945312,-117.75173950195312,"LOS ANGELES",POMONA,-117.75156402587891,34.033184051513672
92003918,2023,2023-02-27,9530,2023-02-04,0740,022951,,6,1,9,1900,0,3,5,,2,006,"VERMONT AVE.","DEL AMO BLVD.",0.00,,Y,A,-,N,,,,,,,,,,N,3,0,1,2,A,-,03,22350,,N,B,G,A,A,H,-,A,D,0,,Y,,,Y,,A,01,0,1,0,0,0,0,1,0,0,"- ","- ",33.846218109130859,-118.29022979736328,"LOS ANGELES",UNINCORPORATED,-118.29039001464844,33.846244812011719
92195073,2023,2023-10-10,9525,2023-10-06,1015,022655,,5,1,9,1900,0,3,5,,2,003,"HAMBLEDON AVE (100 BLOCK)","GEMINI ST",0.00,,Y,A,-,N,,,,,,,,,,N,3,0,1,2,A,-,05,21650,,N,D,G,A,A,H,-,A,A,0,,Y,,,Y,,L,04,0,1,0,0,0,0,1,0,0,"- ","- ",34.016971588134766,-117.91439056396484,"LOS ANGELES",UNINCORPORATED,-117.91440582275391,34.017040252685547
92312494,2023,2024-02-13,9535,2023-10-20,1845,022719,,5,2,9,1900,0,2,4,,2,021,"FORD BLVD N/B","I-710 N/B (LONG BEACH FREEWAY) TO 3RD ST",0.00,,Y,A,-,N,,,,,,,,,,N,4,0,1,2,A,-,09,21802,A,N,D,G,A,A,H,-,C,A,0,,Y,,,Y,,A,08,0,0,1,0,0,0,1,0,0,"- ","- ",34.0323486328125,-118.16912841796875,"LOS ANGELES",UNINCORPORATED,-118.16918182373047,34.033229827880859
9471524,2023,2023-11-13,1942,2023-09-17,1900,41933,1205,7,5,7,1942,0,0,0,L,0,25T35,"VERMONT AV","50TH ST",170.00,N,N,A,B,N,,,,,,,,,,N,2,0,1,2,A,-,03,22350,,F,C,G,A,A,H,-,C,D,0,,Y,,,Y,,-,99,1,0,0,0,0,0,1,0,0,"- ","- ",,,"LOS ANGELES","LOS ANGELES",-118.29154205322266,33.998268127441406
9544553,2023,2023-03-10,1942,2023-01-12,1220,32774,1557,4,5,7,1942,0,0,0,O,0,26TL77,"CAHUENGA BL","RIVERSIDE DR",0.00,,Y,A,-,N,,,,,,,,,,N,3,0,1,2,A,-,09,21804,A,F,D,G,A,A,H,-,A,D,0,,Y,,,Y,,L,04,0,1,0,0,0,0,1,0,0,"- ","- ",,,"LOS ANGELES","LOS ANGELES",-118.36147308349609,34.152191162109375
81982548,2023,2023-01-31,1947,2023-01-07,1651,1443,,6,5,5,1947,0,0,0,,0,00D,"OLYMPIC BLVD","SPRUCE ST",0.00,S,Y,A,B,N,,,,,,,,,,N,4,0,1,2,A,-,05,21650,,N,A,G,A,A,H,-,A,C,0,,Y,,,Y,,L,04,0,0,1,0,0,0,1,0,0,"- ","- ",34.006690979003906,-118.11089324951172,"LOS ANGELES",MONTEBELLO,-118.11085510253906,34.006778717041016
91970153,2023,2023-01-17,9535,2023-01-07,1115,022172,,6,1,9,1900,0,2,4,,2,024,"WHITTIER BLVD. (4900 BLOCK)","FERRIS AVE.",10.00,E,N,A,-,N,,,,,,,,,,N,3,0,1,2,A,-,05,21651,B,N,A,G,A,A,H,-,A,A,0,,Y,,,Y,,L,04,0,1,0,0,0,0,1,0,0,"- ","- ",34.021621704101562,-118.16329956054688,"LOS ANGELES",UNINCORPORATED,-118.16336822509766,34.021701812744141
92072172,2023,2023-05-18,9550,2023-05-08,1430,023193,,1,2,9,1900,0,3,5,,2,002,"AMBER VALLEY DRIVE","CLEARGLEN AVENUE",40.00,W,N,A,-,N,,,,,,,,,,N,4,0,1,2,A,-,09,21801,A,N,D,G,A,A,H,-,A,D,0,,Y,,,Y,,A,07,0,0,1,0,0,0,1,0,0,"- ","- ",33.922908782958984,-117.99192810058594,"LOS ANGELES",UNINCORPORATED,-117.99195098876953,33.922809600830078
92221820,2023,2023-10-27,9530,2023-10-16,1710,023313,,1,2,9,1900,0,3,5,,2,001,"CROCKETT BLVD. (7200 BLOCK)","FLORENCE AVE.",5.00,S,N,A,-,N,,,,,,,,,,N,4,0,1,2,A,-,09,21804,A,N,H,G,A,A,H,-,A,D,0,,Y,,,Y,,L,04,0,0,1,0,0,0,1,0,0,"- ","- ",33.974620819091797,-118.23686218261719,"LOS ANGELES",UNINCORPORATED,-118.23684692382812,33.974704742431641
9600250,2023,2023-08-16,1970,2023-05-13,1902,217,SPB1,6,5,4,1970,0,0,0,,0,001,"PASADENA AV","SYCAMORE AV",672.00,E,N,A,-,N,,,,,,,,,,N,2,0,1,2,A,-,08,22107,,N,C,C,A,A,H,-,A,D,0,,Y,,,Y,,L,04,1,0,0,0,0,0,1,0,0,"- ","- ",,,"LOS ANGELES","SOUTH PASADENA",-118.17262268066406,34.112274169921875
9624438,2023,2023-09-21,1938,2023-08-09,1642,1395,,3,5,4,1938,0,0,0,,0,,"FOOTHILL BL","FALCON ST",0.00,,Y,A,-,Y,LA,7,66,-,-,2.231,I,5,W,N,2,0,1,2,A,-,00,21971,,N,D,G,A,A,H,-,A,A,0,,Y,,,Y,,D,22,1,0,0,0,0,0,1,0,0,"- ","- ",,,"LOS ANGELES","LA VERNE",-117.75369262695312,34.109592437744141
9644301,2023,2023-12-08,1900,2023-10-12,1620,443069,0986,4,5,4,1979,0,0,0,,0,92T2,"SUNSET BL","OLIVE DR",29.00,W,N,A,-,N,,,,,,,,,,N,4,0,1,2,A,-,07,21658,A,M,B,G,A,A,H,-,A,D,0,,Y,,,Y,,A,07,0,0,1,0,0,0,1,0,0,"- ","- ",34.095001220703125,-118.37418365478516,"LOS ANGELES","WEST HOLLYWOOD",-118.37403869628906,34.094928741455078
9647243,2023,2024-01-18,1953,2023-11-09,0810,5651,1953,4,5,6,1953,0,0,0,,0,003,"WILSON AV","GREEN ST",90.00,S,N,A,-,N,,,,,,,,,,Y,3,0,1,2,A,-,09,21801,A,N,D,G,A,A,H,-,A,D,0,,Y,,,Y,,A,07,0,1,0,0,0,0,1,0,0,"- ","- ",,,"LOS ANGELES",PASADENA,-118.12805938720703,34.144321441650391
9549576,2023,2023-04-07,1942,2023-02-10,1740,42720,1256,5,5,7,1942,0,0,0,L,0,25T31W,"HOOVER ST","74TH ST",10.00,N,N,A,-,N,,,,,,,,,,N,2,0,1,2,A,-,09,21804,A,N,D,G,A,A,H,-,C,A,0,,Y,,,Y,,L,04,1,0,0,0,0,0,1,0,0,"- ","- ",,,"LOS ANGELES","LOS ANGELES",-118.28711700439453,33.972705841064453
9616604,2023,2023-10-05,1942,2023-09-10,1640,42059,1441,7,5,7,1942,0,0,0,N,0,14A76,"SOUTH VENICE BL","OCEAN AV",185.00,W,N,A,-,N,,,,,,,,,,N,3,0,1,2,A,-,17,22109,,F,C,G,A,A,H,-,A,D,0,,Y,,,Y,,-,99,0,1,0,0,0,0,1,0,0,"- ","- ",,,"LOS ANGELES","LOS ANGELES",-118.46573638916016,33.986965179443359
9626382,2023,2023-11-16,1942,2023-08-30,0005,39689,LOSAN,3,5,7,1942,0,0,0,,0,18A44,"FIGUEROA ST","91ST ST",0.00,,Y,A,-,N,,,,,,,,,,N,2,0,1,2,A,-,00,20001,A,F,A,G,A,A,H,-,C,D,0,,Y,,,Y,,-,99,1,0,0,0,0,0,1,0,0,"- ","- ",,,"LOS ANGELES","LOS ANGELES",-118.28272247314453,33.954200744628906
9641926,2023,2024-01-16,1900,2023-10-05,0030,656182,1360,4,5,5,1952,0,0,0,,0,136DEM,"RT 710","ROSECRANS AV",0.00,,Y,A,-,Y,LA,7,710,-,R,15.437,R,1,S,N,3,0,1,2,A,-,03,22350,,F,A,G,A,A,H,-,C,A,0,,Y,,,Y,,D,22,0,1,0,0,0,0,1,0,0,SF,"- ",,,"LOS ANGELES",PARAMOUNT,-118.18109893798828,33.909259796142578
9651728,2023,2024-02-23,1951,2023-12-23,1423,762,707,6,5,3,1951,0,0,0,,0,002,"VIA DEL MONTE","VIA CONEJO",408.00,S,N,A,-,N,,,,,,,,,,Y,3,0,1,1,A,-,03,22350,,N,H,A,A,A,H,-,A,D,0,,Y,,,Y,,L,04,0,1,0,0,0,0,1,0,0,"- ","- ",,,"LOS ANGELES","PALOS VERDES EST",-118.40070343017578,33.795688629150391
92139974,2023,2023-08-09,9525,2023-08-03,1845,021074,,4,2,9,1900,0,3,5,,2,005,"GLENDORA MOUNTAIN ROAD","BIG DALTON CANYON ROAD",1000.00,N,N,A,-,N,,,,,,,,,,N,2,0,1,2,A,-,09,21801,A,N,D,C,A,A,H,-,A,D,0,,Y,,,Y,,A,01,1,0,0,0,0,0,1,0,0,"- ","- ",34.157001495361328,-117.83709716796875,"LOS ANGELES",UNINCORPORATED,-117.83774566650391,34.158432006835938
9561739,2023,2023-04-06,1962,2023-02-07,1450,164,1962,2,5,4,1962,0,0,0,,0,002,"LAS TUNAS DR","CHARLOTTE AV",120.00,S,N,A,-,N,,,,,,,,,,,3,0,1,2,A,-,05,21650,,N,D,G,A,A,H,-,A,D,0,,Y,,,Y,,L,04,0,1,0,0,0,0,1,0,0,"- ","- ",34.103408813476562,-118.08857727050781,"LOS ANGELES","SAN GABRIEL",-118.08856201171875,34.103431701660156
9628961,2023,2023-11-08,1900,2023-09-05,1933,653406,1413,2,5,1,1932,0,0,0,,0,143T1,"PROCTOR AV","7TH AV",0.00,,Y,A,-,N,,,,,,,,,,N,3,0,1,2,A,-,09,21801,A,N,D,G,A,A,H,-,C,A,0,,Y,,,Y,,A,01,0,1,0,0,0,0,1,0,0,"- ","- ",34.032001495361328,-117.97763061523438,"LOS ANGELES",INDUSTRY,-117.97767639160156,34.031970977783203
9636600,2023,2023-11-13,1900,2023-09-03,1315,622922,0977,7,5,4,1979,0,0,0,,0,92T3,"SAN VICENTE BL","CYNTHIA ST",165.00,N,N,A,-,N,,,,,,,,,,N,2,0,1,2,A,-,09,21804,A,N,D,G,A,A,H,-,A,D,0,,Y,,,Y,,A,01,1,0,0,0,0,0,1,0,0,"- ","- ",34.087799072265625,-118.38568878173828,"LOS ANGELES","WEST HOLLYWOOD",-118.3856201171875,34.087696075439453
9639391,2023,2024-06-06,1972,2023-11-12,2045,22882,,7,5,6,1972,0,0,0,,0,,"DEL AMO BL","CRENSHAW BL",0.00,,Y,A,-,N,,,,,,,,,,N,3,0,1,2,A,-,09,21804,A,N,D,G,A,A,H,-,C,A,0,,Y,,,Y,,A,,0,1,0,0,0,0,1,0,0,"- ","- ",,,"LOS ANGELES",TORRANCE,-118.32886505126953,33.846992492675781
82147086,2023,2023-08-18,1965,2023-07-16,1045,4114,0B1L,7,5,5,1965,0,0,0,,0,B001,"OCEAN AVE","ARIZONA AVE",294.00,S,N,A,-,N,,,,,,,,,,N,3,0,3,3,A,-,08,22107,,N,A,G,A,A,H,-,A,D,0,,Y,,,Y,,M,94,0,3,0,0,0,0,2,0,0,"- ","- ",,,"LOS ANGELES","SANTA MONICA",-118.49897766113281,34.014854431152344
9590863,2023,2023-07-06,1941,2023-05-31,1026,11240,WEST,3,5,7,1941,0,0,0,,0,005,"E 19TH ST","MARTIN LUTHER KING JR AV",0.00,,Y,A,-,N,,,,,,,,,,N,3,0,1,2,D,-,00,,,N,G,G,A,A,H,-,A,D,0,,Y,,,Y,,-,"- ",0,1,0,0,0,0,1,0,0,"- ","- ",33.791259765625,-118.18067932128906,"LOS ANGELES","LONG BEACH",-118.1806640625,33.791282653808594
9597894,2023,2023-08-08,1973,2023-04-05,1700,636,1973,3,5,1,1973,0,0,0,,0,002,"ALCOA AV","LEONIS BL",0.00,,Y,A,-,N,,,,,,,,,,N,3,0,1,2,D,-,00,,,N,D,G,A,A,H,-,A,A,0,,Y,,,Y,,-,"- ",0,1,0,0,0,0,1,0,0,"- ","- ",,,"LOS ANGELES",VERNON,-118.20871734619141,34.000217437744141
82112332,2023,2023-07-10,1922,2023-05-29,1747,697,,1,5,6,1922,0,0,0,,0,004,"ELLIOTT AVE","ALLGEYER AVE",0.00,,Y,A,-,N,,,,,,,,,,Y,4,0,1,2,D,-,00,,,N,D,G,A,A,H,-,A,D,0,,Y,,,Y,,-,"- ",0,0,1,0,0,0,1,0,0,"- ","- ",34.055961608886719,-118.02365112304688,"LOS ANGELES","EL MONTE",-118.02358245849609,34.055938720703125
82222225,2023,2023-10-30,1965,2023-09-24,1301,4069,0B3F,7,5,5,1965,0,0,0,,0,003,"STEWART ST","VIRGINIA AVE",69.00,S,N,A,-,N,,,,,,,,,,N,4,0,1,2,A,-,09,21804,A,F,C,G,A,A,H,-,A,D,0,,Y,,,Y,,-,99,0,0,1,0,0,0,1,0,0,"- ","- ",,,"LOS ANGELES","SANTA MONICA",-118.46305847167969,34.026435852050781
92254511,2023,2023-12-06,9535,2023-11-09,2500,023462,,4,4,9,1900,0,3,5,,2,002,"LAVERNE AVENUE (300 BLOCK)","GRATIAN STREET",50.00,N,N,A,-,N,,,,,,,,,,N,3,0,1,2,A,-,09,21804,A,F,D,G,A,A,H,-,A,D,0,,Y,,,Y,,-,99,0,1,0,0,0,0,1,0,0,"- ","- ",34.032520294189453,-118.15876770019531,"LOS ANGELES",UNINCORPORATED,-118.15890502929688,34.032283782958984
9559358,2023,2023-04-05,1956,2023-03-03,1504,1377,43,5,5,5,1956,0,0,0,,0,004,"VANDERBILT LN","MACKAY LN",0.00,,Y,A,-,N,,,,,,,,,,N,3,0,1,2,A,-,03,22350,,N,D,G,A,A,H,-,A,D,0,,Y,,Y,Y,,L,04,0,1,0,0,0,0,1,0,0,"- ","- ",33.871891021728516,-118.36853790283203,"LOS ANGELES","REDONDO BEACH",-118.36856079101562,33.871868133544922
9594279,2023,2023-07-03,1910,2023-06-16,1727,05554,,5,5,4,1910,0,0,0,,0,,"BEVERLY BL","SANTA MONICA BL",0.00,,Y,A,-,N,,,,,,,,,,N,3,0,1,2,A,-,08,22107,,N,D,G,A,A,H,-,A,A,0,,Y,,,Y,,A,01,0,1,0,0,0,0,1,0,0,"- ","- ",34.077140808105469,-118.39547729492188,"LOS ANGELES","BEVERLY HILLS",-118.39561462402344,34.077220916748047
9608638,2023,2023-08-22,1913,2023-06-22,1552,4346,29,4,5,4,1913,0,0,0,,0,002,"8TH ST","HARVARD AV",124.00,E,N,A,-,N,,,,,,,,,,N,4,0,1,2,A,-,17,22517,,N,H,G,A,A,H,-,A,D,0,,Y,,,Y,,A,01,0,0,1,0,0,0,1,0,0,"- ","- ",,,"LOS ANGELES",CLAREMONT,-117.71626281738281,34.101608276367188
82104790,2023,2023-06-30,1965,2023-05-28,1715,3951,,7,5,5,1965,0,0,0,,0,,"PICO BLVD","4TH ST",0.00,,Y,A,-,N,,,,,,,,,,N,3,0,1,2,A,-,09,21804,A,N,H,G,A,A,H,-,A,A,0,,Y,,,Y,,L,04,0,1,0,0,0,0,1,0,0,"- ","- ",,,"LOS ANGELES","SANTA MONICA",-118.48728179931641,34.009639739990234
9560695,2023,2023-03-22,1928,2023-02-08,1915,50416,530,3,5,5,1928,0,0,0,,0,501,"IMPERIAL HWY","GREVILLEA AV",78.00,E,N,A,-,N,,,,,,,,,,N,3,0,1,2,A,-,08,22107,,N,H,G,A,A,H,-,C,D,0,,Y,,,Y,Y,L,04,0,1,0,0,0,0,1,0,0,"- ","- ",33.930938720703125,-118.35478210449219,"LOS ANGELES",HAWTHORNE,-118.35459136962891,33.930938720703125
9568172,2023,2023-05-08,1900,2023-04-08,1040,525042,1015,6,5,3,1995,0,0,0,,0,101T4,"RT 1","SWEETWATER CANYON",2640.00,E,N,A,-,Y,LA,7,1,-,-,45.870,H,-,N,N,3,0,1,2,A,-,09,21801,A,N,D,G,A,A,H,-,A,D,0,,Y,,,Y,,A,01,0,1,0,0,0,0,1,0,0,"- ","- ",34.039501190185547,-118.66768646240234,"LOS ANGELES",MALIBU,-118.66557312011719,34.039703369140625
9583757,2023,2023-08-02,1942,2023-06-06,2000,41072,0513,2,5,7,1942,0,0,0,E,0,25T35,"PACIFIC COAST HWY","VERMONT AV",5.00,E,N,A,-,Y,LA,7,1,-,-,12.171,I,5,N,N,2,0,1,2,A,-,12,21453,A,N,D,G,A,A,H,-,C,A,0,,Y,,,Y,,-,99,1,0,0,0,0,0,1,0,0,"- ","- ",,,"LOS ANGELES","LOS ANGELES",-118.29167938232422,33.791061401367188
9584310,2023,2023-05-22,1942,2023-05-05,2345,38281,171,5,5,7,1942,0,0,0,Q,0,1Q63,"FRANCISCO ST","OLYMPIC BL",0.00,,Y,A,-,N,,,,,,,,,,Y,4,0,2,3,A,-,03,22350,,F,D,C,A,A,H,-,C,A,0,,Y,,,Y,Y,-,99,0,0,2,0,0,0,1,0,0,"- ","- ",,,"LOS ANGELES","LOS ANGELES",-118.26576232910156,34.045444488525391
9587285,2023,2023-06-05,1941,2023-04-11,2150,5572,EAST,2,5,7,1941,0,0,0,,0,017,"HARCO ST","MARBER AV",0.00,,Y,A,-,N,,,,,,,,,,N,3,0,1,2,D,-,00,,,N,D,G,A,A,H,-,C,A,0,,Y,,,Y,Y,-,"- ",0,1,0,0,0,0,1,0,0,"- ","- ",38.827678680419922,-118.12447357177734,"LOS ANGELES","LONG BEACH",-118.12448120117188,33.827617645263672
82239904,2023,2023-11-20,1912,2023-10-18,1620,16068,,3,5,6,1912,0,0,0,,0,,"NAOMI STREET","VICTORY BOULEVARD",9.00,S,N,A,-,N,,,,,,,,,,N,3,0,1,2,A,-,03,22350,,N,H,G,A,A,H,-,A,D,0,,Y,,,Y,,A,01,0,1,0,0,0,0,1,0,0,"- ","- ",34.184478759765625,-118.34058380126953,"LOS ANGELES",BURBANK,-118.34053039550781,34.184597015380859
92074107,2023,2023-05-22,9530,2023-05-06,1330,023188,,6,1,9,1900,0,3,5,,2,001,"COMPTON AVE.","73RD STREET",40.00,N,N,A,-,N,,,,,,,,,,N,3,0,1,2,C,-,18,,,N,E,J,A,A,D,-,A,D,0,,Y,,,Y,,-,"- ",0,1,0,0,0,0,1,0,0,"- ","- ",33.974128723144531,-118.24777221679688,"LOS ANGELES",UNINCORPORATED,-118.24767303466797,33.974018096923828
92260005,2023,2023-12-12,9565,2023-09-27,0730,017060,,3,1,9,1900,0,3,5,,2,004,"OCEANGATE AVE.","EL SEGUNDO BLVD.",100.00,S,N,A,-,N,,,,,,,,,,N,4,0,1,2,A,-,08,22107,,N,B,G,A,A,H,-,A,D,0,,Y,,,Y,,L,04,0,0,1,0,0,0,1,0,0,"- ","- ",33.915920257568359,-118.36714935302734,"LOS ANGELES",UNINCORPORATED,-118.36711120605469,33.916126251220703
9567467,2023,2023-05-19,1900,2023-04-28,0755,629447,0560,5,5,3,1968,0,0,0,,0,55T1D,"ROSEMEAD BL","KLINGERMAN ST",295.00,S,N,A,-,N,,,,,,,,,,N,3,0,1,2,D,-,00,,,N,B,G,A,A,H,-,A,D,0,,Y,,,Y,,-,"- ",0,1,0,0,0,0,1,0,0,"- ","- ",34.1314697265625,-118.03581237792969,"LOS ANGELES","SOUTH EL MONTE",-118.06422424316406,34.054599761962891
9589983,2023,2023-06-27,1942,2023-05-06,0900,42665,1494,6,5,7,1942,0,0,0,N,0,27TL23,"IMPERIAL HWY","PERSHING DR",336.00,E,N,A,-,N,,,,,,,,,,N,3,0,1,2,A,-,01,23152,A,N,H,G,A,A,H,-,A,D,0,,Y,,,Y,Y,A,01,0,1,0,0,0,0,1,0,0,"- ","- ",,,"LOS ANGELES","LOS ANGELES",-118.42820739746094,33.931118011474609
9662763,2023,2024-02-10,1941,2023-11-10,1310,11553,EAST,5,5,7,1941,0,0,0,,0,009,"EAST 2ND ST","REDONDO AV",0.00,,Y,A,-,N,,,,,,,,,,N,2,0,1,2,D,-,00,,,N,H,G,A,A,H,-,A,A,0,,Y,,,Y,,-,"- ",1,0,0,0,0,0,1,0,0,"- ","- ",33.76348876953125,-118.15242767333984,"LOS ANGELES","LONG BEACH",-118.15239715576172,33.763481140136719
82134798,2023,2023-08-03,1969,2023-07-23,2257,10216,PATRO,7,5,5,1969,0,0,0,,0,005,"IMPERIAL HWY","GARFIELD AV",65.00,E,N,A,-,Y,,,,,,,,,,Y,4,0,1,3,A,-,01,23152,A,F,C,G,A,A,H,-,C,A,0,,Y,,,Y,Y,A,01,0,0,1,0,0,0,1,0,0,"- ","- ",33.929821014404297,-118.16822814941406,"LOS ANGELES","SOUTH GATE",-118.16791534423828,33.929882049560547
82238509,2023,2023-11-17,1922,2023-10-24,1844,707,1922,2,5,6,1922,0,0,0,,0,001,"TYLER AVE","AMADOR ST",348.00,S,N,A,-,N,,,,,,,,,,N,4,0,1,3,A,-,17,22517,,N,B,G,A,A,H,-,A,D,0,,Y,,,Y,,A,01,0,0,1,0,0,0,1,0,0,"- ","- ",34.070529937744141,-118.03597259521484,"LOS ANGELES","EL MONTE",-118.03600311279297,34.069496154785156
94388358,2023,2024-09-10,9545,2023-08-14,2245,021360,,1,3,6,1992,0,3,5,,1,006,"AVENUE L","42ND ST WEST",27.00,E,N,B,-,N,,,,,,,,,,N,1,1,0,2,A,-,08,22100,B,N,D,G,A,A,H,-,C,A,0,,Y,,,Y,,L,04,0,0,0,0,0,1,0,0,0,"- ","- ",34.660160064697266,-118.20555877685547,"LOS ANGELES",LANCASTER,-118.20564270019531,34.66021728515625
9601042,2023,2023-08-28,1902,2023-07-25,1041,837,29,2,5,5,1902,0,0,0,,0,005,"EL MONTE AV","LONGDEN AV",13.00,N,N,A,-,N,,,,,,,,,,N,4,0,1,2,A,-,09,21802,A,N,H,G,A,A,H,-,A,A,0,,Y,,,Y,,A,01,0,0,1,0,0,0,1,0,0,"- ","- ",,,"LOS ANGELES",ARCADIA,-118.03838348388672,34.1141357421875
9603407,2023,2023-08-14,1929,2023-07-06,1813,207,1929,4,5,3,1929,0,0,0,,0,,"VALLEY DR","GOULD AV",495.00,S,N,A,-,N,,,,,,,,,,,3,0,1,2,A,-,00,21080,A,N,D,-,A,A,H,-,A,A,0,,Y,,,Y,,A,01,0,1,0,0,0,0,1,0,0,"- ","- ",33.874530792236328,-118.40007781982422,"LOS ANGELES","HERMOSA BEACH",-118.39973449707031,33.873592376708984
9630561,2023,2023-11-01,1976,2023-09-25,1500,592,1976,1,5,5,1976,0,0,0,,0,004,"SANTA GERTRUDES AV","LAMBERT RD",141.00,N,N,A,-,N,,,,,,,,,,Y,3,0,1,2,A,-,08,22107,,N,H,-,A,A,H,-,A,A,0,,Y,,,Y,,L,04,0,1,0,0,0,0,1,0,0,"- ","- ",,,"LOS ANGELES",WHITTIER,-117.99311828613281,33.933677673339844
9639960,2023,2024-01-06,1942,2023-11-04,2310,41495,1249,6,5,7,1942,0,0,0,L,0,1249,"63RD ST",BONSALLO,8.00,N,N,A,-,N,,,,,,,,,,N,3,0,1,2,A,-,03,22350,,F,C,G,A,A,H,-,C,D,0,,Y,,,Y,,-,99,0,1,0,0,0,0,1,0,0,"- ","- ",,,"LOS ANGELES","LOS ANGELES",-118.28598022460938,33.981880187988281
9641518,2023,2023-12-08,1900,2023-10-16,1350,499039,1510,1,5,5,1954,0,0,0,,0,151T1,"ROSEMEAD BL","BEVERLY RD",259.00,S,N,A,-,N,,,,,,,,,,N,4,0,1,2,A,-,11,21950,B,N,B,-,A,A,H,-,A,D,0,,Y,,,Y,,L,04,0,0,1,0,0,0,1,0,0,"- ","- ",,,"LOS ANGELES","PICO RIVERA",-118.08197784423828,34.007228851318359