CASE_ID,ACCIDENT_YEAR,PROC_DATE,JURIS,COLLISION_DATE,COLLISION_TIME,OFFICER_ID,REPORTING_DISTRICT,DAY_OF_WEEK,CHP_SHIFT,POPULATION,CNTY_CITY_LOC,SPECIAL_COND,BEAT_TYPE,CHP_BEAT_TYPE,CITY_DIVISION_LAPD,CHP_BEAT_CLASS,BEAT_NUMBER,PRIMARY_RD,SECONDARY_RD,DISTANCE,DIRECTION,INTERSECTION,WEATHER_1,WEATHER_2,STATE_HWY_IND,CALTRANS_COUNTY,CALTRANS_DISTRICT,STATE_ROUTE,ROUTE_SUFFIX,POSTMILE_PREFIX,POSTMILE,LOCATION_TYPE,RAMP_INTERSECTION,SIDE_OF_HWY,TOW_AWAY,COLLISION_SEVERITY,NUMBER_KILLED,NUMBER_INJURED,PARTY_COUNT,PRIMARY_COLL_FACTOR,PCF_CODE_OF_VIOL,PCF_VIOL_CATEGORY,PCF_VIOLATION,PCF_VIOL_SUBSECTION,HIT_AND_RUN,TYPE_OF_COLLISION,MVIW,PED_ACTION,ROAD_SURFACE,ROAD_COND_1,ROAD_COND_2,LIGHTING,CONTROL_DEVICE,CHP_ROAD_TYPE,PEDESTRIAN_ACCIDENT,BICYCLE_ACCIDENT,MOTORCYCLE_ACCIDENT,TRUCK_ACCIDENT,NOT_PRIVATE_PROPERTY,ALCOHOL_INVOLVED,STWD_VEHTYPE_AT_FAULT,CHP_VEHTYPE_AT_FAULT,COUNT_SEVERE_INJ,COUNT_VISIBLE_INJ,COUNT_COMPLAINT_PAIN,COUNT_PED_KILLED,COUNT_PED_INJURED,COUNT_BICYCLIST_KILLED,COUNT_BICYCLIST_INJURED,COUNT_MC_KILLED,COUNT_MC_INJURED,PRIMARY_RAMP,SECONDARY_RAMP,LATITUDE,LONGITUDE,COUNTY,CITY,POINT_X,POINT_Y
9658366,2023,2024-02-13,1900,2023-12-05,1635,658305,2116,2,5,5,1943,0,0,0,,0,212T3,"LONG BEACH BL","AGNES AV",0.00,,Y,A,-,N,,,,,,,,,,N,2,0,1,2,A,-,09,21802,A,N,D,C,A,A,G,-,B,A,0,,Y,,,Y,,A,01,1,0,0,0,0,0,1,0,0,"- ","- ",33.919078826904297,-118.20953369140625,"LOS ANGELES",LYNWOOD,-118.20955657958984,33.919120788574219
9714944,2023,2024-07-19,1941,2023-05-18,1020,5945,SOUTH,4,5,7,1941,0,0,0,,0,008,"E BROADWAY","ALAMITOS AV",52.00,W,N,B,-,N,,,,,,,,,,N,3,0,1,2,A,-,17,21657,,N,D,G,A,A,H,-,A,A,0,,Y,,,Y,,L,04,0,1,0,0,0,0,1,0,0,"- ","- ",33.769001007080078,-118.18254852294922,"LOS ANGELES","LONG BEACH",-118.18224334716797,33.769195556640625
9617777,2023,2023-09-25,1942,2023-08-12,2020,39151,0315,6,5,7,1942,0,0,0,C,0,25T35,"CIMARRON ST","25TH ST",0.00,,Y,A,-,N,,,,,,,,,,N,4,0,1,2,A,-,03,22350,,N,D,G,A,A,H,-,C,D,0,,Y,,,Y,,A,01,0,0,1,0,0,0,1,0,0,"- ","- ",,,"LOS ANGELES","LOS ANGELES",-118.31549072265625,34.033840179443359
9622835,2023,2023-11-30,1900,2023-10-23,1508,656370,1137,1,5,6,1992,0,0,0,,0,111T2,"CHALLENGER WY","AVENUE J-8",15.00,S,N,A,-,N,,,,,,,,,,N,3,0,1,2,A,-,12,21453,A,M,D,G,A,A,H,-,A,A,0,,Y,,,Y,,A,01,0,1,0,0,0,0,1,0,0,"- ","- ",34.682159423828125,-118.11254119873047,"LOS ANGELES",LANCASTER,-118.11252593994141,34.682140350341797
9627169,2023,2023-10-02,1942,2023-08-03,0210,39151,0525,4,5,7,1942,0,0,0,E,0,25T35,"HARRY BRIDGES BL","ISLAND AV",227.00,W,N,A,-,N,,,,,,,,,,N,2,0,1,2,A,-,03,22350,,F,C,G,A,A,H,-,E,D,0,,Y,,,Y,,-,99,1,0,0,0,0,0,1,0,0,"- ","- ",,,"LOS ANGELES","LOS ANGELES",-118.26644897460938,33.771026611328125
9630194,2023,2024-02-16,1942,2023-09-27,1605,40008,0285,3,5,7,1942,0,0,0,B,0,24TL25,"S UNION AV","W PICO BL",0.00,,Y,A,-,N,,,,,,,,,,N,3,0,1,2,A,-,08,22107,,F,D,G,A,A,H,-,A,A,0,,Y,,,Y,,A,01,0,1,0,0,0,0,1,0,0,"- ","- ",,,"LOS ANGELES","LOS ANGELES",-118.27695465087891,34.044651031494141
9637827,2023,2023-12-19,1942,2023-10-10,0900,38598,0359,2,5,7,1942,0,0,0,C,0,25T21,"JEFFERSON BL","FLOWER ST",3.00,W,N,B,-,N,,,,,,,,,,N,3,0,1,2,A,-,08,22101,D,N,D,-,A,A,H,-,A,A,0,,Y,,,Y,,L,04,0,1,0,0,0,0,1,0,0,"- ","- ",,,"LOS ANGELES","LOS ANGELES",-118.27873992919922,34.021385192871094
9649842,2023,2024-01-10,1941,2023-02-02,1430,10542,SOUTH,4,5,7,1941,0,0,0,,0,006,"W 7TH ST","PACIFIC AV",0.00,,Y,A,-,N,,,,,,,,,,N,3,0,1,2,A,-,03,22350,,F,G,G,A,A,H,-,A,A,0,,Y,,,Y,,-,99,0,1,0,0,0,0,1,0,0,"- ","- ",33.775341033935547,-118.19371795654297,"LOS ANGELES","LONG BEACH",-118.1937255859375,33.775360107421875
92193440,2023,2023-10-09,9525,2023-08-27,0930,023085,,7,1,9,1900,0,3,5,,2,005,"MOUNT BALDY RD.","SHINN ROAD",10032.00,N,N,A,-,N,,,,,,,,,,N,1,1,0,1,A,-,03,22350,,N,F,A,A,A,H,-,A,D,0,,Y,,,Y,,L,04,0,0,0,0,0,1,0,0,0,"- ","- ",34.202278137207031,-117.67649078369141,"LOS ANGELES",UNINCORPORATED,-117.67611694335938,34.201309204101562
92247772,2023,2023-11-29,9565,2023-11-18,0035,022987,,6,3,9,1900,0,2,4,,2,022,"CENTURY BOULEVARD","NORMANDIE AVENUE",0.00,,Y,A,-,N,,,,,,,,,,N,4,0,1,2,A,-,03,22350,,N,H,G,A,A,H,-,C,A,0,,Y,,,Y,,L,04,0,0,1,0,0,0,1,0,0,"- ","- ",33.945419311523438,-118.30020141601562,"LOS ANGELES",UNINCORPORATED,-118.30027770996094,33.945487976074219
9563382,2023,2023-04-13,1900,2023-02-11,1540,629508,1121,6,5,6,1992,0,0,0,,0,112T2,"10TH ST W","AV I",233.00,N,N,A,-,N,,,,,,,,,,N,3,0,1,2,A,-,05,21650,1,N,D,G,A,A,H,-,A,D,0,,Y,,,Y,,L,04,0,1,0,0,0,0,1,0,0,"- ","- ",,,"LOS ANGELES",LANCASTER,-118.14814758300781,34.70458984375
9567562,2023,2023-06-08,1946,2023-03-02,1551,P46,1946,4,5,4,1946,0,0,0,,0,003,PECK,DUARTE,0.00,,Y,A,-,N,,,,,,,,,,N,4,0,1,2,A,-,10,21950,A,N,H,G,A,A,H,-,A,A,0,,Y,,,Y,,A,01,0,0,1,0,0,0,1,0,0,"- ","- ",,,"LOS ANGELES",MONROVIA,-118.00380706787109,34.132221221923828
9589437,2023,2023-06-14,1942,2023-05-23,0615,41158,1018,2,5,7,1942,0,0,0,J,0,26TL25,"WOODLEY AV","SATICOY ST",0.00,,Y,A,-,N,,,,,,,,,,N,4,0,1,2,A,-,12,21453,A,F,D,G,A,A,H,-,A,A,0,,Y,,,Y,,-,99,0,0,1,0,0,0,1,0,0,"- ","- ",,,"LOS ANGELES","LOS ANGELES",-118.48368072509766,34.208450317382812
9604604,2023,2023-11-29,1976,2023-10-06,0834,595,,5,5,5,1976,0,0,0,,0,002,"HADLEY ST","GREGORY AV",0.00,,Y,A,-,N,,,,,,,,,,N,3,0,1,2,A,-,09,21802,,N,H,G,A,A,H,-,A,A,0,,Y,,,Y,,L,04,0,1,0,0,0,0,1,0,0,"- ","- ",,,"LOS ANGELES",WHITTIER,-118.04698944091797,33.982738494873047
9609485,2023,2023-09-08,1942,2023-08-16,1715,41436,LOSAN,3,5,7,1942,0,0,0,,0,LOSANG,"6TH ST",CENTRAL,0.00,,Y,A,-,N,,,,,,,,,,N,2,0,1,2,A,-,17,21657,,N,A,G,A,A,H,-,A,A,0,,Y,,,Y,,L,04,1,0,0,0,0,0,1,0,0,"- ","- ",,,"LOS ANGELES","LOS ANGELES",-118.24000549316406,34.039024353027344
9629431,2023,2023-10-24,1942,2023-09-27,1630,42910,1118,3,5,7,1942,0,0,0,K,0,11A37,"ASH ST","N AVENUE 56",0.00,,Y,A,-,N,,,,,,,,,,N,2,0,1,2,A,-,12,22450,A,N,H,G,A,A,H,-,A,D,0,,Y,,,Y,,L,04,1,0,0,0,0,0,1,0,0,"- ","- ",,,"LOS ANGELES","LOS ANGELES",-118.19637298583984,34.111988067626953
9629799,2023,2023-10-28,1941,2023-09-18,1355,11012,SOUTH,1,5,7,1941,0,0,0,,0,006,"W ANAHEIM ST","LA BREA",0.00,,Y,A,-,N,,,,,,,,,,N,4,0,1,2,A,-,12,21453,A,F,D,G,A,A,H,-,A,A,0,,Y,,,Y,,A,01,0,0,1,0,0,0,1,0,0,"- ","- ",33.782600402832031,-118.19937896728516,"LOS ANGELES","LONG BEACH",-118.20751953125,33.782669067382812
81997740,2023,2023-02-20,1955,2023-02-04,1624,40624,10,6,5,6,1955,0,0,0,,0,003,"PALOMARES ST","PEARL ST",0.00,,Y,A,-,N,,,,,,,,,,N,3,0,1,2,A,-,09,21802,A,F,D,G,A,A,H,-,A,A,0,,Y,,,Y,,A,01,0,1,0,0,0,0,1,0,0,"- ","- ",34.064510345458984,-117.7459716796875,"LOS ANGELES",POMONA,-117.74602508544922,34.064495086669922
82074827,2023,2023-05-23,1969,2023-04-15,0805,10245,PATRO,6,5,5,1969,0,0,0,,0,003,"SAN CARLOS AV","FILESTONE BLVD",0.00,,Y,A,-,N,,,,,,,,,,N,4,0,1,2,A,-,05,21650,,N,B,G,A,A,H,-,A,D,0,,Y,,,Y,Y,L,04,0,0,1,0,0,0,1,0,0,"- ","- ",33.9539794921875,-118.20369720458984,"LOS ANGELES","SOUTH GATE",-118.20374298095703,33.953929901123047
9563840,2023,2023-06-02,1910,2023-03-13,1257,03438,,1,5,4,1910,0,0,0,,0,004,"N CRESCENT DR","ELEVADO AV",0.00,,Y,A,-,N,,,,,,,,,,N,4,0,1,2,A,-,12,22450,A,N,A,C,A,A,H,-,A,A,0,,Y,,,Y,,A,01,0,0,1,0,0,0,1,0,0,"- ","- ",,,"LOS ANGELES","BEVERLY HILLS",-118.40664672851562,34.079158782958984
9592088,2023,2023-07-24,1907,2023-04-06,0725,249,1,4,5,4,1907,0,0,0,,0,,"FLORENCE AV","SAN LUIS AV",87.00,E,N,A,-,N,,,,,,,,,,N,4,0,1,2,A,-,09,21804,,N,H,G,A,A,H,-,A,A,0,,Y,,,Y,,A,01,0,0,1,0,0,0,1,0,0,"- ","- ",33.971000671386719,-118.19757080078125,"LOS ANGELES",BELL,-118.19760894775391,33.971324920654297
9599391,2023,2023-08-01,1942,2023-06-24,1420,40700,0329,6,5,7,1942,0,0,0,C,0,31MQ4,"FIGUEROA ST","30TH ST",0.00,,Y,A,-,N,,,,,,,,,,N,3,0,1,2,A,-,05,21650,1,F,D,G,A,A,H,-,A,A,0,,Y,,,Y,,-,99,0,1,0,0,0,0,1,0,0,"- ","- ",,,"LOS ANGELES","LOS ANGELES",-118.27799987792969,34.025058746337891
9599642,2023,2023-07-27,1942,2023-07-06,0625,43477,1258,4,5,7,1942,0,0,0,L,0,25T21,"MAIN ST","79TH ST",150.00,N,N,A,-,N,,,,,,,,,,N,3,0,1,2,A,-,00,21760,C,F,B,G,A,A,H,-,A,D,0,,Y,,,Y,,-,99,0,1,0,0,0,0,1,0,0,"- ","- ",,,"LOS ANGELES","LOS ANGELES",-118.27391052246094,33.968299865722656
9619184,2023,2023-12-20,1942,2023-02-28,0815,41116,0667,2,5,7,1942,0,0,0,F,0,27T25,"BRONSON AV","SANTA MONICA BL",8.00,N,N,A,-,N,,,,,,,,,,N,3,0,1,2,A,-,09,21804,A,N,H,G,A,B,H,-,A,A,0,,Y,,,Y,,L,04,0,1,0,0,0,0,1,0,0,"- ","- ",,,"LOS ANGELES","LOS ANGELES",-118.31794738769531,34.090770721435547
82200881,2023,2023-10-17,1973,2023-08-30,0659,660,1973,3,5,1,1973,0,0,0,,0,001,"E VERNON AVE","S ALAMEDA ST (EAST)",55.00,E,N,A,-,N,,,,,,,,,,N,4,0,1,2,A,-,08,22107,,N,B,G,A,A,H,-,A,A,0,,Y,,,Y,,L,04,0,0,1,0,0,0,1,0,0,"- ","- ",34.003929138183594,-118.23889923095703,"LOS ANGELES",VERNON,-118.23899841308594,34.003929138183594
92075076,2023,2023-05-23,9530,2023-05-09,0745,021004,,2,1,9,1900,0,3,5,,2,002,"COMPTON BLVD (800 BLOCK)","STANFORD AVE",900.00,W,N,A,-,N,,,,,,,,,,N,4,0,1,2,A,-,09,21804,A,F,D,G,A,A,H,-,A,D,0,,Y,,,Y,,-,99,0,0,1,0,0,0,1,0,0,"- ","- ",33.895401000976562,-118.26217651367188,"LOS ANGELES",UNINCORPORATED,-118.26335906982422,33.895252227783203
9549597,2023,2023-03-17,1900,2023-03-05,1436,631573,1618,7,5,5,1977,0,0,0,,0,167A1,"CARSON ST","RAVENNA AV",0.00,,Y,B,-,N,,,,,,,,,,N,4,0,1,2,A,-,09,21802,A,N,H,G,A,A,H,-,A,D,0,,Y,,,Y,,D,22,0,0,1,0,0,0,1,0,0,"- ","- ",33.831550598144531,-118.26907348632812,"LOS ANGELES",CARSON,-118.26908111572266,33.831592559814453
9627589,2023,2023-10-06,1900,2023-09-24,1145,519514,2611,7,5,6,1950,0,0,0,,0,264T1,"5TH ST EAST","AVENUE R",60.00,S,N,A,-,N,,,,,,,,,,N,3,0,1,2,D,-,00,,,N,C,G,A,A,H,-,A,D,0,,Y,,,Y,,-,"- ",0,1,0,0,0,0,1,0,0,"- ","- ",34.572299957275391,-118.12059783935547,"LOS ANGELES",PALMDALE,-118.12051391601562,34.572406768798828
9679276,2023,2024-03-14,1942,2023-05-29,1305,41671,1434,1,5,7,1942,0,0,0,N,0,27T44,"VENICE BL","COLONIAL AV",65.00,W,N,B,-,N,,,,,,,,,,N,2,0,1,2,A,-,03,22350,,N,H,G,A,A,H,-,A,A,0,,Y,,,Y,,L,04,1,0,0,0,0,0,1,0,0,"- ","- ",,,"LOS ANGELES","LOS ANGELES",-118.43473052978516,34.003189086914062
9702251,2023,2024-07-17,1941,2023-09-14,1705,10050,EAST,4,5,7,1941,0,0,0,,0,014,"LAKEWOOD BL","OUTER TRAFFIC CIR",0.00,,Y,A,-,N,,,,,,,,,,N,3,0,1,2,D,-,00,,,N,D,G,A,A,H,-,A,A,0,,Y,,,Y,,-,"- ",0,1,0,0,0,0,1,0,0,"- ","- ",,,"LOS ANGELES","LONG BEACH",-118.14273071289062,33.791526794433594
82232791,2023,2023-11-13,1923,2023-09-23,0907,531,204,6,5,3,1923,0,0,0,,0,3L2D,"IMPERIAL HWY","PACIFIC COAST HIGHWAY",0.00,,Y,A,-,N,,,,,,,,,,N,3,0,1,2,A,-,11,21456,A,N,D,G,A,A,H,-,A,A,0,,Y,,,Y,,L,04,0,1,0,0,0,0,1,0,0,"- ","- ",33.930931091308594,-118.39608001708984,"LOS ANGELES","EL SEGUNDO",-118.396240234375,33.930873870849609
9558807,2023,2023-03-29,1942,2023-01-07,1230,44707,0638,6,5,7,1942,0,0,0,F,0,6A15,"HOLLYWOOD BL","RT 101",0.00,,Y,A,-,Y,LA,7,101,-,-,6.584,R,4,N,N,3,0,1,2,A,-,08,22100,A,F,H,G,A,A,H,-,A,D,0,,Y,,,Y,,-,99,0,1,0,0,0,0,1,0,0,"- ",NO,,,"LOS ANGELES","LOS ANGELES",-118.31716918945312,34.102531433105469
9582460,2023,2023-07-05,1941,2023-05-10,1412,10125,NORTH,3,5,7,1941,0,0,0,,0,023,"ATLANTIC AV","RT 91",0.00,,Y,A,-,Y,LA,7,91,-,R,12.024,R,4,W,N,2,0,1,2,A,-,12,21453,A,F,D,G,A,A,H,-,A,A,0,,Y,,Y,Y,,L,04,1,0,0,0,0,0,1,0,0,"- ","- ",33.876960754394531,-118.18607330322266,"LOS ANGELES","LONG BEACH",-118.18747711181641,33.876895904541016
9591511,2023,2023-07-05,1900,2023-01-04,1000,606099,0972,3,5,4,1979,0,0,0,,0,92T3,"ROBERTSON BL","BEVERLY BL",0.00,,Y,C,-,N,,,,,,,,,,N,4,0,1,2,-,-,"- ",,,N,A,G,A,B,H,-,A,A,0,,Y,,,Y,,-,"- ",0,0,1,0,0,0,1,0,0,"- ","- ",34.077079772949219,-118.38372039794922,"LOS ANGELES","WEST HOLLYWOOD",-118.38372039794922,34.077205657958984
9594601,2023,2023-06-30,1941,2023-04-27,1440,5761,00,4,5,7,1941,0,0,0,,0,007,"E ANAHEIM ST","LEMON AV",0.00,,Y,A,-,N,,,,,,,,,,N,2,0,1,2,A,-,03,22350,,F,H,G,A,A,H,-,A,A,0,,Y,,,Y,Y,A,01,1,0,0,0,0,0,1,0,0,"- ","- ",33.782611846923828,-118.17903137207031,"LOS ANGELES","LONG BEACH",-118.17903900146484,33.782608032226562
9748100,2023,2024-11-01,1941,2023-12-22,1100,10537,SOUTH,5,5,7,1941,0,0,0,,0,007,"ALAMO CT","ANAHEIM ST",0.00,,Y,A,-,N,,,,,,,,,,N,3,0,1,2,A,-,09,21802,A,F,D,G,A,A,H,-,A,D,0,,Y,,,Y,,D,22,0,1,0,0,0,0,1,0,0,"- ","- ",33.782421112060547,-118.18892669677734,"LOS ANGELES","LONG BEACH",-118.18865966796875,33.782615661621094
82153969,2023,2023-08-25,1965,2023-07-24,1850,3553,0B2C,1,5,5,1965,0,0,0,,0,B002,"PICO BLVD","21ST ST (W)",30.00,E,N,A,-,N,,,,,,,,,,N,3,0,1,2,A,-,05,21650,1,N,H,G,A,A,H,-,A,A,0,,Y,,,Y,,L,04,0,1,0,0,0,0,1,0,0,"- ","- ",,,"LOS ANGELES","SANTA MONICA",-118.46843719482422,34.020015716552734
9547554,2023,2023-04-17,1900,2023-02-13,0925,534558,0541,1,5,3,1921,0,0,0,,0,58T1AM,"HIGHLAND AV","CENTRAL AV",58.00,S,N,A,-,N,,,,,,,,,,N,2,0,1,2,A,-,08,22107,,N,D,G,A,A,H,-,A,D,0,,Y,,,Y,,L,04,1,0,0,0,0,0,1,0,0,"- ","- ",34.135841369628906,-117.96666717529297,"LOS ANGELES",DUARTE,-117.96662139892578,34.135890960693359
9599856,2023,2023-08-11,1900,2023-07-10,1312,619464,2914,1,5,4,1974,0,0,0,,0,291/D,"PIERRE RD","VEJAR RD",807.00,S,N,A,-,N,,,,,,,,,,N,3,0,1,2,A,-,09,21804,A,N,G,B,A,A,H,-,A,D,0,,Y,,,Y,,L,04,0,1,0,0,0,0,1,0,0,"- ","- ",34.019210815429688,-117.85063171386719,"LOS ANGELES",WALNUT,-117.85062408447266,34.019077301025391
9622905,2023,2024-01-17,1920,2023-10-19,1728,13635,1920,4,5,6,1920,0,0,0,,0,006,"FIRESTONE BL","NASH AV",403.00,W,N,A,-,N,,,,,,,,,,N,2,0,1,3,A,-,09,21804,A,N,G,B,A,A,H,-,A,D,0,,Y,,,Y,,L,04,1,0,0,0,0,0,1,0,0,"- ","- ",,,"LOS ANGELES",DOWNEY,-118.12604522705078,33.936508178710938
9662359,2023,2024-02-12,1942,2023-12-11,0605,42818,1738,1,5,7,1942,0,0,0,Q,0,26TL28,"WOODLEY AV","HORACE ST",268.00,S,N,A,-,N,,,,,,,,,,N,2,0,1,1,D,-,00,,,N,H,A,A,A,H,-,B,A,0,,Y,,,Y,,-,"- ",1,0,0,0,0,0,1,0,0,"- ","- ",,,"LOS ANGELES","LOS ANGELES",-118.48473358154297,34.269195556640625
81998104,2023,2023-02-20,1965,2023-01-13,1610,4053,0B3C,5,5,5,1965,0,0,0,,0,B003,"OLYMPIC BLVD","18TH ST",82.00,E,N,A,-,N,,,,,,,,,,N,4,0,1,2,A,-,17,22517,,N,B,G,A,A,H,-,A,A,0,,Y,,,Y,,A,01,0,0,1,0,0,0,1,0,0,"- ","- ",,,"LOS ANGELES","SANTA MONICA",-118.47667694091797,34.022987365722656
82112638,2023,2023-07-10,1922,2023-05-25,2327,687,,4,5,6,1922,0,0,0,,0,003,"NEVADA AVE","GARVEY AVE",1.00,N,N,A,-,N,,,,,,,,,,N,3,0,1,2,A,-,05,21650,1,N,D,G,A,A,H,-,C,D,0,,Y,,,Y,,L,04,0,1,0,0,0,0,1,0,0,"- ","- ",34.062969207763672,-118.03701782226562,"LOS ANGELES","EL MONTE",-118.03700256347656,34.062843322753906
82119353,2023,2023-07-18,1909,2023-07-08,1446,622,1909,6,5,4,1909,0,0,0,,0,"NORTH ","FLORENCE PL","GRANGER AV",0.00,,Y,A,-,N,,,,,,,,,,N,3,0,1,2,A,-,12,22450,A,F,D,G,A,A,H,-,A,A,0,,Y,,,Y,,A,01,0,1,0,0,0,0,1,0,0,"- ","- ",33.966220855712891,-118.14962005615234,"LOS ANGELES","BELL GARDENS",-118.14964294433594,33.966217041015625
92138657,2023,2023-08-08,9580,2023-07-30,1330,022755,,7,1,7,1942,0,1,3,,1,120,"SR-1 S/B (PACIFIC COAST HWY.)","COASTLINE DR",800.00,N,N,A,-,Y,LA,,1,,,40.380,H,,L,N,3,0,1,2,A,-,08,22107,,N,B,G,A,A,H,-,A,D,0,,Y,,,Y,,A,01,0,1,0,0,0,0,1,0,0,"- ","- ",34.041450500488281,-118.57295227050781,"LOS ANGELES","LOS ANGELES",-118.57295989990234,34.041469573974609
9547571,2023,2023-03-09,1931,2023-01-29,1130,5563,1931,7,5,5,1931,0,0,0,,0,003,"SATURN AV","MIDDLETON ST",88.00,E,N,B,-,N,,,,,,,,,,N,4,0,1,2,A,-,21,22106,,N,D,-,A,A,H,-,A,D,0,,Y,,,Y,,A,01,0,0,1,0,0,0,1,0,0,"- ","- ",,,"LOS ANGELES","HUNTINGTON PARK",-118.22871398925781,33.976924896240234
9611346,2023,2023-09-21,1913,2023-07-28,2100,4019,46,5,5,4,1913,0,0,0,,0,,"BASELINE RD","SUMNER AV",140.00,W,N,A,-,N,,,,,,,,,,N,2,0,1,1,D,-,00,,,N,F,A,A,A,H,-,C,D,0,,Y,,,Y,,-,"- ",1,0,0,0,0,0,1,0,0,"- ","- ",,,"LOS ANGELES",CLAREMONT,-117.73863983154297,34.121620178222656
9633555,2023,2023-11-08,1900,2023-08-11,2217,660087,1618,5,5,5,1977,0,0,0,,0,163,"CARSON ST","GRACE ST",60.00,W,N,A,-,N,,,,,,,,,,N,3,0,1,2,A,-,00,21760,A,M,B,G,A,A,H,-,C,D,0,,Y,,,Y,,A,01,0,1,0,0,0,0,1,0,0,"- ","- ",33.831729888916016,-118.26873779296875,"LOS ANGELES",CARSON,-118.26820373535156,33.831588745117188
9679014,2023,2024-03-09,1941,2023-08-23,1650,11801E,EAST,3,5,7,1941,0,0,0,,0,010,"BAY SHORE AV","EAST 2ND ST",0.00,,Y,A,-,N,,,,,,,,,,N,3,0,1,2,A,-,08,22107,,N,H,G,A,A,H,-,A,A,0,,Y,,,Y,,A,01,0,1,0,0,0,0,1,0,0,"- ","- ",33.758251190185547,-118.13104248046875,"LOS ANGELES","LONG BEACH",-118.13018798828125,33.758281707763672
82107840,2023,2023-07-03,1923,2023-06-08,1653,520,309,4,5,3,1923,0,0,0,,0,003,"GRAND AVE","CONTINENTAL BLVD",476.00,E,N,A,-,N,,,,,,,,,,N,3,0,1,2,A,-,09,21804,A,N,D,G,A,A,H,-,A,D,0,,Y,,,Y,,A,07,0,1,0,0,0,0,1,0,0,"- ","- ",33.919410705566406,-118.39086151123047,"LOS ANGELES","EL SEGUNDO",-118.38943481445312,33.919445037841797
92175017,2023,2023-09-20,9525,2023-09-08,0954,018357,,5,1,9,1900,0,3,5,,2,005,"GLENDORA MOUNTAIN RD.","BIG DALTON CANYON RD.",15840.00,N,N,A,-,N,,,,,,,,,,N,2,0,1,2,A,-,06,21750,,F,B,G,A,A,H,-,A,D,0,,Y,Y,,Y,,C,02,1,0,0,0,0,0,1,0,0,"- ","- ",34.169971466064453,-117.84729766845703,"LOS ANGELES",UNINCORPORATED,-117.84536743164062,34.169593811035156
92281393,2023,2024-01-08,9530,2023-12-22,2045,023237,,5,2,9,1900,0,3,5,,2,001,"HOOPER AVE.","FIRESTONE BLVD.",5.00,S,N,A,-,N,,,,,,,,,,N,3,0,1,2,A,-,03,22350,,N,D,G,A,A,H,-,C,A,0,,Y,,,Y,,L,04,0,1,0,0,0,0,1,0,0,"- ","- ",33.960041046142578,-118.25398254394531,"LOS ANGELES",UNINCORPORATED,-118.2540283203125,33.960136413574219
9562226,2023,2023-04-20,1956,2023-03-08,0848,1335,17,3,5,5,1956,0,0,0,,0,001,"FRANCISCA AV","EMERALD ST",10.00,N,N,A,-,N,,,,,,,,,,N,4,0,1,2,A,-,08,22107,,N,D,G,A,A,H,-,A,D,0,,Y,,,Y,,L,04,0,0,1,0,0,0,1,0,0,"- ","- ",33.842128753662109,-118.384521484375,"LOS ANGELES","REDONDO BEACH",-118.38449096679688,33.842178344726562
9594635,2023,2023-06-30,1920,2023-03-14,0753,14511,1920,2,5,6,1920,0,0,0,,0,004,"FLORENCE AV","ARRINGTON AV",200.00,E,N,C,-,N,,,,,,,,,,N,4,0,1,2,A,-,09,21804,A,N,H,G,A,B,H,-,A,D,0,,Y,,,Y,,A,01,0,0,1,0,0,0,1,0,0,"- ","- ",,,"LOS ANGELES",DOWNEY,-118.11549377441406,33.9466552734375
9607175,2023,2023-10-02,1900,2023-08-13,1804,625433,0453,7,5,6,1949,0,0,0,,0,45T1P,"ROSECRANS AV","ELMCROFT AV",55.00,W,N,A,-,N,,,,,,,,,,N,4,0,1,2,A,-,05,21650,1,N,D,G,A,A,H,-,A,D,0,,Y,,,Y,,L,04,0,0,1,0,0,0,1,0,0,"- ","- ",,,"LOS ANGELES",NORWALK,-118.09587097167969,33.902069091796875
9622439,2023,2023-12-14,1942,2023-10-13,0825,44844,1756,5,5,7,1942,0,0,0,Q,0,26TL19,"DEVONSHIRE ST","BALBOA BL",50.00,W,N,A,-,N,,,,,,,,,,Y,2,0,1,2,A,-,09,21801,A,N,D,G,A,A,H,-,A,D,0,,Y,,,Y,,A,07,1,0,0,0,0,0,1,0,0,"- ","- ",,,"LOS ANGELES","LOS ANGELES",-118.50249481201172,34.257534027099609
9656386,2023,2024-03-28,1900,2023-11-19,1442,648076,1349,7,5,3,1903,0,0,0,,0,134A,"188TH ST","ALBURTIS AV",0.00,,Y,A,-,N,,,,,,,,,,N,4,0,1,2,A,-,12,22450,,N,D,-,A,A,H,-,C,A,0,,Y,,,Y,,L,04,0,0,1,0,0,0,1,0,0,"- ","- ",,,"LOS ANGELES",ARTESIA,-118.08464813232422,33.85992431640625