CASE_ID,ACCIDENT_YEAR,PROC_DATE,JURIS,COLLISION_DATE,COLLISION_TIME,OFFICER_ID,REPORTING_DISTRICT,DAY_OF_WEEK,CHP_SHIFT,POPULATION,CNTY_CITY_LOC,SPECIAL_COND,BEAT_TYPE,CHP_BEAT_TYPE,CITY_DIVISION_LAPD,CHP_BEAT_CLASS,BEAT_NUMBER,PRIMARY_RD,SECONDARY_RD,DISTANCE,DIRECTION,INTERSECTION,WEATHER_1,WEATHER_2,STATE_HWY_IND,CALTRANS_COUNTY,CALTRANS_DISTRICT,STATE_ROUTE,ROUTE_SUFFIX,POSTMILE_PREFIX,POSTMILE,LOCATION_TYPE,RAMP_INTERSECTION,SIDE_OF_HWY,TOW_AWAY,COLLISION_SEVERITY,NUMBER_KILLED,NUMBER_INJURED,PARTY_COUNT,PRIMARY_COLL_FACTOR,PCF_CODE_OF_VIOL,PCF_VIOL_CATEGORY,PCF_VIOLATION,PCF_VIOL_SUBSECTION,HIT_AND_RUN,TYPE_OF_COLLISION,MVIW,PED_ACTION,ROAD_SURFACE,ROAD_COND_1,ROAD_COND_2,LIGHTING,CONTROL_DEVICE,CHP_ROAD_TYPE,PEDESTRIAN_ACCIDENT,BICYCLE_ACCIDENT,MOTORCYCLE_ACCIDENT,TRUCK_ACCIDENT,NOT_PRIVATE_PROPERTY,ALCOHOL_INVOLVED,STWD_VEHTYPE_AT_FAULT,CHP_VEHTYPE_AT_FAULT,COUNT_SEVERE_INJ,COUNT_VISIBLE_INJ,COUNT_COMPLAINT_PAIN,COUNT_PED_KILLED,COUNT_PED_INJURED,COUNT_BICYCLIST_KILLED,COUNT_BICYCLIST_INJURED,COUNT_MC_KILLED,COUNT_MC_INJURED,PRIMARY_RAMP,SECONDARY_RAMP,LATITUDE,LONGITUDE,COUNTY,CITY,POINT_X,POINT_Y
9682639,2023,2024-05-29,1941,2023-10-16,0800,11661,SOUTH,1,5,7,1941,0,0,0,,0,008,"EAST 7TH ST","FRONTENAC AV",0.00,,Y,A,-,N,,,,,,,,,,N,2,0,1,2,D,-,00,,,F,H,G,A,A,H,-,A,D,0,,Y,,,Y,,-,"- ",1,0,0,0,0,0,1,0,0,"- ","- ",33.775341033935547,-118.18701934814453,"LOS ANGELES","LONG BEACH",-118.18701934814453,33.775344848632812
82051021,2023,2023-04-27,1922,2023-03-22,0851,620,,3,5,6,1922,0,0,0,,0,002,"LA MADERA AVE","RANCHITO ST",0.00,,Y,C,-,N,,,,,,,,,,N,3,0,1,2,A,-,09,21802,A,N,D,G,A,B,H,-,A,A,0,,Y,,,Y,,-,"- ",0,1,0,0,0,0,1,0,0,"- ","- ",34.087390899658203,-118.01036071777344,"LOS ANGELES","EL MONTE",-118.01032257080078,34.087230682373047
82191524,2023,2023-10-05,1948,2023-09-12,1833,467,1948,2,5,5,1948,0,0,0,,0,002,"GARVEY AV","ORANGE AV (E)",0.00,,Y,A,-,N,,,,,,,,,,N,3,0,1,2,A,-,12,21453,A,F,H,G,A,A,H,-,B,A,0,,Y,,,Y,,A,01,0,1,0,0,0,0,1,0,0,"- ","- ",34.062580108642578,-118.11244964599609,"LOS ANGELES","MONTEREY PARK",-118.11244201660156,34.062488555908203
82193839,2023,2023-10-09,1912,2023-08-29,1344,13377,,2,5,6,1912,0,0,0,,0,,"CLARK AVENUE","BEACHWOOD DRIVE",0.00,,Y,A,-,N,,,,,,,,,,N,3,0,1,2,A,-,06,21750,A,N,D,G,A,A,H,-,A,D,0,,Y,,,Y,,L,04,0,1,0,0,0,0,1,0,0,"- ","- ",,,"LOS ANGELES",BURBANK,-118.32292938232422,34.171920776367188
92119943,2023,2023-07-18,9575,2023-07-06,1720,023236,,4,2,9,1900,0,1,3,,2,300,"SR-2 (ANGELES CREST HIGHWAY)","HOYT MTN RD.",2300.00,E,N,A,-,Y,LA,,2,,,30.979,H,,R,Y,4,0,2,4,A,-,08,22107,,N,B,C,A,A,H,-,A,D,0,,Y,,,Y,,A,01,0,0,2,0,0,0,1,0,0,"- ","- ",34.263050079345703,-118.18724822998047,"LOS ANGELES",UNINCORPORATED,-118.18723297119141,34.263019561767578
9464283,2023,2023-04-18,1942,2023-03-04,0040,43432,0558,6,5,7,1942,0,0,0,E,0,25T33-,"PACIFIC AV","CHANNEL ST",481.00,S,N,A,-,N,,,,,,,,,,N,1,1,0,2,A,-,03,22350,,F,C,G,A,A,H,-,C,D,0,,Y,,,Y,,-,99,0,0,0,0,0,1,0,0,0,"- ","- ",,,"LOS ANGELES","LOS ANGELES",-118.28987121582031,33.752677917480469
9546696,2023,2023-02-24,1900,2023-01-27,0803,602256,1260,5,5,3,1991,0,0,0,,0,121T1,"FOOTHILL BL","OCEAN VIEW BL",0.00,,Y,A,-,N,,,,,,,,,,N,4,0,1,2,A,-,04,21703,,N,C,G,A,A,H,-,A,A,0,,Y,,,Y,,A,07,0,0,1,0,0,0,1,0,0,"- ","- ",34.217231750488281,-118.22781372070312,"LOS ANGELES","LA CANADA-FLINTRIDGE",-118.22783660888672,34.217243194580078
9555209,2023,2023-04-07,1942,2023-01-25,0650,41116,0838,3,5,7,1942,0,0,0,H,0,27T25,"LEVERING AV","LE CONTE AV",96.00,N,N,A,-,N,,,,,,,,,,Y,3,0,1,2,A,-,09,21801,,N,H,G,A,A,H,-,A,D,0,,Y,,,Y,,A,01,0,1,0,0,0,0,1,0,0,"- ","- ",,,"LOS ANGELES","LOS ANGELES",-118.44935607910156,34.063835144042969
9578539,2023,2023-05-22,1942,2023-04-24,0910,40024,0152,1,5,7,1942,0,0,0,A,0,24MQ53,"6TH ST","OLIVE ST",8.00,W,N,A,-,N,,,,,,,,,,N,4,0,1,2,A,-,17,21657,,F,B,G,A,A,H,-,A,D,0,,Y,,,Y,,L,04,0,0,1,0,0,0,1,0,0,"- ","- ",,,"LOS ANGELES","LOS ANGELES",-118.25421905517578,34.048053741455078
9601186,2023,2023-08-14,1900,2023-06-27,1210,618405,0454,2,5,6,1949,0,0,0,,0,43T1,"IMPERIAL HWY","BLOOMFIELD AV",390.00,W,N,A,-,N,,,,,,,,,,N,3,0,1,2,A,-,09,21804,A,N,D,G,A,A,H,-,A,D,0,,Y,,,Y,,A,01,0,1,0,0,0,0,1,0,0,"- ","- ",,,"LOS ANGELES",NORWALK,-118.06517791748047,33.917098999023438
9609155,2023,2023-08-29,1900,2023-07-28,0949,476466,0610,5,5,6,1985,0,0,0,,0,61T1,"RAINBOW GLEN DR","SOLEDAD CANYON RD",0.00,,Y,A,-,N,,,,,,,,,,N,3,0,1,2,A,-,08,22107,,N,D,G,A,A,H,-,A,A,0,,Y,,,Y,,A,01,0,1,0,0,0,0,1,0,0,"- ","- ",34.420810699462891,-118.49002838134766,"LOS ANGELES","SANTA CLARITA",-118.49025726318359,34.421607971191406
9621402,2023,2023-12-13,1902,2023-10-23,0830,838,25,1,5,5,1902,0,0,0,,0,004,"DUARTE RD","PARK AV",0.00,,Y,A,-,N,,,,,,,,,,N,3,0,1,2,A,-,05,21202,A,N,A,G,A,A,H,-,A,D,0,,Y,,,Y,,L,04,0,1,0,0,0,0,1,0,0,"- ","- ",,,"LOS ANGELES",ARCADIA,-118.04106140136719,34.128082275390625
9624464,2023,2023-09-21,1942,2023-06-18,2230,39151,1842,7,5,7,1942,0,0,0,R,0,25T31,"IMPERIAL HWY","MAIN ST",180.00,W,N,A,-,N,,,,,,,,,,N,4,0,1,2,A,-,05,21651,B,F,A,G,A,A,H,-,C,D,0,,Y,,,Y,,L,04,0,0,1,0,0,0,1,0,0,"- ","- ",,,"LOS ANGELES","LOS ANGELES",-118.41656494140625,33.931289672851562
9656597,2023,2024-02-16,1972,2023-12-13,1551,23032,,3,5,6,1972,0,0,0,,0,,"PACIFIC COAST HWY","OCEAN AV",0.00,,Y,A,-,Y,LA,7,1,-,-,16.251,I,5,S,N,3,0,1,2,A,-,09,21801,A,N,D,G,A,A,H,-,A,D,0,,Y,,,Y,,A,,0,1,0,0,0,0,1,0,0,"- ","- ",,,"LOS ANGELES",TORRANCE,-118.35445404052734,33.806293487548828
9712057,2023,2024-09-23,1900,2023-11-11,1955,646036,2813,6,5,5,1915,0,0,0,,0,283T2,"138TH ST","WILMINGTON AV",0.00,,N,A,-,N,,,,,,,,,,N,3,0,1,2,D,-,00,,,N,D,G,A,A,H,-,C,D,0,,Y,,,Y,,-,"- ",0,1,0,0,0,0,1,0,0,"- ","- ",33.905899047851562,-118.23854827880859,"LOS ANGELES",COMPTON,-118.23911285400391,33.906330108642578
82354523,2023,2024-04-03,1955,2023-09-27,0815,42314,,3,5,6,1955,0,0,0,,0,001,"VALLEY BLVD","DUPONT ST",6.00,E,N,A,-,N,,,,,,,,,,N,3,0,1,2,A,-,09,21804,A,N,D,G,A,A,H,-,A,A,0,,Y,,,Y,,A,01,0,1,0,0,0,0,1,0,0,"- ","- ",34.059680938720703,-117.80129241943359,"LOS ANGELES",POMONA,-117.80130767822266,34.059650421142578
9470404,2023,2023-10-25,1942,2023-09-19,0028,44605,1132,2,5,7,1942,0,0,0,K,0,11A51,"N COMMONWEALTH AV","LOS FELIZ BL",3.00,N,N,A,-,N,,,,,,,,,,N,4,0,1,2,A,-,10,21950,,N,D,-,A,A,H,-,C,A,0,,Y,,,Y,,A,01,0,0,1,0,0,0,1,0,0,"- ","- ",,,"LOS ANGELES","LOS ANGELES",-118.2852783203125,34.112277984619141
9585165,2023,2023-05-23,1900,2023-04-28,1359,655860,1611,5,5,5,1977,0,0,0,,0,164T,"WALNUT ST","AVALON BL",15.00,E,N,A,-,N,,,,,,,,,,N,4,0,1,2,A,-,05,21650,1,N,D,G,A,A,H,-,A,A,0,,Y,,,Y,,L,04,0,0,1,0,0,0,1,0,0,"- ","- ",33.875961303710938,-118.26516723632812,"LOS ANGELES",CARSON,-118.26556396484375,33.875797271728516
9590447,2023,2023-07-03,1941,2023-04-05,1354,11805,SOUTH,3,5,7,1941,0,0,0,,0,008,"E BROADWAY","ORANGE AV",0.00,,Y,A,-,N,,,,,,,,,,N,3,0,1,2,A,-,08,22107,,N,G,G,A,A,H,-,A,A,0,,Y,,,Y,,A,01,0,1,0,0,0,0,1,0,0,"- ","- ",33.768459320068359,-118.17682647705078,"LOS ANGELES","LONG BEACH",-118.17684173583984,33.768451690673828
9609976,2023,2023-08-18,1900,2023-07-12,1215,404918,1810,3,5,2,1904,0,0,0,,0,184B,"SUMNER AV","BEACON ST",500.00,S,N,A,-,N,,,,,,,,,,N,3,0,1,2,A,-,08,22100,A,N,B,G,A,A,H,-,A,D,0,,Y,,,Y,,L,04,0,1,0,0,0,0,1,0,0,"- ","- ",33.343521118164062,-118.32630157470703,"LOS ANGELES",AVALON,-118.32861328125,33.341026306152344
9625144,2023,2023-10-12,1976,2023-07-14,1930,560,,5,5,5,1976,0,0,0,,0,002,"WHITTIER BL","PAINTER AV",0.00,,Y,A,-,Y,LA,7,72,-,-,3.650,I,5,N,N,4,0,1,2,A,-,08,22107,,F,H,G,A,A,H,-,A,A,0,,Y,,,Y,Y,A,01,0,0,1,0,0,0,1,0,0,"- ","- ",,,"LOS ANGELES",WHITTIER,-118.0328369140625,33.963275909423828
9682983,2023,2024-07-03,1900,2023-12-09,0915,645632,0333,6,5,4,1939,0,0,0,,0,035,"GREVILLEA AV","168TH ST",0.00,,Y,A,-,N,,,,,,,,,,N,2,0,1,2,A,-,12,22450,A,N,H,G,A,A,H,-,A,A,0,,Y,,,Y,,M,91,1,0,0,0,0,0,1,0,0,"- ","- ",33.878520965576172,-118.3548583984375,"LOS ANGELES",LAWNDALE,-118.35484313964844,33.878501892089844
9553020,2023,2023-04-06,1953,2023-02-03,1048,6878,1953,5,5,6,1953,0,0,0,,0,1A12,"N ARROYO BL","SECO ST",540.00,S,N,A,-,N,,,,,,,,,,N,3,0,1,2,A,-,09,21801,,N,D,G,A,A,H,-,A,-,0,,Y,,,Y,,A,01,0,1,0,0,0,0,1,0,0,"- ","- ",,,"LOS ANGELES",PASADENA,-118.16712188720703,34.154781341552734
9553404,2023,2023-03-08,1942,2023-01-23,1020,37393,0378,1,5,7,1942,0,0,0,C,0,25T21,"MARTIN LUTHER KING BL","MENLO AV",0.00,,Y,A,-,N,,,,,,,,,,Y,2,0,1,2,A,-,12,21453,A,F,D,G,A,A,H,-,A,A,0,,Y,,,Y,,L,04,1,0,0,0,0,0,1,0,0,"- ","- ",,,"LOS ANGELES","LOS ANGELES",-118.28998565673828,34.010936737060547
9592238,2023,2023-06-26,1900,2023-05-04,2050,624837,2116,4,5,5,1943,0,0,0,,0,212T2,"LONG BEACH BL","BURTON AV",107.00,S,N,A,-,N,,,,,,,,,,N,3,0,1,2,A,-,21,22106,,F,A,G,A,A,H,-,C,D,0,,Y,,,Y,,A,01,0,1,0,0,0,0,1,0,0,"- ","- ",,,"LOS ANGELES",LYNWOOD,-118.20933532714844,33.915576934814453
9615686,2023,2023-09-29,1942,2023-08-16,2100,44278,1127,3,5,7,1942,0,0,0,K,0,11A25W,"YORK BL","FIGUEROA ST",100.00,E,N,A,-,N,,,,,,,,,,N,3,0,1,2,A,-,08,22107,,M,A,G,A,A,H,-,C,-,0,,Y,,,Y,,-,99,0,1,0,0,0,0,1,0,0,"- ","- ",,,"LOS ANGELES","LOS ANGELES",-118.18405151367188,34.115364074707031
9624343,2023,2023-10-03,1942,2023-08-27,1650,42011,1267,7,5,7,1942,0,0,0,L,0,25MX89,BROADWAY,"83RD ST",0.00,,Y,A,-,N,,,,,,,,,,N,3,0,1,2,A,-,11,21456,B,N,-,G,A,A,H,-,A,A,0,,Y,,,Y,,L,04,0,1,0,0,0,0,1,0,0,"- ","- ",,,"LOS ANGELES","LOS ANGELES",-118.27830505371094,33.96417236328125
9641437,2023,2023-12-05,1900,2023-10-12,1715,658894,0261,4,5,4,1917,0,0,0,,0,26T,"LIVE OAK ST","ATLANTIC AV",5.00,E,N,A,-,N,,,,,,,,,,N,3,0,1,2,A,-,09,21801,,N,-,G,A,A,H,-,A,A,0,,Y,,,Y,,A,07,0,1,0,0,0,0,1,0,0,"- ","- ",,,"LOS ANGELES",CUDAHY,-118.18759155273438,33.967948913574219
82042792,2023,2023-04-12,1933,2023-04-10,1513,812,14,1,5,6,1933,0,0,0,,0,002,"ARBOR VITAE ST","HINDRY AV",45.00,E,N,A,-,N,,,,,,,,,,N,3,0,1,2,D,-,00,,,F,B,G,A,A,H,-,A,A,0,,Y,,,Y,,-,"- ",0,1,0,0,0,0,1,0,0,"- ","- ",33.952751159667969,-118.37351989746094,"LOS ANGELES",INGLEWOOD,-118.37342834472656,33.952671051025391
9514573,2023,2024-02-22,1907,2023-08-09,1927,260,1,3,5,4,1907,0,0,0,,0,,"FLORENCE AV","ATLANTIC AV",130.00,W,N,A,-,N,,,,,,,,,,N,4,0,1,2,A,-,05,21651,B,N,H,G,A,A,H,-,A,D,0,,Y,,,Y,,L,04,0,0,1,0,0,0,1,0,0,"- ","- ",33.970321655273438,-118.18814849853516,"LOS ANGELES",BELL,-118.18862152099609,33.970359802246094
9551588,2023,2023-02-27,1942,2023-01-11,1525,41419,1375,3,5,7,1942,0,0,0,M,0,MQ46,"COMPTON AV","57TH ST",9.00,N,N,A,-,N,,,,,,,,,,N,3,0,1,2,A,-,08,22107,,N,C,G,A,A,H,-,A,D,0,,Y,,,Y,Y,-,99,0,1,0,0,0,0,1,0,0,"- ","- ",,,"LOS ANGELES","LOS ANGELES",-118.24777221679688,33.991134643554688
9572171,2023,2023-05-23,1900,2023-04-28,1550,533418,2314,5,5,5,1919,0,0,0,,0,230T,"CLARETTA AV","DEL AMO BL",8.00,N,N,-,-,N,,,,,,,,,,N,4,0,1,2,A,-,05,21650,1,N,-,-,A,-,-,-,-,-,0,,Y,,,Y,,L,04,0,0,1,0,0,0,1,0,0,"- ","- ",33.846260070800781,-118.06781768798828,"LOS ANGELES",CERRITOS,-118.06780242919922,33.846202850341797
9590091,2023,2023-06-27,1909,2023-05-12,1647,588,1909,5,5,4,1909,0,0,0,,0,NORTH,"LUBEC ST","EASTERN AV",120.00,W,N,A,-,N,,,,,,,,,,N,3,0,1,2,A,-,01,23152,A,N,C,G,A,A,H,-,A,A,0,,Y,,,Y,Y,L,04,0,1,0,0,0,0,1,0,0,"- ","- ",33.971599578857422,-118.16477203369141,"LOS ANGELES","BELL GARDENS",-118.16470336914062,33.971603393554688
9615379,2023,2023-10-19,1972,2023-08-03,1737,21239,,4,5,6,1972,0,0,0,,0,,"CRENSHAW BL","SEPULVEDA BL",0.00,,Y,A,-,N,,,,,,,,,,N,3,0,1,2,A,-,09,21453,B,N,D,-,A,A,H,-,A,A,0,,Y,,,Y,,A,,0,1,0,0,0,0,1,0,0,"- ","- ",,,"LOS ANGELES",TORRANCE,-118.32846069335938,33.821857452392578
9621763,2023,2023-10-26,1928,2023-09-17,2158,50402,514,7,5,5,1928,0,0,0,,0,502,"BIRCH AV","120TH ST",10.00,N,N,A,-,N,,,,,,,,,,N,4,0,1,2,A,-,03,22350,,N,C,G,A,A,H,-,C,A,0,,Y,,,Y,,A,01,0,0,1,0,0,0,1,0,0,"- ","- ",33.923648834228516,-118.35034942626953,"LOS ANGELES",HAWTHORNE,-118.35028839111328,33.923686981201172
9661077,2023,2024-01-29,1946,2023-11-26,1155,P29,1946,7,5,4,1946,0,0,0,,0,002,HUNTINGTON,5TH,0.00,,Y,A,-,N,,,,,,,,,,N,3,0,1,1,C,-,18,,,N,F,A,A,A,H,-,A,D,0,,Y,,,Y,,-,"- ",0,1,0,0,0,0,1,0,0,"- ","- ",,,"LOS ANGELES",MONROVIA,-118.02050018310547,34.140178680419922
9661911,2023,2024-01-30,1900,2023-12-22,1808,630205,0562,5,5,3,1968,0,0,0,,0,55T1PM,"MICHAEL HUNT DR","DURFEE AV",0.00,,Y,A,-,N,,,,,,,,,,N,3,0,1,2,A,-,08,22107,,N,B,G,A,A,H,-,C,A,0,,Y,,,Y,Y,A,01,0,1,0,0,0,0,1,0,0,"- ","- ",34.040618896484375,-118.03597259521484,"LOS ANGELES","SOUTH EL MONTE",-118.0367431640625,34.041187286376953
9715242,2023,2024-08-08,1941,2023-10-18,0907,11550,EAST,3,5,7,1941,0,0,0,,0,011,"ANAHEIM ST","SAINT LOUIS AV",0.00,,N,A,-,N,,,,,,,,,,N,4,0,1,2,A,-,09,21804,A,F,D,G,A,A,H,-,A,D,0,,Y,,,Y,,A,01,0,0,1,0,0,0,1,0,0,"- ","- ",33.782600402832031,-118.16657257080078,"LOS ANGELES","LONG BEACH",-118.16658782958984,33.782596588134766
82123445,2023,2023-07-24,1922,2023-06-21,1831,715,,3,5,6,1922,0,0,0,,0,004,"GARVEY AVE","VALLEY BLVD",0.00,,Y,A,-,N,,,,,,,,,,N,4,0,1,2,A,-,12,21453,A,N,D,G,A,A,H,-,A,A,0,,Y,,,Y,,L,04,0,0,1,0,0,0,1,0,0,"- ","- ",34.062808990478516,-118.01938629150391,"LOS ANGELES","EL MONTE",-118.01938629150391,34.062892913818359
9601805,2023,2023-09-15,1920,2023-07-18,1929,14050,1920,2,5,6,1920,0,0,0,,0,001,"IMPERIAL HWY","BELLFLOWER BL",377.00,W,N,A,-,N,,,,,,,,,,N,3,0,1,2,A,-,09,21804,A,N,D,G,A,A,H,-,A,D,0,,Y,,,Y,,A,07,0,1,0,0,0,0,1,0,0,"- ","- ",,,"LOS ANGELES",DOWNEY,-118.12671661376953,33.916961669921875
9629801,2023,2023-10-27,1941,2023-09-20,1458,11255,EAST,3,5,7,1941,0,0,0,,0,012,"E ANAHEIM ST","ANAHEIM ST",0.00,,Y,A,-,N,,,,,,,,,,N,4,0,1,2,A,-,08,22107,,N,A,G,A,A,H,-,A,A,0,,Y,,,Y,,L,04,0,0,1,0,0,0,1,0,0,"- ","- ",33.782379150390625,-118.14846801757812,"LOS ANGELES","LONG BEACH",-118.19239044189453,33.782596588134766
9650921,2023,2023-12-29,1956,2023-11-28,1804,1407,2,2,5,5,1956,0,0,0,,0,,"JUANITA AV","BERYL ST",150.00,N,N,A,-,N,,,,,,,,,,N,3,0,1,2,A,-,06,21750,,N,D,G,A,A,H,-,C,D,0,,Y,,,Y,,L,04,0,1,0,0,0,0,1,0,0,"- ","- ",33.851421356201172,-118.38569641113281,"LOS ANGELES","REDONDO BEACH",-118.38604736328125,33.851612091064453
82117521,2023,2023-07-17,1925,2023-07-03,2123,28716,,1,5,6,1925,0,0,0,,0,002,"COLORADO STREET","PACIFIC AVENUE",140.00,E,N,A,-,N,,,,,,,,,,N,3,0,1,2,A,-,08,22107,,F,B,G,A,A,H,-,C,D,0,,Y,,,Y,Y,A,01,0,1,0,0,0,0,1,0,0,"- ","- ",34.142551422119141,-118.26439666748047,"LOS ANGELES",GLENDALE,-118.26396179199219,34.142520904541016
9547779,2023,2023-04-13,1900,2023-02-10,1647,610418,1127,5,5,6,1992,0,0,0,,0,111T1,"VALLEY CENTRAL WY","AVENUE J",1232.00,N,N,A,-,N,,,,,,,,,,N,4,0,1,2,A,-,09,21804,A,N,B,G,A,A,H,-,A,D,0,,Y,,,Y,,A,01,0,0,1,0,0,0,1,0,0,"- ","- ",,,"LOS ANGELES",LANCASTER,-118.17206573486328,34.692646026611328
9651869,2023,2024-02-23,1942,2023-12-08,1820,41945,0357,5,5,7,1942,0,0,0,C,0,3A32,"36TH PL",VERMONT,160.00,W,N,A,-,N,,,,,,,,,,N,4,0,1,2,A,-,08,22101,,F,B,G,A,A,H,-,C,D,0,,Y,,,Y,,-,,0,0,1,0,0,0,1,0,0,"- ","- ",,,"LOS ANGELES","LOS ANGELES",-118.29207611083984,34.022098541259766
92161099,2023,2023-09-04,9550,2023-08-19,0855,020531,,6,1,9,1900,0,3,5,,2,005,"PATHFINDER ROAD","ANNADEL AVENUE",0.00,,Y,A,-,N,,,,,,,,,,N,4,0,1,2,A,-,09,21802,A,N,D,G,A,A,H,-,A,A,0,,Y,,,Y,,A,01,0,0,1,0,0,0,1,0,0,"- ","- ",33.975429534912109,-117.87930297851562,"LOS ANGELES",UNINCORPORATED,-117.87934875488281,33.975349426269531
9571904,2023,2023-05-31,1976,2023-04-04,0601,241,,2,5,3,1964,0,0,0,,0,001,"SLAUSON AV","NORWALK BL",0.00,,Y,A,-,N,,,,,,,,,,N,4,0,1,2,A,-,12,21453,A,N,H,G,A,A,H,-,C,A,0,,Y,,,Y,,-,"- ",0,0,1,0,0,0,1,0,0,"- ","- ",,,"LOS ANGELES","SANTA FE SPRINGS",-118.07058715820312,33.964702606201172
9598237,2023,2023-09-06,1970,2023-05-06,1520,213,SPB2,6,5,4,1970,0,0,0,,0,002,"EL CENTRO ST","FREMONT AV",6.00,W,N,A,-,N,,,,,,,,,,N,2,0,1,1,D,-,00,,,N,H,-,A,A,H,-,A,A,0,,Y,,,Y,,-,"- ",1,0,0,0,0,0,1,0,0,"- ","- ",,,"LOS ANGELES","SOUTH PASADENA",-118.15312957763672,34.114799499511719
9616946,2023,2023-10-25,1906,2023-09-13,1015,4461,,3,5,5,1906,0,0,0,,0,003,"BADILLO ST","VINELAND AV",7.00,W,N,A,-,N,,,,,,,,,,N,4,0,1,2,A,-,05,21650,,N,D,-,A,-,H,-,A,D,0,,Y,,,Y,,A,08,0,0,1,0,0,0,1,0,0,"- ","- ",,,"LOS ANGELES","BALDWIN PARK",-117.95234680175781,34.087360382080078
9620428,2023,2023-10-18,1920,2023-09-21,1319,13500,1920,4,5,6,1920,0,0,0,,0,003,"FLORENCE AV","OLD RIVER SCHOOL RD",165.00,W,N,A,-,N,,,,,,,,,,N,3,0,1,2,A,-,05,21650,,N,D,G,A,A,C,-,A,D,0,,Y,,,Y,,L,04,0,1,0,0,0,0,1,0,0,"- ","- ",,,"LOS ANGELES",DOWNEY,-118.14097595214844,33.959068298339844
92237716,2023,2023-11-16,9550,2023-11-08,0858,018408,,3,1,9,1900,0,3,5,,2,004,"COLIMA RD.","FULLERTON RD.",450.00,W,N,A,-,N,,,,,,,,,,N,3,0,1,2,A,-,05,21650,,N,H,G,A,A,H,-,A,A,0,,Y,,,Y,,M,91,0,1,0,0,0,0,1,0,0,"- ","- ",33.988380432128906,-117.90731048583984,"LOS ANGELES",UNINCORPORATED,-117.90716552734375,33.988456726074219
92284140,2023,2024-01-10,9535,2023-09-15,1840,023260,,5,2,9,1900,0,3,5,,2,002,"6TH ST","GERHART AVE",0.00,,Y,A,-,N,,,,,,,,,,N,4,0,1,2,A,-,12,22450,A,N,D,G,A,A,H,-,A,A,0,,Y,,,Y,,-,"- ",0,0,1,0,0,0,1,0,0,"- ","- ",34.022750854492188,-118.14592742919922,"LOS ANGELES",UNINCORPORATED,-118.14595031738281,34.022781372070312
9573983,2023,2023-04-20,1953,2023-03-31,1725,7868,1953,5,5,6,1953,0,0,0,,0,003,"LAKE AV","BOYLSTON ST",0.00,,Y,A,-,N,,,,,,,,,,N,4,0,1,2,A,-,05,21650,1,N,-,G,A,A,H,-,A,A,0,,Y,,,Y,Y,L,04,0,0,1,0,0,0,1,0,0,"- ","- ",,,"LOS ANGELES",PASADENA,-118.13247680664062,34.159805297851562
9574435,2023,2023-04-27,1900,2023-03-29,1441,629585,0332,3,5,4,1939,0,0,0,,0,35T1,"147TH ST","INGLEWOOD AV",19.00,W,N,A,-,N,,,,,,,,,,N,3,0,1,2,D,-,00,,,N,D,G,A,A,H,-,A,A,0,,Y,,,Y,,-,"- ",0,1,0,0,0,0,1,0,0,"- ","- ",33.897789001464844,-118.36749267578125,"LOS ANGELES",LAWNDALE,-118.36131286621094,33.898288726806641
9586169,2023,2023-06-06,1906,2023-05-14,1905,4451,ELMON,7,5,5,1906,0,0,0,,0,003,"RAMONA BL","BALDWIN PARK BL",57.00,E,N,-,-,N,,,,,,,,,,N,4,0,1,2,A,-,08,22107,,N,H,G,A,A,H,-,A,A,0,,Y,,,Y,,D,22,0,0,1,0,0,0,1,0,0,"- ","- ",,,"LOS ANGELES","BALDWIN PARK",-117.96469879150391,34.085521697998047
9591513,2023,2023-07-13,1900,2023-01-24,1042,622922,,2,5,4,1979,0,0,0,,0,92T3,"SANTA MONICA BL","LAUREL AV",0.00,,Y,A,-,N,,,,,,,,,,N,3,0,1,2,A,-,"- ",,,M,C,G,A,A,H,-,A,A,0,,Y,,,Y,,A,01,0,1,0,0,0,0,1,0,0,"- ","- ",34.090789794921875,-118.36437225341797,"LOS ANGELES","WEST HOLLYWOOD",-118.3648681640625,34.090801239013672
9642805,2023,2023-12-05,1942,2023-10-30,1125,43295,0911,1,5,7,1942,0,0,0,I,0,026,"SHERMAN WY","SEPULVEDA BL",465.00,W,N,A,-,N,,,,,,,,,,N,2,0,1,2,A,-,05,21202,A,N,D,G,A,A,H,-,A,D,0,,Y,,,Y,,L,04,1,0,0,0,0,0,1,0,0,"- ","- ",,,"LOS ANGELES","LOS ANGELES",-118.46773529052734,34.201118469238281
9643085,2023,2023-12-12,1928,2023-10-20,1958,50414,501,5,5,5,1928,0,0,0,,0,501,BROADWAY,"GREVILLEA AV",0.00,,Y,A,-,N,,,,,,,,,,N,4,0,2,3,A,-,12,22450,A,N,D,G,A,A,H,-,C,A,0,,Y,,,Y,,L,04,0,0,2,0,0,0,2,0,0,"- ","- ",33.920051574707031,-118.35484313964844,"LOS ANGELES",HAWTHORNE,-118.35478973388672,33.920028686523438