CASE_ID,ACCIDENT_YEAR,PROC_DATE,JURIS,COLLISION_DATE,COLLISION_TIME,OFFICER_ID,REPORTING_DISTRICT,DAY_OF_WEEK,CHP_SHIFT,POPULATION,CNTY_CITY_LOC,SPECIAL_COND,BEAT_TYPE,CHP_BEAT_TYPE,CITY_DIVISION_LAPD,CHP_BEAT_CLASS,BEAT_NUMBER,PRIMARY_RD,SECONDARY_RD,DISTANCE,DIRECTION,INTERSECTION,WEATHER_1,WEATHER_2,STATE_HWY_IND,CALTRANS_COUNTY,CALTRANS_DISTRICT,STATE_ROUTE,ROUTE_SUFFIX,POSTMILE_PREFIX,POSTMILE,LOCATION_TYPE,RAMP_INTERSECTION,SIDE_OF_HWY,TOW_AWAY,COLLISION_SEVERITY,NUMBER_KILLED,NUMBER_INJURED,PARTY_COUNT,PRIMARY_COLL_FACTOR,PCF_CODE_OF_VIOL,PCF_VIOL_CATEGORY,PCF_VIOLATION,PCF_VIOL_SUBSECTION,HIT_AND_RUN,TYPE_OF_COLLISION,MVIW,PED_ACTION,ROAD_SURFACE,ROAD_COND_1,ROAD_COND_2,LIGHTING,CONTROL_DEVICE,CHP_ROAD_TYPE,PEDESTRIAN_ACCIDENT,BICYCLE_ACCIDENT,MOTORCYCLE_ACCIDENT,TRUCK_ACCIDENT,NOT_PRIVATE_PROPERTY,ALCOHOL_INVOLVED,STWD_VEHTYPE_AT_FAULT,CHP_VEHTYPE_AT_FAULT,COUNT_SEVERE_INJ,COUNT_VISIBLE_INJ,COUNT_COMPLAINT_PAIN,COUNT_PED_KILLED,COUNT_PED_INJURED,COUNT_BICYCLIST_KILLED,COUNT_BICYCLIST_INJURED,COUNT_MC_KILLED,COUNT_MC_INJURED,PRIMARY_RAMP,SECONDARY_RAMP,LATITUDE,LONGITUDE,COUNTY,CITY,POINT_X,POINT_Y
9649184,2023,2023-12-29,1942,2023-11-12,0930,45460,NOE,7,5,7,1942,0,0,0,,0,11A71,"SUNSET BL","ALVARADO ST",0.00,,Y,A,-,N,,,,,,,,,,N,3,0,1,2,A,-,12,21453,A,F,H,B,B,A,H,-,A,A,0,Y,Y,,,Y,,L,04,0,1,0,0,1,0,0,0,0,"- ","- ",,,"LOS ANGELES","LOS ANGELES",-118.26348114013672,34.077617645263672
9682985,2023,2024-07-03,1942,2023-12-01,1650,44875,0659,5,5,7,1942,0,0,0,F,0,11X73,"SUNSET BL","N KINGSLEY DR",0.00,,Y,A,-,N,,,,,,,,,,N,3,0,1,2,A,-,12,22450,A,F,H,G,A,A,H,-,C,A,0,,Y,,,Y,,-,99,0,1,0,0,0,0,1,0,0,"- ","- ",,,"LOS ANGELES","LOS ANGELES",-118.30326843261719,34.098121643066406
9711926,2023,2024-07-05,1941,2023-09-13,1414,6017,SOUTH,3,5,7,1941,0,0,0,,0,007,"HELLMAN ST","ORANGE AV",0.00,,Y,A,-,N,,,,,,,,,,N,3,0,1,2,A,-,12,22450,A,N,G,G,A,A,H,-,A,A,0,,Y,,,Y,,L,04,0,1,0,0,0,0,1,0,0,"- ","- ",33.776710510253906,-118.17635345458984,"LOS ANGELES","LONG BEACH",-118.17636108398438,33.776729583740234
9568688,2023,2023-06-05,1900,2023-04-23,0927,517840,1015,7,5,3,1995,0,0,0,,0,101T1,"RT 1","PUERCO CANYON RD",739.00,E,N,A,-,Y,LA,7,1,-,-,49.170,H,-,N,N,3,0,2,3,A,-,00,21760,C,N,B,G,A,A,H,-,A,D,0,,Y,,,Y,,D,22,0,2,0,0,0,0,2,0,0,"- ","- ",34.034099578857422,-118.72119140625,"LOS ANGELES",MALIBU,-118.72141265869141,34.034084320068359
9584627,2023,2023-06-02,1900,2023-05-03,0559,642582,0246,3,5,3,1914,0,0,0,,0,028,"RANDOLPH ST","EASTERN AV",0.00,,Y,A,-,N,,,,,,,,,,N,3,0,1,2,A,-,05,21650,1,N,D,G,A,A,H,-,B,A,0,,Y,,,Y,,L,04,0,1,0,0,0,0,1,0,0,"- ","- ",,,"LOS ANGELES",COMMERCE,-118.16316223144531,33.979373931884766
9598238,2023,2023-08-15,1970,2023-05-08,1330,222,APD,1,5,4,1970,0,0,0,,0,SPB2,"MONTEREY RD","DIAMOND AV",12.00,E,N,A,-,N,,,,,,,,,,N,3,0,1,2,A,-,05,21202,A,N,D,G,A,A,H,-,A,A,0,,Y,,,Y,Y,L,04,0,1,0,0,0,0,1,0,0,"- ","- ",,,"LOS ANGELES","SOUTH PASADENA",-118.15627288818359,34.111942291259766
9600344,2023,2023-08-23,1902,2023-07-15,0728,789,04,6,5,5,1902,0,0,0,,0,001,"FOOTHILL BLVD","HIGHLAND OAKS DR",0.00,,Y,A,-,N,,,,,,,,,,N,3,0,2,3,A,-,10,21950,A,N,G,B,B,A,H,-,A,A,0,Y,Y,,Y,Y,,F,26,0,2,0,0,1,0,1,0,0,"- ","- ",,,"LOS ANGELES",ARCADIA,-118.02855682373047,34.151023864746094
9633929,2023,2023-12-30,1942,2023-03-09,2100,44578,0646,4,5,7,1942,0,0,0,F,0,0645,"CAHUENGA BL","HOLLYWOOD BL",150.00,E,N,A,-,N,,,,,,,,,,N,3,0,1,2,A,-,08,22102,,N,D,G,A,A,H,-,C,D,0,,Y,,,Y,,A,08,0,1,0,0,0,0,1,0,0,"- ","- ",,,"LOS ANGELES","LOS ANGELES",-118.32952880859375,34.101608276367188
9680412,2023,2024-04-12,1941,2023-08-28,1350,11800,EAST,1,5,7,1941,0,0,0,,0,012,"10TH ST","REDONDO AV",0.00,,Y,A,-,N,,,,,,,,,,N,4,0,1,2,D,-,00,,,N,H,G,A,A,H,-,A,A,0,,Y,,,Y,,-,"- ",0,0,1,0,0,0,1,0,0,"- ","- ",,,"LOS ANGELES","LONG BEACH",-118.15243530273438,33.778987884521484
81988134,2023,2023-02-07,1975,2023-01-13,1730,493,WCPD,5,5,6,1975,0,0,0,,0,003,"WEST COVINA PKWY","TOLUCA AV",0.00,,Y,A,-,N,,,,,,,,,,N,2,0,1,2,A,-,11,21950,B,N,H,G,A,A,H,-,B,A,0,,Y,,,Y,,L,04,1,0,0,0,0,0,1,0,0,"- ","- ",34.070621490478516,-117.94056701660156,"LOS ANGELES","WEST COVINA",-117.94052886962891,34.070571899414062
82222178,2023,2023-10-30,1922,2023-10-10,2034,659,,2,5,6,1922,0,0,0,,0,002,"RAMONA BLVD","MAXSON RD",20.00,E,N,A,-,N,,,,,,,,,,N,3,0,1,2,A,-,08,22107,,F,B,G,A,A,H,-,C,A,0,,Y,,,Y,,A,01,0,1,0,0,0,0,1,0,0,"- ","- ",34.075931549072266,-118.0076904296875,"LOS ANGELES","EL MONTE",-118.00759124755859,34.075916290283203
92120548,2023,2023-07-19,9530,2023-07-08,0650,023143,,6,1,9,1900,0,3,5,,2,001,"FLORENCE AVE.","CROCKETT BLVD.",10.00,N,N,A,-,N,,,,,,,,,,N,3,0,1,2,A,-,09,21804,A,N,A,G,A,A,H,-,A,A,0,,Y,,,Y,,L,04,0,1,0,0,0,0,1,0,0,"- ","- ",33.974658966064453,-118.23677062988281,"LOS ANGELES",UNINCORPORATED,-118.23684692382812,33.974720001220703
92186811,2023,2023-10-02,9575,2023-09-22,1130,022626,,5,1,9,1900,0,2,4,,2,025,"PALM ST.","LAKE AVE.",20.00,W,N,A,-,N,,,,,,,,,,N,4,0,1,2,A,-,03,22350,,N,B,6,A,A,H,-,A,A,0,,Y,,,Y,,M,91,0,0,1,0,0,0,1,0,0,"- ","- ",34.192249298095703,-118.13139343261719,"LOS ANGELES",UNINCORPORATED,-118.13129425048828,34.192188262939453
9520882,2023,2023-09-11,1941,2023-07-16,1224,7580,EAST,7,5,7,1941,0,0,0,,0,013,"EAST 2ND ST","MARINA DR",315.00,W,N,A,-,N,,,,,,,,,,N,1,1,1,2,A,-,17,21209,,F,B,G,A,A,H,-,A,D,0,,Y,,,Y,,-,99,0,1,0,0,0,1,1,0,0,"- ","- ",33.757579803466797,-118.11316680908203,"LOS ANGELES","LONG BEACH",-118.11422729492188,33.757381439208984
9553463,2023,2023-03-25,1942,2023-02-02,1342,35327,0191,4,5,7,1942,0,0,0,A,0,24MQ45,"FIGUEROA ST","15TH DR",0.00,,Y,A,-,N,,,,,,,,,,N,4,0,1,2,A,-,00,21760,A,N,B,G,A,A,H,-,A,D,0,,Y,,,Y,,I,20,0,0,1,0,0,0,1,0,0,"- ","- ",,,"LOS ANGELES","LOS ANGELES",-118.26971435546875,34.037998199462891
9574137,2023,2023-04-26,1942,2023-03-28,0800,35393,0311,2,5,7,1942,0,0,0,C,0,25TL21,"SANTA ROSALIA ST","BUCKINGHAM RD",0.00,,Y,A,-,N,,,,,,,,,,N,3,0,1,2,A,-,09,21810,A,F,D,G,A,A,H,-,A,A,0,,Y,,,Y,,-,99,0,1,0,0,0,0,1,0,0,"- ","- ",,,"LOS ANGELES","LOS ANGELES",-118.34227752685547,34.012088775634766
9577844,2023,2023-05-11,1900,2023-04-16,0101,655542,1328,7,5,5,1935,0,0,0,,0,132T1,"CENTRALIA ST","SEINE AV",71.00,W,N,A,-,N,,,,,,,,,,N,3,0,1,2,D,-,00,,,N,D,G,A,A,H,-,C,D,0,,Y,,,Y,,-,"- ",0,1,0,0,0,0,1,0,0,"- ","- ",,,"LOS ANGELES",LAKEWOOD,-118.07884979248047,33.838710784912109
9598783,2023,2024-01-25,1942,2023-12-09,2000,44360,0337,6,5,7,1942,0,0,0,C,0,3A19,"NORMANDIE AV","35TH ST",0.00,,Y,A,-,N,,,,,,,,,,N,2,0,1,2,A,-,12,22450,A,N,D,G,A,A,H,-,C,D,0,,Y,,,Y,,L,04,1,0,0,0,0,0,1,0,0,"- ","- ",,,"LOS ANGELES","LOS ANGELES",-118.30023956298828,34.024627685546875
9607215,2023,2023-10-20,1941,2023-01-10,0730,11130,EAST,2,5,7,1941,0,0,0,,0,012,"EAST 7TH ST","E 7TH ST 3639",0.00,,Y,A,-,N,,,,,,,,,,N,3,0,1,2,A,-,10,21952,,M,G,B,A,A,H,-,A,D,0,,Y,,,Y,,A,01,0,1,0,0,0,0,1,0,0,"- ","- ",33.775630950927734,-118.14936065673828,"LOS ANGELES","LONG BEACH",-118.12270355224609,33.775306701660156
9612651,2023,2023-08-21,1900,2023-06-19,2055,643386,0454,1,5,6,1949,0,0,0,,0,43T1,"SAN ANTONIO DR","FRONT ST",0.00,,Y,A,-,N,,,,,,,,,,N,4,0,1,2,A,-,09,21802,A,N,D,G,A,A,H,-,C,A,0,,Y,,,Y,,L,04,0,0,1,0,0,0,1,0,0,"- ","- ",,,"LOS ANGELES",NORWALK,-118.07637023925781,33.908641815185547
9626349,2023,2023-10-19,1972,2023-09-20,1512,21239,,3,5,6,1972,0,0,0,,0,,"190TH ST","PRAIRIE AV",250.00,E,N,A,-,N,,,,,,,,,,N,3,0,1,2,A,-,09,21801,A,N,D,C,A,A,H,-,A,A,0,,Y,,,Y,,D,,0,1,0,0,0,0,1,0,0,"- ","- ",,,"LOS ANGELES",TORRANCE,-118.34304809570312,33.858280181884766
82107857,2023,2023-07-03,1925,2023-06-06,1311,21092,238,2,5,6,1925,0,0,0,,0,004,"CALIFORNIA AVENUE","GLENDALE AVENUE",0.00,,Y,A,B,N,,,,,,,,,,N,4,0,1,2,A,-,08,22107,,M,H,G,A,A,H,-,A,A,0,,Y,,Y,Y,,F,26,0,0,1,0,0,0,1,0,0,"- ","- ",,,"LOS ANGELES",GLENDALE,-118.24571990966797,34.149959564208984
9470420,2023,2023-10-12,1942,2023-09-09,1648,41661,0191,6,5,7,1942,0,0,0,A,0,24MQW5,"FIGUEROA ST","18TH ST",0.00,,Y,A,-,N,,,,,,,,,,N,2,0,1,2,A,-,09,21801,A,F,D,G,A,A,H,-,A,D,0,,Y,,,Y,,-,99,1,0,0,0,0,0,1,0,0,"- ","- ",,,"LOS ANGELES","LOS ANGELES",-118.27140045166016,34.035427093505859
9544839,2023,2023-03-04,1900,2023-01-13,1850,629510,1326,5,5,5,1935,0,0,0,,0,132T2,"PALO VERDE AV","DEL AMO BL",0.00,,Y,A,-,N,,,,,,,,,,N,2,0,1,2,A,-,09,21453,B,F,D,G,A,A,H,-,C,A,0,,Y,,,Y,,D,22,1,0,0,0,0,0,1,0,0,"- ","- ",,,"LOS ANGELES",LAKEWOOD,-118.10770416259766,33.846939086914062
9627505,2023,2023-10-12,1942,2023-09-15,2020,40957,1215,5,5,7,1942,0,0,0,L,0,25T35,"VERMONT AV","56TH ST",86.00,N,N,B,-,N,,,,,,,,,,N,3,0,1,2,A,-,17,22517,,F,A,G,A,A,H,-,C,D,0,,Y,,,Y,,-,99,0,1,0,0,0,0,1,0,0,"- ","- ",,,"LOS ANGELES","LOS ANGELES",-118.29148864746094,33.991634368896484
9637312,2023,2024-01-17,1941,2023-10-16,1839,11535,WEST,1,5,7,1941,0,0,0,,0,004,"LONG BEACH BL",PCH,0.00,E,N,A,-,Y,LA,7,1,-,-,6.240,H,-,S,N,3,0,1,2,A,-,05,21650,,N,D,G,A,A,H,-,B,D,0,,Y,,,Y,,L,04,0,1,0,0,0,0,1,0,0,"- ","- ",33.789649963378906,-118.18933868408203,"LOS ANGELES","LONG BEACH",-118.18898773193359,33.789806365966797
81999478,2023,2023-02-22,1922,2023-02-01,1639,463,,3,5,6,1922,0,0,0,,0,,"RIO HONDO PKWY","MILDRED ST",0.00,,Y,A,-,N,,,,,,,,,,N,3,0,1,2,A,-,09,21801,A,F,D,G,A,A,H,-,A,A,0,,Y,,,Y,,A,01,0,1,0,0,0,0,1,0,0,"- ","- ",34.066959381103516,-118.04776000976562,"LOS ANGELES","EL MONTE",-118.04765319824219,34.067089080810547
82174198,2023,2023-09-20,1948,2023-08-06,0201,483,1948,7,5,5,1948,0,0,0,,0,002,"GARVEY AV","MOORE AV",80.00,W,N,A,-,N,,,,,,,,,,N,3,0,1,2,C,-,18,,,N,B,G,A,A,H,-,C,D,0,,Y,,,Y,,-,"- ",0,1,0,0,0,0,1,0,0,"- ","- ",,,"LOS ANGELES","MONTEREY PARK",-118.13087463378906,34.062404632568359
82273185,2023,2023-12-28,1922,2023-12-11,1805,707,1922,1,5,6,1922,0,0,0,,0,002,"RAMONA BLVD","GILMAN RD",0.00,,Y,A,-,N,,,,,,,,,,N,2,0,1,2,A,-,12,21453,A,N,B,G,A,A,H,-,C,A,0,,Y,,,Y,,A,07,1,0,0,0,0,0,1,0,0,"- ","- ",34.076618194580078,-118.00253295898438,"LOS ANGELES","EL MONTE",-118.00251770019531,34.076610565185547
82292924,2023,2024-01-22,1975,2023-12-22,0859,486,,5,5,6,1975,0,0,0,,0,003,"SUNSET AV","WINDSOR ST",0.00,,Y,B,-,N,,,,,,,,,,N,3,0,1,2,A,-,10,21950,A,F,D,G,A,B,H,-,A,D,0,,Y,,,Y,Y,A,01,0,1,0,0,0,0,1,0,0,"- ","- ",34.052219390869141,-117.95590972900391,"LOS ANGELES","WEST COVINA",-117.95590972900391,34.05224609375
82354529,2023,2024-04-03,1955,2023-10-02,1750,42725,,1,5,6,1955,0,0,0,,0,002,"LA VERNE AVE","LARCHMONT ST",60.00,W,N,A,-,N,,,,,,,,,,N,4,0,1,2,A,-,08,22107,,N,C,G,A,A,H,-,A,A,0,,Y,,,Y,,L,04,0,0,1,0,0,0,1,0,0,"- ","- ",34.081558227539062,-117.73561859130859,"LOS ANGELES",POMONA,-117.73578643798828,34.081470489501953
92184978,2023,2023-10-02,9525,2023-09-19,1355,022194,,2,1,9,1900,0,3,5,,2,003,"TEMPLE BLVD.","N. AZUSA AVE.",5.00,E,N,A,-,N,,,,,,,,,,N,3,0,1,2,A,-,05,21650,,N,D,C,A,A,H,-,A,A,0,,Y,,,Y,,M,91,0,1,0,0,0,0,1,0,0,"- ","- ",34.02471923828125,-117.91742706298828,"LOS ANGELES",UNINCORPORATED,-117.91768646240234,34.024677276611328
92274741,2023,2023-12-29,9550,2023-12-06,2138,022900,,3,2,9,1900,0,1,3,,2,602,"SR-60 WESTBOUND FROM NOGALES ST SOUTHBOUND","STATE ROUTE 60",375.00,N,N,A,-,Y,,,,,,,,,,N,3,0,1,2,A,-,09,21804,A,F,H,G,A,A,H,-,C,D,0,,Y,,,Y,,M,91,0,1,0,0,0,0,1,0,0,"- ","- ",33.995399475097656,-117.88874816894531,"LOS ANGELES",UNINCORPORATED,-117.88874816894531,33.995399475097656
9577976,2023,2023-05-09,1900,2023-04-08,1705,642089,0467,6,5,4,1936,0,0,0,,0,46T2,"SANTA GERTRUDES AV","FOSTER RD",780.00,S,N,A,-,N,,,,,,,,,,N,3,0,1,2,A,-,07,21658,A,N,B,G,A,A,H,-,A,A,0,,Y,,,Y,,A,01,0,1,0,0,0,0,1,0,0,"- ","- ",,,"LOS ANGELES","LA MIRADA",-117.9942626953125,33.907810211181641
9644274,2023,2023-12-06,1942,2023-10-11,1345,43958,1435,3,5,7,1942,0,0,0,N,0,27TL44,"MCLAUGHLIN AV","VENICE BL",24.00,N,N,A,-,N,,,,,,,,,,N,2,0,1,2,A,-,00,21760,C,N,B,G,A,A,H,-,A,D,0,,Y,,,Y,,A,08,1,0,0,0,0,0,1,0,0,"- ","- ",,,"LOS ANGELES","LOS ANGELES",-118.42469787597656,34.008773803710938
9682732,2023,2024-05-31,1942,2023-08-16,1700,40726,1822,3,5,7,1942,0,0,0,R,0,25MX85,BROADWAY,"102ND ST",65.00,S,N,A,-,N,,,,,,,,,,N,2,0,1,2,A,-,07,21658,A,N,D,-,A,A,H,-,A,A,0,,Y,,,Y,,L,04,1,0,0,0,0,0,1,0,0,"- ","- ",,,"LOS ANGELES","LOS ANGELES",-118.27838897705078,33.943550109863281
82070478,2023,2023-05-17,1922,2023-04-30,0209,711,1922,7,5,6,1922,0,0,0,,0,004,"VALLEY BLVD","RUMFORD AVE",585.00,E,N,A,-,N,,,,,,,,,,Y,3,0,2,3,D,-,00,,,F,A,G,A,A,H,-,C,D,0,,Y,,,Y,,-,"- ",0,2,0,0,0,0,2,0,0,"- ","- ",34.058448791503906,-118.01069641113281,"LOS ANGELES","EL MONTE",-118.00911712646484,34.057426452636719
92236568,2023,2023-11-15,9530,2023-11-02,1045,023382,,4,1,9,1900,0,3,5,,2,002,"EL SEGUNDO BLVD","MONA BLVD",0.00,,Y,A,-,N,,,,,,,,,,N,4,0,1,2,A,-,12,21453,A,F,D,G,A,A,H,-,A,A,0,,Y,,,Y,,-,99,0,0,1,0,0,0,1,0,0,"- ","- ",33.916049957275391,-118.2269287109375,"LOS ANGELES",UNINCORPORATED,-118.22698974609375,33.916194915771484
9555069,2023,2023-03-27,1956,2023-02-20,1330,1384,24,1,5,5,1956,0,0,0,,0,002,"BERYL ST","PACIFIC COAST HWY",150.00,E,N,A,-,Y,LA,7,1,-,-,20.231,I,5,N,N,2,0,1,1,A,-,03,22350,,N,E,I,A,A,D,-,A,D,0,,Y,,,Y,,L,04,1,0,0,0,0,0,1,0,0,"- ","- ",33.849109649658203,-118.38858795166016,"LOS ANGELES","REDONDO BEACH",-118.38854217529297,33.849082946777344
9578514,2023,2023-05-24,1942,2023-04-04,1040,41729,0397,2,5,7,1942,0,0,0,C,0,24T25,"NORMANDIE AV","40TH ST",50.00,S,N,A,-,N,,,,,,,,,,N,2,0,1,2,A,-,00,21650,G,N,D,G,A,A,H,-,A,D,0,,Y,,,Y,,L,04,1,0,0,0,0,0,1,0,0,"- ","- ",,,"LOS ANGELES","LOS ANGELES",-118.30017852783203,34.009784698486328
9592192,2023,2023-06-21,1941,2023-05-11,1739,11797,SOUTH,4,5,7,1941,0,0,0,,0,007,"EAST 10TH ST","ELM AV",18.00,E,N,A,-,N,,,,,,,,,,N,3,0,1,2,D,-,00,,,N,H,G,A,A,H,-,A,D,0,,Y,,,Y,,-,"- ",0,1,0,0,0,0,1,0,0,"- ","- ",33.778968811035156,-118.18800354003906,"LOS ANGELES","LONG BEACH",-118.18792724609375,33.77899169921875
9599166,2023,2024-07-02,1906,2023-12-18,1617,4434,,1,5,5,1906,0,0,0,,0,004,"BADILLO ST","PUENTE AV",263.00,W,N,A,-,N,,,,,,,,,,N,3,0,1,2,A,-,05,21202,A,N,D,G,A,A,H,-,A,A,0,,Y,,,Y,,M,91,0,1,0,0,0,0,1,0,0,"- ","- ",,,"LOS ANGELES","BALDWIN PARK",-117.95052337646484,34.087268829345703
9610278,2023,2023-08-31,1920,2023-07-12,1642,13022,,3,5,6,1920,0,0,0,,0,005,"LAKEWOOD BL","CHEROKEE DR",0.00,,Y,A,-,N,,,,,,,,,,N,4,0,1,2,A,-,00,21458,B,N,D,G,A,A,H,-,A,A,0,,Y,,,Y,,L,04,0,0,1,0,0,0,1,0,0,"- ","- ",,,"LOS ANGELES",DOWNEY,-118.11940765380859,33.943130493164062
9653973,2023,2024-01-08,1942,2023-11-18,1330,31542,1309,6,5,7,1942,0,0,0,M,0,24TL22,"BAY ST","ALAMEDA ST",155.00,E,N,A,-,N,,,,,,,,,,N,2,0,1,2,A,-,09,21804,A,N,D,G,A,A,H,-,A,A,0,,Y,,,Y,,L,04,1,0,0,0,0,0,1,0,0,"- ","- ",,,"LOS ANGELES","LOS ANGELES",-118.23831176757812,34.031711578369141
9675792,2023,2024-03-09,1941,2023-08-22,1753,11654,NORTH,2,5,7,1941,0,0,0,,0,020,"E DEL AMO BL","LEMON AV",0.00,,Y,A,-,N,,,,,,,,,,N,4,0,1,2,A,-,09,21801,A,N,D,G,A,A,H,-,A,D,0,,Y,,,Y,,A,01,0,0,1,0,0,0,1,0,0,"- ","- ",33.846851348876953,-118.17971038818359,"LOS ANGELES","LONG BEACH",-118.17971801757812,33.846912384033203
92205683,2023,2023-10-23,9575,2023-10-10,1950,023236,,2,2,9,1900,0,3,5,,2,008,"SAN GABRIEL BOULEVARD (6400 BLOCK)","SOMERSET PLACE",26.00,S,N,A,-,N,,,,,,,,,,N,4,0,1,2,A,-,17,22517,,N,B,G,A,A,H,-,D,D,0,,Y,,,Y,,A,01,0,0,1,0,0,0,1,0,0,"- ","- ",34.116298675537109,-118.09113311767578,"LOS ANGELES",UNINCORPORATED,-118.09121704101562,34.115818023681641
9471727,2023,2023-10-30,1942,2023-05-22,1450,41516,2074,1,5,7,1942,0,0,0,,0,27TL44,"HOBART AV","15TH ST",80.00,S,N,A,-,N,,,,,,,,,,N,3,0,1,2,A,-,08,22107,,F,H,G,A,A,H,-,A,D,0,,Y,,,Y,,-,99,0,1,0,0,0,0,1,0,0,"- ","- ",,,"LOS ANGELES","LOS ANGELES",-118.30529022216797,34.045200347900391
9573495,2023,2023-04-27,1900,2023-03-06,1520,652853,0642,1,5,6,1985,0,0,0,,0,62T7,"NEWHALL RANCH RD","MCBEAN PKWY",0.00,,Y,A,-,N,,,,,,,,,,N,4,0,1,2,A,-,11,21453,D,N,D,G,A,A,H,-,A,A,0,,Y,,,Y,,L,04,0,0,1,0,0,0,1,0,0,"- ","- ",34.431480407714844,-118.55731201171875,"LOS ANGELES","SANTA CLARITA",-118.55773162841797,34.431354522705078
9590577,2023,2023-06-13,1942,2023-04-24,1355,40717,1832,1,5,7,1942,0,0,0,R,0,25T,"SAN PEDRO ST","E 105TH ST",28.00,S,N,A,-,N,,,,,,,,,,N,3,0,1,2,A,-,07,21658,A,F,B,G,A,A,H,-,A,A,0,,Y,,,Y,,-,99,0,1,0,0,0,0,1,0,0,"- ","- ",,,"LOS ANGELES","LOS ANGELES",-118.26952362060547,33.940944671630859
9597498,2023,2023-07-19,1920,2023-04-23,1837,13743,1920,7,5,6,1920,0,0,0,,0,003,"SMALLWOOD AV","FOURTH PL",0.00,,Y,A,-,N,,,,,,,,,,N,3,0,1,2,A,-,12,22450,,N,D,G,A,A,H,-,A,D,0,,Y,,,Y,,L,04,0,1,0,0,0,0,1,0,0,"- ","- ",,,"LOS ANGELES",DOWNEY,-118.13896179199219,33.946399688720703
9636990,2023,2023-11-14,1942,2023-07-22,2130,39360,1881,6,5,7,1942,0,0,0,R,0,25T37W,"VERMONT AV","164TH ST",95.00,S,N,A,-,N,,,,,,,,,,N,3,0,1,2,A,-,00,21760,B,F,B,G,A,A,H,-,C,D,0,,Y,,,Y,,-,99,0,1,0,0,0,0,1,0,0,"- ","- ",,,"LOS ANGELES","LOS ANGELES",-118.29135894775391,33.882228851318359
9678098,2023,2024-03-07,1942,2023-12-03,2200,44661,0211,7,5,7,1942,0,0,0,B,0,2A75W3,"ROSEWOOD AV","VERMONT AV",5.00,W,N,A,-,N,,,,,,,,,,N,3,0,1,2,A,-,09,21801,A,F,D,G,A,A,H,-,C,A,0,,Y,,,Y,,-,99,0,1,0,0,0,0,1,0,0,"- ","- ",,,"LOS ANGELES","LOS ANGELES",-118.29171752929688,34.07904052734375
9679485,2023,2024-03-25,1942,2023-07-29,1500,45124,2079,6,5,7,1942,0,0,0,,0,20A36,"ARAPAHOE ST","PICO BL",600.00,S,N,A,-,N,,,,,,,,,,N,3,0,1,2,A,-,09,21804,A,N,D,-,A,A,H,-,A,D,0,,Y,,,Y,,L,04,0,1,0,0,0,0,1,0,0,"- ","- ",,,"LOS ANGELES","LOS ANGELES",-118.28536987304688,34.045642852783203
82286689,2023,2024-01-15,1965,2023-12-04,1300,4164,,1,5,5,1965,0,0,0,,0,B001,"4TH ST","COLORADO AVE",11.00,S,N,A,-,N,,,,,,,,,,N,3,0,1,2,A,-,08,22107,,N,H,G,A,A,H,-,A,A,0,,Y,,Y,Y,,L,04,0,1,0,0,0,0,1,0,0,"- ","- ",,,"LOS ANGELES","SANTA MONICA",-118.49204254150391,34.013740539550781
9558130,2023,2023-03-21,1942,2023-02-16,1820,37146,1256,4,5,7,1942,0,0,0,L,0,25TL37,"FLORENCE AV","VERMONT AV",70.00,W,N,A,-,N,,,,,,,,,,N,3,0,1,2,A,-,03,22350,,F,C,G,A,A,H,-,C,A,0,,Y,,,Y,,-,99,0,1,0,0,0,0,1,0,0,"- ","- ",,,"LOS ANGELES","LOS ANGELES",-118.29196929931641,33.974624633789062
9572605,2023,2023-05-24,1942,2023-04-11,0852,39859,1361,2,5,7,1942,0,0,0,M,0,24MQ72,"GRAND AV","52ND AV",12.00,N,N,A,-,N,,,,,,,,,,N,2,0,1,2,A,-,06,21750,,F,-,G,A,A,H,-,A,D,0,,Y,,,Y,Y,-,99,1,0,0,0,0,0,1,0,0,"- ","- ",,,"LOS ANGELES","LOS ANGELES",-118.28008270263672,33.995773315429688
9627159,2023,2023-10-26,1942,2023-09-05,1510,33122,1118,2,5,7,1942,0,0,0,K,0,24MQ48,"AVE 56","FIGUEROA ST",250.00,N,N,A,-,N,,,,,,,,,,N,3,0,1,2,A,-,05,21202,A,F,D,G,A,A,H,-,A,D,0,,Y,,,Y,,M,91,0,1,0,0,0,0,1,0,0,"- ","- ",,,"LOS ANGELES","LOS ANGELES",-118.19461059570312,34.109493255615234
9651536,2023,2024-01-10,1900,2023-11-02,0630,622989,1349,4,5,3,1903,0,0,0,,0,134,"ALBURTIS AV","186TH ST",0.00,,Y,A,-,N,,,,,,,,,,N,4,0,1,2,A,-,09,21801,A,N,D,G,A,A,H,-,C,D,0,,Y,,,Y,,A,01,0,0,1,0,0,0,1,0,0,"- ","- ",,,"LOS ANGELES",ARTESIA,-118.08468627929688,33.862789154052734