CASE_ID,ACCIDENT_YEAR,PROC_DATE,JURIS,COLLISION_DATE,COLLISION_TIME,OFFICER_ID,REPORTING_DISTRICT,DAY_OF_WEEK,CHP_SHIFT,POPULATION,CNTY_CITY_LOC,SPECIAL_COND,BEAT_TYPE,CHP_BEAT_TYPE,CITY_DIVISION_LAPD,CHP_BEAT_CLASS,BEAT_NUMBER,PRIMARY_RD,SECONDARY_RD,DISTANCE,DIRECTION,INTERSECTION,WEATHER_1,WEATHER_2,STATE_HWY_IND,CALTRANS_COUNTY,CALTRANS_DISTRICT,STATE_ROUTE,ROUTE_SUFFIX,POSTMILE_PREFIX,POSTMILE,LOCATION_TYPE,RAMP_INTERSECTION,SIDE_OF_HWY,TOW_AWAY,COLLISION_SEVERITY,NUMBER_KILLED,NUMBER_INJURED,PARTY_COUNT,PRIMARY_COLL_FACTOR,PCF_CODE_OF_VIOL,PCF_VIOL_CATEGORY,PCF_VIOLATION,PCF_VIOL_SUBSECTION,HIT_AND_RUN,TYPE_OF_COLLISION,MVIW,PED_ACTION,ROAD_SURFACE,ROAD_COND_1,ROAD_COND_2,LIGHTING,CONTROL_DEVICE,CHP_ROAD_TYPE,PEDESTRIAN_ACCIDENT,BICYCLE_ACCIDENT,MOTORCYCLE_ACCIDENT,TRUCK_ACCIDENT,NOT_PRIVATE_PROPERTY,ALCOHOL_INVOLVED,STWD_VEHTYPE_AT_FAULT,CHP_VEHTYPE_AT_FAULT,COUNT_SEVERE_INJ,COUNT_VISIBLE_INJ,COUNT_COMPLAINT_PAIN,COUNT_PED_KILLED,COUNT_PED_INJURED,COUNT_BICYCLIST_KILLED,COUNT_BICYCLIST_INJURED,COUNT_MC_KILLED,COUNT_MC_INJURED,PRIMARY_RAMP,SECONDARY_RAMP,LATITUDE,LONGITUDE,COUNTY,CITY,POINT_X,POINT_Y
92234521,2023,2023-11-13,9530,2023-11-01,1625,022438,,3,2,9,1900,0,3,5,,2,006,"LOMITA BOULEVARD (1000 BLOCK)","PETROLEUM AVENUE",220.00,W,N,A,-,N,,,,,,,,,,N,4,0,1,2,A,-,08,22107,,N,D,G,A,A,H,-,A,D,0,,Y,,,Y,Y,D,22,0,0,1,0,0,0,1,0,0,"- ","- ",33.797691345214844,-118.29451751708984,"LOS ANGELES",UNINCORPORATED,-118.29447937011719,33.797725677490234
94374990,2023,2024-08-29,9540,2023-07-16,1855,021744,,7,2,9,1900,0,3,5,,2,100,"28000 KAREN CT","WHITNEY DRIVE",150.00,W,N,A,-,N,,,,,,,,,,N,3,0,2,2,A,-,09,21804,A,N,A,G,A,A,H,-,A,D,0,,Y,,,Y,,M,91,0,2,0,0,0,0,2,0,0,"- ","- ",34.473129272460938,-118.64076232910156,"LOS ANGELES",UNINCORPORATED,-118.64071655273438,34.473155975341797
9621203,2023,2023-11-29,1900,2023-10-05,1843,653406,1434,4,5,4,1937,0,0,0,,0,143T1,"VALLEY BL","WICKFORD AV",296.00,W,N,A,-,N,,,,,,,,,,N,2,0,1,2,A,-,00,21760,B,F,C,G,A,A,H,-,C,D,0,,Y,,,Y,,A,01,1,0,0,0,0,0,1,0,0,"- ","- ",34.010490417480469,-117.93321990966797,"LOS ANGELES","LA PUENTE",-117.93309783935547,34.010288238525391
9641465,2023,2023-12-07,1900,2023-09-26,0000,602978,1332,2,5,5,1908,0,0,0,,0,133T1,"ARTESIA BL","ARDMORE AV",0.00,,Y,A,-,N,,,,,,,,,,N,3,0,1,2,D,-,00,,,M,G,B,A,A,H,-,A,A,0,,Y,,,Y,,-,"- ",0,1,0,0,0,0,1,0,0,"- ","- ",,,"LOS ANGELES",BELLFLOWER,-118.12911987304688,33.874748229980469
9643872,2023,2023-12-13,1900,2023-10-14,1910,624453,0532,6,5,5,1959,0,0,0,,0,53T1/P,"SAN GABRIEL BL","GARVEY AV",177.00,S,N,A,-,N,,,,,,,,,,N,3,0,1,2,A,-,09,21804,,N,B,-,A,A,H,-,D,D,0,,Y,,,Y,,A,01,0,1,0,0,0,0,1,0,0,"- ","- ",34.061698913574219,-118.0906982421875,"LOS ANGELES",ROSEMEAD,-118.09053039550781,34.062156677246094
82297777,2023,2024-01-26,1972,2023-12-26,1716,21239,,2,5,6,1972,0,0,0,,0,,"TORRANCE BLVD","HENRIETTA ST",100.00,W,N,A,-,N,,,,,,,,,,N,3,0,1,2,A,-,05,21202,A,N,B,G,A,A,H,-,C,A,0,,Y,,,Y,,L,04,0,1,0,0,0,0,1,0,0,"- ","- ",33.837570190429688,-118.37116241455078,"LOS ANGELES",TORRANCE,-118.37142944335938,33.837581634521484
9520749,2023,2023-07-26,1900,2023-06-20,0730,476466,0617,2,5,6,1985,0,0,0,,0,01T1,"SIERRA HWY","MIKELYN RD",1324.00,S,N,A,-,N,,,,,,,,,,N,1,1,0,1,D,-,00,,,N,H,A,A,A,H,-,A,D,0,,Y,,,Y,,-,"- ",0,0,0,0,0,1,0,0,0,"- ","- ",34.385139465332031,-118.49059295654297,"LOS ANGELES","SANTA CLARITA",-118.49057006835938,34.385250091552734
9602811,2023,2023-08-15,1942,2023-07-06,2345,37304,1637,4,5,7,1942,0,0,0,P,0,26T56,"JAYSEEL ST","MOUNT GLEASON AV",0.00,,Y,A,-,N,,,,,,,,,,N,2,0,1,2,A,-,00,21450,,N,B,G,A,-,H,-,D,A,0,,Y,,,Y,,L,04,1,0,0,0,0,0,1,0,0,"- ","- ",,,"LOS ANGELES","LOS ANGELES",-118.30270385742188,34.265518188476562
9673474,2023,2024-03-12,1907,2023-12-21,2247,258,1,4,5,4,1907,0,0,0,,0,,"FLORENCE AV","CORONA AV",0.00,,Y,B,-,N,,,,,,,,,,N,4,0,1,2,A,-,00,21760,B,N,H,G,A,B,H,-,C,D,0,,Y,,,Y,,A,01,0,0,1,0,0,0,1,0,0,"- ","- ",33.971851348876953,-118.19703674316406,"LOS ANGELES",BELL,-118.19680786132812,33.971237182617188
92057977,2023,2023-05-01,9535,2023-04-18,1230,023244,,2,1,5,1948,0,1,3,,2,600,"SR-60 E/B TO ATLANTIC BLVD","ATLANTIC BLVD",0.00,,Y,A,-,Y,,,,,,,,,,N,4,0,1,2,A,-,09,21800,A,N,D,G,A,A,H,-,A,A,0,,Y,,Y,Y,,F,26,0,0,1,0,0,0,1,0,0,"- ","- ",34.034210205078125,-118.15183258056641,"LOS ANGELES","MONTEREY PARK",-118.14997863769531,34.035110473632812
92162663,2023,2023-09-05,9550,2023-08-17,2110,023004,,4,2,9,1900,0,2,4,,1,052,"OTTERBEIN AVE","COLIMA RD",173.00,N,N,A,-,N,,,,,,,,,,N,4,0,1,2,A,-,09,21804,A,N,D,G,A,A,H,-,C,D,0,,Y,,,Y,,L,04,0,0,1,0,0,0,1,0,0,"- ","- ",33.987850189208984,-117.88484954833984,"LOS ANGELES",UNINCORPORATED,-117.88484191894531,33.987724304199219
92253946,2023,2023-12-06,9530,2023-11-27,1840,020956,,1,2,9,1900,0,3,5,,2,005,"154TH ST.","CERISE AVE",0.00,,Y,A,-,N,,,,,,,,,,N,4,0,1,2,A,-,09,21800,A,N,D,G,A,A,H,-,C,D,0,,Y,,,Y,,L,04,0,0,1,0,0,0,1,0,0,"- ","- ",33.891441345214844,-118.33342742919922,"LOS ANGELES",UNINCORPORATED,-118.33345794677734,33.891407012939453
9601445,2023,2023-08-21,1900,2023-07-17,0438,624614,0452,1,5,6,1949,0,0,0,,0,43T1,"IMPERIAL HWY","NORWALK BL",0.00,,Y,A,-,N,,,,,,,,,,N,3,0,1,2,A,-,12,21453,A,N,D,G,A,A,H,-,C,A,0,,Y,,,Y,,L,04,0,1,0,0,0,0,1,0,0,"- ","- ",,,"LOS ANGELES",NORWALK,-118.07270050048828,33.917057037353516
9602334,2023,2023-08-10,1942,2023-07-16,0040,42595,0643,7,5,7,1942,0,0,0,F,0,6FB24,"LA BREA AV","HOLLYWOOD BL",30.00,S,N,A,-,N,,,,,,,,,,Y,3,0,1,2,A,-,01,23152,A,F,H,G,A,A,H,-,C,A,0,,Y,,,Y,Y,A,01,0,1,0,0,0,0,1,0,0,"- ","- ",,,"LOS ANGELES","LOS ANGELES",-118.34519195556641,34.101520538330078
9607041,2023,2023-09-08,1972,2023-07-18,2017,21239,,2,5,6,1972,0,0,0,,0,,"CARSON ST","PLAZA DEL AMO",0.00,,Y,A,-,N,,,,,,,,,,N,4,0,1,2,A,-,05,21650,1,N,D,G,A,A,H,-,C,A,0,,Y,,,Y,,L,,0,0,1,0,0,0,1,0,0,"- ","- ",,,"LOS ANGELES",TORRANCE,-118.32453155517578,33.831340789794922
9636882,2023,2023-11-16,1956,2023-08-14,0936,1384,8,1,5,5,1956,0,0,0,,0,001,ESPLANADE,"KNOB HILL AV",230.00,N,N,B,-,N,,,,,,,,,,N,2,0,1,2,A,-,09,21801,A,N,A,G,A,A,H,-,A,D,0,,Y,,,Y,,A,01,1,0,0,0,0,0,1,0,0,"- ","- ",,,"LOS ANGELES","REDONDO BEACH",-118.38972473144531,33.829586029052734
9657038,2023,2024-02-08,1900,2023-12-26,1602,653406,1417,2,5,1,1932,0,0,0,,0,141T6,"TEMPLE AV","AZUSA AV",0.00,,Y,A,-,N,,,,,,,,,,N,3,0,1,2,A,-,05,21202,A,N,G,G,A,A,H,-,A,A,0,,Y,,,Y,,L,04,0,1,0,0,0,0,1,0,0,"- ","- ",34.024608612060547,-117.91790008544922,"LOS ANGELES",INDUSTRY,-117.91770172119141,34.024681091308594
9657056,2023,2024-02-01,1900,2023-12-10,1630,655510,0331,7,5,4,1939,0,0,0,,0,35T1,"ROSECRANS AV","JEFFERSON AV",22.00,W,N,A,-,N,,,,,,,,,,N,3,0,1,2,A,-,05,21650,,N,-,G,A,A,H,-,A,A,0,,Y,,,Y,,L,04,0,1,0,0,0,0,1,0,0,"- ","- ",33.901988983154297,-118.3468017578125,"LOS ANGELES",LAWNDALE,-118.34677886962891,33.901908874511719
9682754,2023,2024-06-03,1942,2023-11-12,1605,40725,1413,7,5,7,1942,0,0,0,N,0,14A11,"ROSE AVE","3RD AV",145.00,E,N,A,-,N,,,,,,,,,,N,3,0,1,2,A,-,21,22106,,N,H,G,A,A,H,-,A,D,0,,Y,,,Y,,A,07,0,1,0,0,0,0,1,0,0,"- ","- ",,,"LOS ANGELES","LOS ANGELES",-118.47571563720703,33.997211456298828
81993749,2023,2023-02-14,1955,2023-01-23,1415,42838,83,1,5,6,1955,0,0,0,,0,005,"RIO RANCHO RD","RANCHO VALLEY DR",4.00,E,N,A,-,N,,,,,,,,,,N,3,0,1,2,A,-,12,21453,A,M,D,G,A,A,H,-,A,A,0,,Y,,,Y,,A,01,0,1,0,0,0,0,1,0,0,"- ","- ",34.033199310302734,-117.75649261474609,"LOS ANGELES",POMONA,-117.75662231445312,34.033164978027344
92050406,2023,2023-04-21,9530,2023-04-12,0540,018745,,3,3,5,1977,0,1,1,,2,410,"I-405 N/B TO WILMINGTON AVE.","WILMINGTON AVE.",13.00,E,N,A,-,Y,,,,,,,,,,N,2,0,1,2,A,-,09,21804,A,N,D,G,A,A,H,-,C,A,0,,Y,,,Y,,L,04,1,0,0,0,0,0,1,0,0,"- ","- ",33.826988220214844,-118.24108123779297,"LOS ANGELES",CARSON,-118.24108123779297,33.826988220214844
9586128,2023,2023-06-13,1942,2023-02-06,2020,41978,2002,1,5,7,1942,0,0,0,,0,27T33W,"WESTERN AV","ROSEWOOD AV",40.00,S,N,A,-,N,,,,,,,,,,N,4,0,1,3,A,-,03,22350,,N,B,G,A,A,H,-,C,D,0,,Y,,,Y,,-,"- ",0,0,1,0,0,0,1,0,0,"- ","- ",,,"LOS ANGELES","LOS ANGELES",-118.30915069580078,34.079189300537109
9610833,2023,2023-09-14,1900,2023-08-22,1830,618828,0644,2,5,6,1985,0,0,0,,0,64T1,"GOLDEN VALLEY RD","PLUM CANYON RD",0.00,,Y,A,-,N,,,,,,,,,,N,3,0,1,2,A,-,12,21455,,N,D,G,A,A,H,-,A,A,0,,Y,,,Y,,L,04,0,1,0,0,0,0,1,0,0,"- ","- ",34.446239471435547,-118.48355865478516,"LOS ANGELES","SANTA CLARITA",-118.48356628417969,34.446067810058594
9651733,2023,2024-02-26,1900,2023-12-08,0941,652772,0631,5,5,6,1985,0,0,0,,0,61T1,"SOLEDAD CANYON RD","KENROY AV",0.00,,Y,A,-,N,,,,,,,,,,N,3,0,1,2,A,-,08,22107,,N,A,G,A,A,H,-,A,D,0,,Y,,,Y,,L,04,0,1,0,0,0,0,1,0,0,"- ","- ",34.426898956298828,-118.42536163330078,"LOS ANGELES","SANTA CLARITA",-118.42559051513672,34.426898956298828
82141425,2023,2023-08-11,1965,2023-06-29,1654,4145,B001,4,5,5,1965,0,0,0,,0,0B1J,"LINCOLN CT","ARIZONA AVE",0.00,,Y,A,-,N,,,,,,,,,,N,3,0,1,2,A,-,08,22107,,N,B,G,A,A,H,-,A,D,0,,Y,,,Y,,A,01,0,1,0,0,0,0,1,0,0,"- ","- ",,,"LOS ANGELES","SANTA MONICA",-118.49296569824219,34.020847320556641
82207824,2023,2023-10-25,1922,2023-10-06,0528,709,1922,5,5,6,1922,0,0,0,,0,004,"DURFEE AVE","KLINGERMAN ST",270.00,N,N,A,-,N,,,,,,,,,,N,3,0,1,2,A,-,05,21650,,N,D,G,A,A,H,-,C,A,0,,Y,,,Y,,L,04,0,1,0,0,0,0,1,0,0,"- ","- ",34.050830841064453,-118.02365112304688,"LOS ANGELES","EL MONTE",-118.02302551269531,34.051338195800781
9526477,2023,2023-03-01,1900,2023-01-12,0740,656409,1321,4,5,5,1935,0,0,0,,0,132T2,"DEL AMO BL","WOODRUFF AV",300.00,W,N,A,-,N,,,,,,,,,,N,4,0,1,2,D,-,00,,,N,G,C,A,A,H,-,B,D,0,,Y,,,Y,,-,"- ",0,0,1,0,0,0,1,0,0,"- ","- ",33.846950531005859,-118.11727905273438,"LOS ANGELES",LAKEWOOD,-118.11742401123047,33.846988677978516
9615401,2023,2023-09-08,1900,2023-07-14,0700,504713,0454,5,5,6,1949,0,0,0,,0,43T1,"BLOOMFIELD AV","IMPERIAL HWY",456.00,S,N,A,-,N,,,,,,,,,,N,4,0,1,2,A,-,05,21650,1,N,H,G,A,A,H,-,A,D,0,,Y,,,Y,,L,04,0,0,1,0,0,0,1,0,0,"- ","- ",,,"LOS ANGELES",NORWALK,-118.06401062011719,33.915939331054688
9627018,2023,2023-10-09,1907,2023-06-13,0913,249,2,2,5,4,1907,0,0,0,,0,,"GAGE AV","PALM AV",20.00,W,N,A,-,N,,,,,,,,,,N,3,0,1,2,A,-,12,22450,A,N,H,G,A,A,H,-,A,A,0,,Y,,Y,Y,,L,04,0,1,0,0,0,0,1,0,0,"- ","- ",33.977161407470703,-118.17909240722656,"LOS ANGELES",BELL,-118.17919158935547,33.977176666259766
92245075,2023,2023-11-27,9530,2023-11-13,1735,022585,,1,2,9,1900,0,3,5,,2,005,"154TH ST.","DOTY AVE.",0.00,,Y,A,-,N,,,,,,,,,,N,3,0,1,2,A,-,09,21804,A,N,A,G,A,A,H,-,C,D,0,,Y,,,Y,,L,04,0,1,0,0,0,0,1,0,0,"- ","- ",33.890941619873047,-118.33930206298828,"LOS ANGELES",UNINCORPORATED,-118.33930206298828,33.890995025634766
9578879,2023,2023-05-24,1953,2023-04-22,1713,6116,1953,6,5,6,1953,0,0,0,,0,003,"HILL AV","COLORADO AV",0.00,,Y,A,-,N,,,,,,,,,,N,4,0,1,2,A,-,08,22107,,F,D,G,A,A,H,-,A,A,0,,Y,,,Y,,A,01,0,0,1,0,0,0,1,0,0,"- ","- ",,,"LOS ANGELES",PASADENA,-118.12136077880859,34.145980834960938
9578989,2023,2023-05-17,1953,2023-03-25,1822,1001,1953,6,5,6,1953,0,0,0,,0,002,"FAIR OAKS AV","YALE ST",200.00,N,N,A,-,N,,,,,,,,,,N,2,0,1,2,A,-,08,22107,,N,D,G,A,A,H,-,A,D,0,,Y,,,Y,Y,L,04,1,0,0,0,0,0,1,0,0,"- ","- ",,,"LOS ANGELES",PASADENA,-118.15061187744141,34.160739898681641
9609488,2023,2023-09-11,1942,2023-08-15,0150,40024,0166,2,5,7,1942,0,0,0,A,0,24MQ53,"SAN PEDRO ST","7TH ST",0.00,,Y,A,-,N,,,,,,,,,,N,2,0,1,2,A,-,12,21453,A,F,D,G,A,A,H,-,C,A,0,,Y,,,Y,,-,"- ",1,0,0,0,0,0,0,0,0,"- ","- ",,,"LOS ANGELES","LOS ANGELES",-118.24678039550781,34.040699005126953
9636929,2023,2023-11-29,1902,2023-10-26,0819,837,14,4,5,5,1902,0,0,0,,0,002,"GENOA ST","SANTA ANITA AV",9.00,E,N,A,-,N,,,,,,,,,,N,4,0,1,2,A,-,05,21650,1,N,D,G,A,A,H,-,A,A,0,,Y,,,Y,,L,04,0,0,1,0,0,0,1,0,0,"- ","- ",,,"LOS ANGELES",ARCADIA,-118.03133392333984,34.132308959960938
9649857,2023,2024-01-10,1941,2023-08-11,1131,11842,SOUTH,5,5,7,1941,0,0,0,,0,006,"BAY ST","EAST OCEAN BL",9.00,E,N,A,-,N,,,,,,,,,,N,3,0,1,2,A,-,09,21804,A,N,H,G,A,A,H,-,A,D,0,,Y,,,Y,,A,01,0,1,0,0,0,0,1,0,0,"- ","- ",33.764469146728516,-118.19259643554688,"LOS ANGELES","LONG BEACH",-118.49006652832031,34.006359100341797
9715278,2023,2024-08-22,1941,2023-10-12,1929,11201,WEST,4,5,7,1941,0,0,0,,0,005,"ORANGE AV","PACIFIC COAST HWY",124.00,S,N,A,-,Y,LA,7,1,-,-,5.521,I,6,S,N,4,0,1,2,D,-,00,,,N,D,G,A,A,H,-,C,D,0,,Y,,,Y,,-,"- ",0,0,1,0,0,0,1,0,0,"- ","- ",33.789859771728516,-118.17633056640625,"LOS ANGELES","LONG BEACH",-118.17632293701172,33.789806365966797
9715348,2023,2024-08-08,1941,2023-04-06,2230,11840,SOUTH,4,5,7,1941,0,0,0,,0,008,"7TH ST","ALAMITOS AV",0.00,,Y,A,-,N,,,,,,,,,,N,4,0,1,2,D,-,00,,,F,H,G,A,A,H,-,A,A,0,,Y,,,Y,,-,"- ",0,0,1,0,0,0,1,0,0,"- ","- ",33.775348663330078,-118.18018341064453,"LOS ANGELES","LONG BEACH",-118.18019866943359,33.775344848632812
82164195,2023,2023-09-07,1933,2023-09-04,1530,812,26,1,5,6,1933,0,0,0,,0,003,"PRAIRIE AV","HARDY ST",25.00,N,N,A,-,N,,,,,,,,,,N,4,0,1,2,A,-,07,21658,A,N,D,G,A,A,H,-,A,A,0,,Y,,,Y,,L,04,0,0,1,0,0,0,1,0,0,"- ","- ",33.949100494384766,-118.34391021728516,"LOS ANGELES",INGLEWOOD,-118.34394836425781,33.94915771484375
82228468,2023,2023-11-06,1965,2023-09-27,2030,3934,,3,5,5,1965,0,0,0,,0,,"23RD ST","OCEAN PARK BLVD",0.00,,Y,A,-,N,,,,,,,,,,N,4,0,1,2,A,-,05,21650,1,N,D,G,A,A,H,-,C,A,0,,Y,,,Y,,L,04,0,0,1,0,0,0,1,0,0,"- ","- ",,,"LOS ANGELES","SANTA MONICA",-118.46179962158203,34.015392303466797
92014042,2023,2023-03-09,9530,2023-02-19,1430,022714,,7,2,9,1900,0,3,5,,2,006,"VERMONT AVE.","GIAN DR.",240.00,N,N,A,-,N,,,,,,,,,,N,3,0,1,2,A,-,08,22107,,N,D,G,A,A,H,-,A,D,0,,Y,,,Y,,L,04,0,1,0,0,0,0,1,0,0,"- ","- ",33.822250366210938,-118.29032897949219,"LOS ANGELES",UNINCORPORATED,-118.29033660888672,33.822189331054688
92165060,2023,2023-09-07,9550,2023-09-01,1609,022809,,5,2,9,1900,0,2,4,,1,052,"COLIMA RD","JELLICK AVE",330.00,W,N,A,-,N,,,,,,,,,,N,4,0,1,2,A,-,05,21650,,N,D,G,A,A,H,-,A,D,0,,Y,,,Y,,L,04,0,0,1,0,0,0,1,0,0,"- ","- ",33.988368988037109,-117.90238189697266,"LOS ANGELES",UNINCORPORATED,-117.90228271484375,33.9881591796875
92268001,2023,2023-12-21,9530,2023-12-12,1305,023580,,2,1,9,1900,0,3,5,,2,003,"ROSECRANS AVE. (4400E)","ATLANTIC AVE.",12.00,W,N,A,-,N,,,,,,,,,,N,3,0,1,2,A,-,21,22106,,N,D,G,A,A,H,-,A,A,0,,Y,,,Y,,A,01,0,1,0,0,0,0,1,0,0,"- ","- ",33.903518676757812,-118.19412994384766,"LOS ANGELES",UNINCORPORATED,-118.19397735595703,33.903568267822266
9570314,2023,2023-04-18,1942,2023-01-08,1250,32973,0195,7,5,7,1942,0,0,0,A,0,24TL21,"MAPLE AV","14TH ST",0.00,,Y,A,B,N,,,,,,,,,,N,4,0,1,2,A,-,08,22107,,F,B,G,A,A,H,-,A,D,0,,Y,,,Y,,-,"- ",0,0,1,0,0,0,1,0,0,"- ","- ",,,"LOS ANGELES","LOS ANGELES",-118.25804138183594,34.033554077148438
81970431,2023,2023-01-18,1933,2023-01-12,1113,869,17,4,5,6,1933,0,0,0,,0,002,"HILLCREST BLVD","EUCALYPTUS AV",0.00,,Y,A,-,N,,,,,,,,,,N,4,0,1,2,A,-,12,22450,A,N,H,G,A,A,H,-,A,D,0,,Y,,,Y,,A,01,0,0,1,0,0,0,1,0,0,"- ","- ",33.956748962402344,-118.35941314697266,"LOS ANGELES",INGLEWOOD,-118.35948944091797,33.956668853759766
81979950,2023,2023-01-27,1975,2023-01-10,1850,462,WCPD,2,5,6,1975,0,0,0,,0,003,"FRANCISQUITO AV","BROADMOOR AV",227.00,E,N,B,-,N,,,,,,,,,,N,4,0,1,2,A,-,06,21755,A,N,D,G,A,B,H,-,C,D,0,,Y,,,Y,,A,01,0,0,1,0,0,0,1,0,0,"- ","- ",34.052078247070312,-117.95169067382812,"LOS ANGELES","WEST COVINA",-117.95112609863281,34.051639556884766
81979986,2023,2023-01-27,1922,2023-01-08,0950,662,,7,5,6,1922,0,0,0,,0,001,"RAMONA BLVD","VALLEY BLVD",750.00,E,N,B,-,N,,,,,,,,,,N,3,0,1,2,A,-,00,21760,D,F,B,G,A,A,H,-,A,D,0,,Y,,,Y,,A,01,0,1,0,0,0,0,1,0,0,"- ","- ",34.072681427001953,-118.03247833251953,"LOS ANGELES","EL MONTE",-118.03012847900391,34.073192596435547
81980945,2023,2023-01-30,1922,2023-01-05,0425,712,,4,5,6,1922,0,0,0,,0,004,"PECK RD","GARVEY AVE",10.00,S,N,C,-,N,,,,,,,,,,N,4,0,1,2,D,-,00,,,N,D,G,A,B,H,-,C,A,0,,Y,,,Y,,-,"- ",0,0,1,0,0,0,1,0,0,"- ","- ",34.062801361083984,-118.03054046630859,"LOS ANGELES","EL MONTE",-118.03054046630859,34.062824249267578
81990424,2023,2023-02-09,1933,2023-02-08,0730,812,23,3,5,6,1933,0,0,0,,0,002,"INGLEWOOD AV","98TH ST",0.00,,Y,A,-,N,,,,,,,,,,N,3,0,1,2,D,-,00,,,N,D,G,A,A,H,-,A,A,0,,Y,,,Y,,-,"- ",0,1,0,0,0,0,1,0,0,"- ","- ",33.947349548339844,-118.36134338378906,"LOS ANGELES",INGLEWOOD,-118.36135101318359,33.947261810302734
81992280,2023,2023-02-13,1955,2023-01-27,1141,42953,0066,5,5,6,1955,0,0,0,,0,001,"TEMPLE AVE","SOUTH CAMPUS DR",65.00,N,N,A,-,N,,,,,,,,,,N,4,0,1,2,A,-,03,22350,,N,C,G,A,A,H,-,A,D,0,,Y,,,Y,,D,22,0,0,1,0,0,0,1,0,0,"- ","- ",34.0501708984375,-117.81658172607422,"LOS ANGELES",POMONA,-117.81680297851562,34.050167083740234
81997729,2023,2023-02-20,1955,2023-01-25,2049,42804,100,3,5,6,1955,0,0,0,,0,003,"CENTER ST","TOWNE AVE",1.00,E,Y,A,-,N,,,,,,,,,,N,4,0,1,2,A,-,12,22450,A,N,D,G,A,A,H,-,C,D,0,,Y,,,Y,,A,01,0,0,1,0,0,0,1,0,0,"- ","- ",34.061779022216797,-117.74153137207031,"LOS ANGELES",POMONA,-117.74153900146484,34.061649322509766
81998546,2023,2023-02-21,1933,2023-01-13,1614,1032,03,5,5,6,1933,0,0,0,,0,001,"FLORENCE AV","HIGH ST",0.00,,Y,A,-,N,,,,,,,,,,N,3,0,1,2,A,-,08,22107,,N,A,G,A,A,H,-,A,A,0,,Y,,,Y,,L,04,0,1,0,0,0,0,1,0,0,"- ","- ",,,"LOS ANGELES",INGLEWOOD,-118.33853912353516,33.974166870117188
82001883,2023,2023-02-24,1965,2023-01-13,1726,3553,0B2A,5,5,5,1965,0,0,0,,0,B002,"OCEAN PARK BLVD","6TH ST (W)",0.00,,Y,B,-,N,,,,,,,,,,N,3,0,1,2,A,-,09,21801,A,N,H,G,A,A,H,-,C,A,0,,Y,,,Y,,A,01,0,1,0,0,0,0,1,0,0,"- ","- ",,,"LOS ANGELES","SANTA MONICA",-118.47966003417969,34.005023956298828
82009570,2023,2023-03-06,1922,2023-01-22,1401,708,,7,5,6,1922,0,0,0,,0,001,"SANTA ANITA AVE","MAIN ST",12.00,S,N,A,-,N,,,,,,,,,,N,4,0,1,2,A,-,12,21453,A,N,D,G,A,A,H,-,A,A,0,,Y,,,Y,,A,01,0,0,1,0,0,0,1,0,0,"- ","- ",34.075809478759766,-118.04134368896484,"LOS ANGELES","EL MONTE",-118.04133605957031,34.075809478759766
82009811,2023,2023-03-06,1965,2023-02-01,1602,3553,0B3D,3,5,5,1965,0,0,0,,0,B003,"9TH ST","MICHIGAN AVE",159.00,S,N,A,-,N,,,,,,,,,,N,4,0,1,2,A,-,21,22106,,N,H,G,A,A,H,-,A,A,0,,Y,,,Y,,A,01,0,0,1,0,0,0,1,0,0,"- ","- ",,,"LOS ANGELES","SANTA MONICA",-118.48347473144531,34.0142822265625
82009961,2023,2023-03-06,1975,2023-02-08,1708,442,WCPD,3,5,6,1975,0,0,0,,0,004,"HOLLY PL","CAMERON AV (E)",0.00,,Y,A,-,N,,,,,,,,,,N,4,0,1,2,A,-,05,21650,1,N,H,G,A,A,H,-,A,D,0,,Y,,,Y,,L,04,0,0,1,0,0,0,1,0,0,"- ","- ",34.061328887939453,-117.92871856689453,"LOS ANGELES","WEST COVINA",-117.92977905273438,34.061309814453125
82012125,2023,2023-03-08,1947,2023-02-11,1014,1461,,6,5,5,1947,0,0,0,,0,00A,"GREENWOOD AVE","OAKWOOD ST",556.00,N,N,A,-,N,,,,,,,,,,N,4,0,1,2,A,-,05,21650,,N,D,G,A,A,H,-,A,D,0,,Y,,,Y,,L,04,0,0,1,0,0,0,1,0,0,"- ","- ",33.988929748535156,-118.12297821044922,"LOS ANGELES",MONTEBELLO,-118.12214660644531,33.990329742431641
82012127,2023,2023-03-08,1948,2023-01-23,1812,467,1948,1,5,5,1948,0,0,0,,0,002,"GARVEY AV","HUNTINGTON AV",152.00,W,N,A,-,Y,,,,,,,,,,N,2,0,1,2,A,-,08,22107,,N,C,G,A,A,H,-,C,D,0,,Y,,,Y,,L,04,1,0,0,0,0,0,1,0,0,"- ","- ",34.0625,-118.1259765625,"LOS ANGELES","MONTEREY PARK",-118.12648773193359,34.06243896484375