CASE_ID,ACCIDENT_YEAR,PROC_DATE,JURIS,COLLISION_DATE,COLLISION_TIME,OFFICER_ID,REPORTING_DISTRICT,DAY_OF_WEEK,CHP_SHIFT,POPULATION,CNTY_CITY_LOC,SPECIAL_COND,BEAT_TYPE,CHP_BEAT_TYPE,CITY_DIVISION_LAPD,CHP_BEAT_CLASS,BEAT_NUMBER,PRIMARY_RD,SECONDARY_RD,DISTANCE,DIRECTION,INTERSECTION,WEATHER_1,WEATHER_2,STATE_HWY_IND,CALTRANS_COUNTY,CALTRANS_DISTRICT,STATE_ROUTE,ROUTE_SUFFIX,POSTMILE_PREFIX,POSTMILE,LOCATION_TYPE,RAMP_INTERSECTION,SIDE_OF_HWY,TOW_AWAY,COLLISION_SEVERITY,NUMBER_KILLED,NUMBER_INJURED,PARTY_COUNT,PRIMARY_COLL_FACTOR,PCF_CODE_OF_VIOL,PCF_VIOL_CATEGORY,PCF_VIOLATION,PCF_VIOL_SUBSECTION,HIT_AND_RUN,TYPE_OF_COLLISION,MVIW,PED_ACTION,ROAD_SURFACE,ROAD_COND_1,ROAD_COND_2,LIGHTING,CONTROL_DEVICE,CHP_ROAD_TYPE,PEDESTRIAN_ACCIDENT,BICYCLE_ACCIDENT,MOTORCYCLE_ACCIDENT,TRUCK_ACCIDENT,NOT_PRIVATE_PROPERTY,ALCOHOL_INVOLVED,STWD_VEHTYPE_AT_FAULT,CHP_VEHTYPE_AT_FAULT,COUNT_SEVERE_INJ,COUNT_VISIBLE_INJ,COUNT_COMPLAINT_PAIN,COUNT_PED_KILLED,COUNT_PED_INJURED,COUNT_BICYCLIST_KILLED,COUNT_BICYCLIST_INJURED,COUNT_MC_KILLED,COUNT_MC_INJURED,PRIMARY_RAMP,SECONDARY_RAMP,LATITUDE,LONGITUDE,COUNTY,CITY,POINT_X,POINT_Y
82020269,2023,2023-03-17,1969,2023-02-21,0845,20279,TRAFF,2,5,5,1969,0,0,0,,0,002,"CALIFORNIA AV","INDEPENDENCE AV",0.00,,Y,A,-,N,,,,,,,,,,N,4,0,1,2,A,-,12,21453,A,N,D,G,A,A,H,-,A,A,0,,Y,,,Y,,L,04,0,0,1,0,0,0,1,0,0,"- ","- ",33.957691192626953,-118.20555114746094,"LOS ANGELES","SOUTH GATE",-118.20556640625,33.957664489746094
82032263,2023,2023-03-30,1933,2023-03-27,1328,812,30,1,5,6,1933,0,0,0,,0,004,"PRAIRIE AV","107TH ST (S)",0.00,,Y,A,-,N,,,,,,,,,,N,3,0,1,2,A,-,09,21801,A,F,D,G,A,A,H,-,A,A,0,,Y,,,Y,,A,07,0,1,0,0,0,0,1,0,0,"- ","- ",33.93878173828125,-118.34394073486328,"LOS ANGELES",INGLEWOOD,-118.34393310546875,33.939109802246094
82035237,2023,2023-04-03,1955,2023-03-04,1040,42951,0050,6,5,6,1955,0,0,0,,0,001,"HOLT AVE","FILLMORE PL",76.00,W,N,A,-,N,,,,,,,,,,N,4,0,1,2,A,-,10,21952,,N,D,G,A,A,H,-,A,A,0,,Y,,,Y,,A,01,0,0,1,0,0,0,1,0,0,"- ","- ",34.061969757080078,-117.76712036132812,"LOS ANGELES",POMONA,-117.76737976074219,34.06195068359375
82040005,2023,2023-04-10,1947,2023-03-12,1839,1411,"EAST ",7,5,5,1947,0,0,0,,0,00A,"WHITTIER BLVD","CONCOURSE AVE",0.00,,Y,A,-,N,,,,,,,,,,N,3,0,1,2,A,-,08,22100,A,F,D,G,A,A,H,-,C,A,0,,Y,,,Y,,-,"- ",0,1,0,0,0,0,1,0,0,"- ","- ",34.014030456542969,-118.1268310546875,"LOS ANGELES",MONTEBELLO,-118.12689971923828,34.013950347900391
82040250,2023,2023-04-10,1965,2023-02-27,1114,4151,,1,5,5,1965,0,0,0,,0,,"IDAHO AVE","10TH ST",0.00,,Y,C,-,N,,,,,,,,,,N,4,0,1,2,A,-,12,22450,A,N,D,G,A,B,H,-,A,D,0,,Y,,,Y,,L,04,0,0,1,0,0,0,1,0,0,"- ","- ",,,"LOS ANGELES","SANTA MONICA",-118.49742126464844,34.027759552001953
82043845,2023,2023-04-13,1923,2023-03-18,1232,538,E115,6,5,3,1923,0,0,0,,0,3L2D,"EL SEGUNDO BLVD","OREGON ST",187.00,E,N,A,-,N,,,,,,,,,,N,3,0,1,1,A,-,03,22350,,N,H,A,A,A,H,-,A,D,0,,Y,,,Y,,L,04,0,1,0,0,0,0,1,0,0,"- ","- ",,,"LOS ANGELES","EL SEGUNDO",-118.40208435058594,33.916389465332031
82045998,2023,2023-04-17,1955,2023-02-12,0953,42951,0014,7,5,6,1955,0,0,0,,0,003,"KINGSLEY AVE","KARESH AVE (E)",98.00,E,N,A,-,N,,,,,,,,,,N,4,0,1,2,A,-,10,21952,,N,D,G,A,A,H,-,A,A,0,,Y,,,Y,,L,04,0,0,1,0,0,0,1,0,0,"- ","- ",34.066898345947266,-117.72254180908203,"LOS ANGELES",POMONA,-117.72254943847656,34.066829681396484
82046006,2023,2023-04-17,1955,2023-04-04,1059,40624,3,2,5,6,1955,0,0,0,,0,004,"GAREY AVE","7TH ST",0.00,,Y,A,-,N,,,,,,,,,,N,3,0,1,2,A,-,12,21453,A,N,D,G,A,A,H,-,A,A,0,,Y,,,Y,,L,04,0,1,0,0,0,0,1,0,0,"- ","- ",34.053298950195312,-117.74996948242188,"LOS ANGELES",POMONA,-117.74997711181641,34.053264617919922
82049069,2023,2023-04-20,1965,2023-02-28,1518,3553,0B3B,2,5,5,1965,0,0,0,,0,B003,"20TH ST","SANTA MONICA BLVD",0.00,,Y,B,-,N,,,,,,,,,,N,4,0,1,2,A,-,00,21760,C,F,H,G,A,A,H,-,A,A,0,,Y,,,Y,,A,07,0,0,1,0,0,0,1,0,0,"- ","- ",,,"LOS ANGELES","SANTA MONICA",-118.48001098632812,34.028659820556641
82052256,2023,2023-04-25,1969,2023-03-31,0736,10226,TRAFF,5,5,5,1969,0,0,0,,0,003,"TWEEDY BLVD","OTIS ST",0.00,,Y,A,-,N,,,,,,,,,,N,4,0,1,2,A,-,05,21202,A,N,D,G,A,A,H,-,A,A,0,,Y,,,Y,,L,04,0,0,1,0,0,0,1,0,0,"- ","- ",33.943321228027344,-118.19770050048828,"LOS ANGELES","SOUTH GATE",-118.19766235351562,33.943328857421875
82057693,2023,2023-05-01,1955,2023-03-22,2030,42804,7,3,5,6,1955,0,0,0,,0,003,"HOLT AVE","TOWNE AVE",10.00,W,Y,C,-,N,,,,,,,,,,N,4,0,1,2,A,-,08,22107,,F,D,G,A,B,H,-,C,A,0,,Y,,,Y,,A,01,0,0,1,0,0,0,1,0,0,"- ","- ",34.062580108642578,-117.7415771484375,"LOS ANGELES",POMONA,-117.74161529541016,34.062580108642578
82066232,2023,2023-05-11,1922,2023-04-05,0134,716,,3,5,6,1922,0,0,0,,0,004,"TYLER AVE","KLINGERMAN ST",5.00,N,N,A,-,N,,,,,,,,,,N,4,0,1,2,A,-,12,21453,A,F,D,G,A,A,H,-,C,A,0,,Y,,,Y,,A,01,0,0,1,0,0,0,1,0,0,"- ","- ",34.056079864501953,-118.03560638427734,"LOS ANGELES","EL MONTE",-118.03565216064453,34.056034088134766
82070477,2023,2023-05-17,1922,2023-04-26,1700,463,,3,5,6,1922,0,0,0,,0,004,"VALLEY BLVD","MOUNTAIN VIEW RD",500.00,E,N,A,-,N,,,,,,,,,,N,4,0,1,2,A,-,09,21801,B,F,D,G,A,A,H,-,A,A,0,,Y,,,Y,,A,01,0,0,1,0,0,0,1,0,0,"- ","- ",34.063789367675781,-118.02085113525391,"LOS ANGELES","EL MONTE",-118.01953125,34.062957763671875
82071564,2023,2023-05-18,1969,2023-04-21,1455,10208,TRAFF,5,5,5,1969,0,0,0,,0,003,"ARDMORE AV","OTIS ST",4.00,E,N,A,-,N,,,,,,,,,,N,4,0,1,2,A,-,12,21453,A,N,D,G,A,A,H,-,A,D,0,,Y,,,Y,,L,04,0,0,1,0,0,0,1,0,0,"- ","- ",,,"LOS ANGELES","SOUTH GATE",-118.19605255126953,33.956348419189453
82080201,2023,2023-05-29,1975,2023-04-21,0830,474,WCPD,5,5,6,1975,0,0,0,,0,004,"GLENDORA AV","CAMERON AV",0.00,,Y,A,-,N,,,,,,,,,,N,4,0,1,2,A,-,12,21453,A,N,H,G,A,A,H,-,A,A,0,,Y,,,Y,,-,"- ",0,0,1,0,0,0,1,0,0,"- ","- ",34.061630249023438,-117.93179321289062,"LOS ANGELES","WEST COVINA",-117.93181610107422,34.061614990234375
82082962,2023,2023-06-01,1969,2023-05-11,1320,10224,TRAFF,4,5,5,1969,0,0,0,,0,003,"MALLISON AV","SOUTHERN AV",200.00,S,N,A,-,N,,,,,,,,,,N,3,0,1,3,A,-,17,22517,,N,C,G,A,A,H,-,A,D,0,,Y,,,Y,,A,01,0,1,0,0,0,0,1,0,0,"- ","- ",33.950180053710938,-118.19779968261719,"LOS ANGELES","SOUTH GATE",-118.19783020019531,33.949615478515625
82085337,2023,2023-06-05,1925,2023-05-06,0840,26050,211,6,5,6,1925,0,0,0,,0,001,"RIVERSIDE DRIVE","JUSTIN AVENUE",36.00,W,N,A,-,N,,,,,,,,,,N,3,0,1,2,A,-,09,21804,A,N,C,G,A,A,H,-,A,A,0,,Y,,,Y,,D,23,0,1,0,0,0,0,1,0,0,"- ","- ",,,"LOS ANGELES",GLENDALE,-118.29936981201172,34.158672332763672
82090603,2023,2023-06-12,1948,2023-06-05,1657,438,1948,1,5,5,1948,0,0,0,,0,003,"ELMGATE ST","GARFIELD AV",160.00,W,N,A,-,N,,,,,,,,,,N,3,0,1,1,A,-,03,22350,,N,F,A,A,A,H,-,A,D,0,,Y,,,Y,,L,04,0,1,0,0,0,0,1,0,0,"- ","- ",34.040988922119141,-118.12917327880859,"LOS ANGELES","MONTEREY PARK",-118.12967681884766,34.041019439697266
82090797,2023,2023-06-12,1922,2023-04-09,1716,614,,7,5,6,1922,0,0,0,,0,003,"WASHINGTON AVE","GARVEY AVE",2.00,S,N,A,-,N,,,,,,,,,,N,4,0,1,2,A,-,03,22350,,N,D,G,A,A,H,-,A,D,0,,Y,,,Y,,A,07,0,0,1,0,0,0,1,0,0,"- ","- ",34.062770843505859,-118.03822326660156,"LOS ANGELES","EL MONTE",-118.03813934326172,34.062831878662109
82093179,2023,2023-06-14,1925,2023-05-23,2046,21370,260,2,5,6,1925,0,0,0,,0,002,"CENTRAL AVENUE","COLORADO STREET",400.00,N,N,A,-,N,,,,,,,,,,N,3,0,1,1,D,-,00,,,N,H,A,A,A,H,-,C,D,0,,Y,,,Y,Y,-,"- ",0,1,0,0,0,0,1,0,0,"- ","- ",34.142440795898438,-118.25794219970703,"LOS ANGELES",GLENDALE,-118.25788879394531,34.143638610839844
82095259,2023,2023-06-16,1975,2023-05-31,1540,459,WCPD,3,5,6,1975,0,0,0,,0,004,"MERCED AV","LARK ELLEN AV",0.00,,Y,B,-,N,,,,,,,,,,N,4,0,1,2,A,-,12,22450,A,N,D,G,A,A,H,-,A,A,0,,Y,,,Y,,L,04,0,0,1,0,0,0,1,0,0,"- ","- ",34.053939819335938,-117.91683197021484,"LOS ANGELES","WEST COVINA",-117.91683197021484,34.053920745849609
82095341,2023,2023-06-16,1925,2023-05-20,1103,28670,158,6,5,6,1925,0,0,0,,0,004,"VERDUGO ROAD","GLENOAKS BOULEVARD",255.00,S,N,A,-,N,,,,,,,,,,N,3,0,1,2,A,-,17,22517,,N,B,G,A,A,H,-,A,D,0,,Y,,,Y,,A,01,0,1,0,0,0,0,1,0,0,"- ","- ",34.157741546630859,-118.237060546875,"LOS ANGELES",GLENDALE,-118.23719787597656,34.157047271728516
82096112,2023,2023-06-19,1948,2023-06-10,0103,489,1948,6,5,5,1948,0,0,0,,0,001,"GARVEY AV","ELECTRIC AV",0.00,,Y,A,-,N,,,,,,,,,,N,4,0,1,2,A,-,08,22107,,M,C,G,A,A,H,-,C,D,0,,Y,,,Y,Y,A,01,0,0,1,0,0,0,1,0,0,"- ","- ",34.062370300292969,-118.1390380859375,"LOS ANGELES","MONTEREY PARK",-118.13906860351562,34.06231689453125
82097552,2023,2023-06-20,1933,2023-06-17,1747,1047,02,6,5,6,1933,0,0,0,,0,001,"CENTINELA AV","STEPNEY ST",35.00,S,N,A,-,N,,,,,,,,,,N,2,0,1,2,A,-,03,22350,,N,C,G,A,A,H,-,A,A,0,,Y,,,Y,,A,01,1,0,0,0,0,0,1,0,0,"- ","- ",33.973770141601562,-118.35015106201172,"LOS ANGELES",INGLEWOOD,-118.35024261474609,33.973659515380859
82101600,2023,2023-06-26,1909,2023-05-18,2120,586,1909,4,5,4,1909,0,0,0,,0,001,"FLORENCE PL","SCOUT AV",0.00,,Y,A,-,Y,,,,,,,,,,N,2,0,1,2,A,-,12,22450,A,F,D,G,A,A,H,-,C,A,0,,Y,,,Y,,A,01,1,0,0,0,0,0,1,0,0,"- ","- ",33.9652099609375,-118.13996124267578,"LOS ANGELES","BELL GARDENS",-118.13998413085938,33.965206146240234
82106738,2023,2023-06-30,1923,2023-06-04,1829,552,E211,7,5,3,1923,0,0,0,,0,ES2,"GRAND AVE","CENTER ST",0.00,,Y,B,-,N,,,,,,,,,,N,3,0,1,2,A,-,12,22450,A,N,D,G,A,A,H,-,A,D,0,,Y,,,Y,,L,04,0,1,0,0,0,0,1,0,0,"- ","- ",33.919399261474609,-118.4049072265625,"LOS ANGELES","EL SEGUNDO",-118.40486907958984,33.919441223144531
82106742,2023,2023-06-30,1948,2023-05-22,1925,485,1948,1,5,5,1948,0,0,0,,0,002,"CHANDLER AV","GARVEY AV",0.00,N,Y,A,-,N,,,,,,,,,,N,3,0,1,2,A,-,12,21453,A,N,D,G,A,A,H,-,C,A,0,,Y,,,Y,,A,01,0,1,0,0,0,0,1,0,0,"- ","- ",34.062480926513672,-118.132080078125,"LOS ANGELES","MONTEREY PARK",-118.13203430175781,34.062389373779297
82112377,2023,2023-07-10,1965,2023-06-02,0807,4083,0B1L,5,5,5,1965,0,0,0,,0,B001,"OCEAN AVE","WILSHIRE BLVD",0.00,,Y,A,-,N,,,,,,,,,,N,3,0,1,1,A,-,03,22350,,N,E,I,A,A,H,-,A,A,0,,Y,,,Y,,L,04,0,1,0,0,0,0,1,0,0,"- ","- ",,,"LOS ANGELES","SANTA MONICA",-118.50124359130859,34.016777038574219
82112530,2023,2023-07-10,1923,2023-06-18,1624,539,E104,7,5,3,1923,0,0,0,,0,3L7S,"PALM AVE","WHITING ST",0.00,,Y,B,-,N,,,,,,,,,,N,3,0,1,2,A,-,12,22450,A,N,D,G,A,A,H,-,A,D,0,,Y,,,Y,,L,04,0,1,0,0,0,0,1,0,0,"- ","- ",33.925060272216797,-118.42069244384766,"LOS ANGELES","EL SEGUNDO",-118.42069244384766,33.925067901611328
82115542,2023,2023-07-13,1969,2023-06-11,1945,10165,TRAFF,7,5,5,1969,0,0,0,,0,002,"TWEEDY BLVD","ELIZABETH AV (E)",0.00,,Y,A,-,N,,,,,,,,,,N,4,0,1,2,A,-,05,21650,1,N,D,G,A,A,H,-,A,D,0,,Y,,,Y,,L,04,0,0,1,0,0,0,1,0,0,"- ","- ",33.94464111328125,-118.20951080322266,"LOS ANGELES","SOUTH GATE",-118.20974731445312,33.944660186767578
82115549,2023,2023-07-13,1969,2023-06-21,0840,10226,TRAFF,3,5,5,1969,0,0,0,,0,001,"FILESTONE BLVD","LONG BEACH BLVD",134.00,W,N,A,-,N,,,,,,,,,,N,3,0,1,2,A,-,05,21202,A,F,D,G,A,A,H,-,A,D,0,,Y,,,Y,,L,04,0,1,0,0,0,0,1,0,0,"- ","- ",33.955650329589844,-118.22028350830078,"LOS ANGELES","SOUTH GATE",-118.22068023681641,33.955585479736328
82116592,2023,2023-07-14,1925,2023-06-30,1534,22783,172,5,5,6,1925,0,0,0,,0,001,"DRYDEN STREET","PACIFIC AVENUE",111.00,W,N,A,-,N,,,,,,,,,,N,3,0,1,2,A,-,05,21650,1,N,D,G,A,A,H,-,A,D,0,,Y,,,Y,,L,04,0,1,0,0,0,0,1,0,0,"- ","- ",34.160781860351562,-118.26438140869141,"LOS ANGELES",GLENDALE,-118.26476287841797,34.160717010498047
82124932,2023,2023-07-25,1969,2023-06-29,0159,10260,PATRO,4,5,5,1969,0,0,0,,0,004,"FILESTONE BLVD","HILDRETH AV",50.00,W,N,A,-,N,,,,,,,,,,N,4,0,1,2,A,-,08,22107,,F,D,G,A,A,H,-,C,D,0,,Y,,,Y,,L,04,0,0,1,0,0,0,1,0,0,"- ","- ",33.952301025390625,-118.18699645996094,"LOS ANGELES","SOUTH GATE",-118.18714141845703,33.952266693115234
82126247,2023,2023-07-26,1925,2023-07-12,0613,26039,199,3,5,6,1925,0,0,0,,0,001,"SONORA AVENUE","FLOWER STREET",0.00,,Y,A,-,N,,,,,,,,,,N,3,0,1,2,A,-,09,21801,A,N,D,G,A,A,H,-,A,A,0,,Y,,,Y,,D,22,0,1,0,0,0,0,1,0,0,"- ","- ",34.162910461425781,-118.29141998291016,"LOS ANGELES",GLENDALE,-118.29146575927734,34.162956237792969
82141438,2023,2023-08-11,1925,2023-07-29,1209,28644,146,6,5,6,1925,0,0,0,,0,005,"VERDUGO BOULEVARD","PARK PLACE",290.00,E,N,B,-,N,,,,,,,,,,N,3,0,1,2,A,-,08,22107,,N,D,G,A,A,H,-,A,A,0,,Y,,,Y,,A,07,0,1,0,0,0,0,1,0,0,"- ","- ",34.204761505126953,-118.22319793701172,"LOS ANGELES",GLENDALE,-118.22222137451172,34.204700469970703
82142652,2023,2023-08-14,1922,2023-06-13,0810,712,,2,5,6,1922,0,0,0,,0,001,"SANTA ANITA AVE","EMERY ST",0.00,,Y,B,-,N,,,,,,,,,,N,3,0,1,2,A,-,05,21650,1,N,B,G,A,A,H,-,A,A,0,,Y,,,Y,,L,04,0,1,0,0,0,0,1,0,0,"- ","- ",34.087841033935547,-118.02796936035156,"LOS ANGELES","EL MONTE",-118.02787780761719,34.087734222412109
82145905,2023,2023-08-17,1922,2023-06-30,1648,682,,5,5,6,1922,0,0,0,,0,003,"GARVEY AVE","SASTRE AVE",200.00,E,N,A,-,N,,,,,,,,,,N,4,0,1,2,A,-,05,21202,A,N,D,G,A,A,H,-,A,D,0,,Y,,,Y,,L,04,0,0,1,0,0,0,1,0,0,"- ","- ",34.062648773193359,-118.05438232421875,"LOS ANGELES","EL MONTE",-118.05368804931641,34.062740325927734
82146995,2023,2023-08-21,1947,2023-05-27,2120,1464,****L,6,5,5,1947,0,0,0,,0,00D,"BLUFF RD","BEACH ST",120.00,S,N,A,-,N,,,,,,,,,,N,2,0,1,2,A,-,03,22350,,F,C,G,A,A,H,-,C,D,0,,Y,,,Y,,-,99,1,0,0,0,0,0,1,0,0,"- ","- ",33.995868682861328,-118.10887145996094,"LOS ANGELES",MONTEBELLO,-118.10899353027344,33.995628356933594
82147008,2023,2023-08-18,1922,2023-07-21,1528,712,,5,5,6,1922,0,0,0,,0,004,"DURFEE AVE","POINSETTIA AVE",8.00,S,N,A,-,N,,,,,,,,,,N,3,0,1,2,A,-,05,21651,B,N,D,G,A,A,H,-,A,A,0,,Y,,,Y,,L,04,0,1,0,0,0,0,1,0,0,"- ","- ",34.054630279541016,-118.01902008056641,"LOS ANGELES","EL MONTE",-118.01898956298828,34.054634094238281
82150919,2023,2023-08-23,1933,2023-06-22,0848,1032,08,4,5,6,1933,0,0,0,,0,001,"OAK ST","QUEEN ST",0.00,,Y,A,-,N,,,,,,,,,,N,4,0,1,2,A,-,09,21804,A,N,D,G,A,A,H,-,A,D,0,,Y,,,Y,,A,01,0,0,1,0,0,0,1,0,0,"- ","- ",33.962890625,-118.36612701416016,"LOS ANGELES",INGLEWOOD,-118.36623382568359,33.962814331054688
82155266,2023,2023-08-28,1925,2023-08-16,1505,21092,241,3,5,6,1925,0,0,0,,0,003,BROADWAY,"MAYNARD STREET",293.00,W,N,A,-,N,,,,,,,,,,N,3,0,1,2,A,-,05,21650,1,M,D,G,A,A,H,-,A,C,0,,Y,,,Y,,L,04,0,1,0,0,0,0,1,0,0,"- ","- ",,,"LOS ANGELES",GLENDALE,-118.2314453125,34.14617919921875
82162942,2023,2023-09-06,1973,2023-08-24,0620,655,1973,4,5,1,1973,0,0,0,,0,002,"FRUITLAND AVENUE","BOYLE AVENUE",12.00,S,N,B,-,N,,,,,,,,,,N,3,0,1,2,A,-,09,21800,A,F,H,G,A,A,H,-,A,A,0,,Y,,,Y,Y,A,01,0,1,0,0,0,0,1,0,0,"- ","- ",33.996551513671875,-118.21293640136719,"LOS ANGELES",VERNON,-118.21298217773438,33.99652099609375
82167688,2023,2023-09-12,1969,2023-08-06,1720,10224,TRAFF,7,5,5,1969,0,0,0,,0,005,"SOUTHERN AV","KARMONT AV",75.00,W,N,A,-,N,,,,,,,,,,N,3,0,1,2,A,-,09,21804,A,N,D,G,A,A,H,-,A,D,0,,Y,,,Y,,A,01,0,1,0,0,0,0,1,0,0,"- ","- ",33.944110870361328,-118.162353515625,"LOS ANGELES","SOUTH GATE",-118.16260528564453,33.944118499755859
82168713,2023,2023-09-13,1969,2023-08-31,1403,10226,TRAFF,4,5,5,1969,0,0,0,,0,004,"WRIGHT RD","ABBOTT RD",185.00,S,N,A,-,N,,,,,,,,,,N,4,0,1,2,A,-,05,21202,A,N,D,G,A,A,H,-,A,D,0,,Y,,,Y,,L,04,0,0,1,0,0,0,1,0,0,"- ","- ",33.933849334716797,-118.18055725097656,"LOS ANGELES","SOUTH GATE",-118.18056488037109,33.933303833007812
82170621,2023,2023-09-15,1973,2023-09-02,1928,655,,6,5,1,1973,0,0,0,,0,001,"FRUITLAND AVE","PACIFIC BLVD",6.00,E,N,B,-,N,,,,,,,,,,N,4,0,1,2,A,-,05,21650,1,N,D,G,A,A,H,-,C,A,0,,Y,,,Y,,L,04,0,0,1,0,0,0,1,0,0,"- ","- ",,,"LOS ANGELES",VERNON,-118.22525024414062,33.996318817138672
82173820,2023,2023-09-19,1947,2023-08-15,2025,1452,,2,5,5,1947,0,0,0,,0,00B,"BEVERLY BLVD","MAPLE AVE",0.00,,Y,A,-,N,,,,,,,,,,N,4,0,1,2,A,-,09,21801,A,N,D,G,A,A,H,-,C,A,0,,Y,,,Y,,A,01,0,0,1,0,0,0,1,0,0,"- ","- ",34.018970489501953,-118.11446380615234,"LOS ANGELES",MONTEBELLO,-118.11444091796875,34.018993377685547
82173829,2023,2023-09-19,1947,2023-08-31,0527,1440,,4,5,5,1947,0,0,0,,0,00B,"WHITTIER BLVD","MONTEBELLO BLVD",0.00,,Y,A,-,N,,,,,,,,,,N,2,0,1,2,A,-,12,21453,A,F,D,G,A,A,H,-,C,A,0,,Y,,,Y,,D,22,1,0,0,0,0,0,1,0,0,"- ","- ",34.010021209716797,-118.10826110839844,"LOS ANGELES",MONTEBELLO,-118.10825347900391,34.010082244873047
82174205,2023,2023-09-20,1909,2023-08-12,0936,622,1909,6,5,4,1909,0,0,0,,0,NORTH,"EL SELINDA AV","GAGE AV",155.00,N,N,A,-,N,,,,,,,,,,N,3,0,1,2,A,-,09,21804,A,N,D,G,A,A,H,-,A,D,0,,Y,,,Y,,L,04,0,1,0,0,0,0,1,0,0,"- ","- ",33.975059509277344,-118.15959167480469,"LOS ANGELES","BELL GARDENS",-118.15951538085938,33.975490570068359
82189883,2023,2023-10-04,1933,2023-10-02,0807,812,34,1,5,6,1933,0,0,0,,0,004,"IMPERIAL HWY","DOTY AV",195.00,E,N,A,-,N,,,,,,,,,,N,4,0,1,2,D,-,00,,,N,D,G,A,A,H,-,A,D,0,,Y,,,Y,,-,"- ",0,0,1,0,0,0,1,0,0,"- ","- ",33.930988311767578,-118.3394775390625,"LOS ANGELES",INGLEWOOD,-118.33876800537109,33.930950164794922
82191432,2023,2023-10-06,1912,2023-03-09,1001,13850,,4,5,6,1912,0,0,0,,0,,"MAGNOLIA BOULEVARD","VICTORY BOULEVARD",0.00,,Y,A,-,N,,,,,,,,,,N,3,0,1,2,A,-,09,21804,A,F,D,G,A,A,H,-,A,A,0,,Y,,,Y,,L,04,0,1,0,0,0,0,1,0,0,"- ","- ",,,"LOS ANGELES",BURBANK,-118.31842041015625,34.177482604980469
82192614,2023,2023-10-06,1912,2023-04-13,1646,12451,,4,5,6,1912,0,0,0,,0,,"IKEA WAY","SANTA ANITA AVENUE",0.00,,Y,B,-,N,,,,,,,,,,N,4,0,1,2,A,-,05,21650,1,N,B,G,A,A,H,-,A,A,0,,Y,,,Y,,L,04,0,0,1,0,0,0,1,0,0,"- ","- ",,,"LOS ANGELES",BURBANK,-118.30604553222656,34.176799774169922
82193493,2023,2023-10-09,1912,2023-06-17,1024,15482,,6,5,6,1912,0,0,0,,0,,"MAPLE STREET","CHANDLER BOULEVARD",129.00,S,N,A,-,N,,,,,,,,,,N,3,0,1,2,A,-,09,21804,A,N,D,G,A,A,H,-,A,D,0,,Y,,,Y,,A,01,0,1,0,0,0,0,1,0,0,"- ","- ",34.170448303222656,-118.35157012939453,"LOS ANGELES",BURBANK,-118.35149383544922,34.16986083984375
82193589,2023,2023-10-09,1922,2023-09-16,1610,708,1922,6,5,6,1922,0,0,0,,0,003,"CORTADA ST","POTRERO AVE",0.00,,Y,A,-,N,,,,,,,,,,N,3,0,1,2,A,-,12,22450,A,F,A,G,A,A,H,-,A,D,0,,Y,,,Y,,A,08,0,1,0,0,0,0,1,0,0,"- ","- ",34.065021514892578,-118.05581665039062,"LOS ANGELES","EL MONTE",-118.05582427978516,34.064983367919922
82194907,2023,2023-10-10,1948,2023-08-18,2320,493,1948,5,5,5,1948,0,0,0,,0,001,"ATLANTIC BLVD","1ST ST",300.00,S,N,A,-,N,,,,,,,,,,N,4,0,1,2,A,-,05,21650,1,F,D,G,A,A,H,-,C,D,0,,Y,,,Y,Y,L,04,0,0,1,0,0,0,1,0,0,"- ","- ",34.036418914794922,-118.14814758300781,"LOS ANGELES","MONTEREY PARK",-118.14883422851562,34.035858154296875
82194938,2023,2023-10-10,1969,2023-09-24,2345,10238,,7,5,5,1969,0,0,0,,0,,"SOUTHERN AV","ELIZABETH AV (E)",0.00,,Y,A,-,N,,,,,,,,,,N,4,0,1,2,A,-,10,21950,A,N,D,G,A,A,H,-,C,A,0,,Y,,,Y,,A,01,0,0,1,0,0,0,1,0,0,"- ","- ",33.951351165771484,-118.20873260498047,"LOS ANGELES","SOUTH GATE",-118.20914459228516,33.951366424560547