CASE_ID,ACCIDENT_YEAR,PROC_DATE,JURIS,COLLISION_DATE,COLLISION_TIME,OFFICER_ID,REPORTING_DISTRICT,DAY_OF_WEEK,CHP_SHIFT,POPULATION,CNTY_CITY_LOC,SPECIAL_COND,BEAT_TYPE,CHP_BEAT_TYPE,CITY_DIVISION_LAPD,CHP_BEAT_CLASS,BEAT_NUMBER,PRIMARY_RD,SECONDARY_RD,DISTANCE,DIRECTION,INTERSECTION,WEATHER_1,WEATHER_2,STATE_HWY_IND,CALTRANS_COUNTY,CALTRANS_DISTRICT,STATE_ROUTE,ROUTE_SUFFIX,POSTMILE_PREFIX,POSTMILE,LOCATION_TYPE,RAMP_INTERSECTION,SIDE_OF_HWY,TOW_AWAY,COLLISION_SEVERITY,NUMBER_KILLED,NUMBER_INJURED,PARTY_COUNT,PRIMARY_COLL_FACTOR,PCF_CODE_OF_VIOL,PCF_VIOL_CATEGORY,PCF_VIOLATION,PCF_VIOL_SUBSECTION,HIT_AND_RUN,TYPE_OF_COLLISION,MVIW,PED_ACTION,ROAD_SURFACE,ROAD_COND_1,ROAD_COND_2,LIGHTING,CONTROL_DEVICE,CHP_ROAD_TYPE,PEDESTRIAN_ACCIDENT,BICYCLE_ACCIDENT,MOTORCYCLE_ACCIDENT,TRUCK_ACCIDENT,NOT_PRIVATE_PROPERTY,ALCOHOL_INVOLVED,STWD_VEHTYPE_AT_FAULT,CHP_VEHTYPE_AT_FAULT,COUNT_SEVERE_INJ,COUNT_VISIBLE_INJ,COUNT_COMPLAINT_PAIN,COUNT_PED_KILLED,COUNT_PED_INJURED,COUNT_BICYCLIST_KILLED,COUNT_BICYCLIST_INJURED,COUNT_MC_KILLED,COUNT_MC_INJURED,PRIMARY_RAMP,SECONDARY_RAMP,LATITUDE,LONGITUDE,COUNTY,CITY,POINT_X,POINT_Y
82198157,2023,2023-10-13,1933,2023-10-01,1521,1037,09,7,5,6,1933,0,0,0,,0,001,"MANCHESTER BLVD","LA BREA AV",35.00,W,N,A,-,N,,,,,,,,,,N,4,0,1,2,A,-,08,22107,,N,D,G,A,A,H,-,A,A,0,,Y,,,Y,,A,01,0,0,1,0,0,0,1,0,0,"- ","- ",33.961818695068359,-118.353271484375,"LOS ANGELES",INGLEWOOD,-118.35345458984375,33.961765289306641
82199113,2023,2023-10-16,1922,2023-09-19,1918,698,,2,5,6,1922,0,0,0,,0,,"LAMBERT AVE","FANDON AVE",110.00,E,N,A,-,N,,,,,,,,,,N,3,0,1,2,A,-,08,22107,,N,B,G,A,A,H,-,B,D,0,,Y,,,Y,,L,04,0,1,0,0,0,0,1,0,0,"- ","- ",34.081760406494141,-118.01737976074219,"LOS ANGELES","EL MONTE",-118.01700592041016,34.081649780273438
82199120,2023,2023-10-16,1922,2023-09-24,1619,718,,7,5,6,1922,0,0,0,,0,004,"ELLIOTT AVE","PARKWAY DR",0.00,,Y,A,-,N,,,,,,,,,,N,4,0,1,2,A,-,12,22450,A,N,D,G,A,A,H,-,A,D,0,,Y,,,Y,,L,04,0,0,1,0,0,0,1,0,0,"- ","- ",34.049098968505859,-118.0155029296875,"LOS ANGELES","EL MONTE",-118.01551818847656,34.049095153808594
82199122,2023,2023-10-16,1923,2023-09-18,1801,491,308,1,5,3,1923,0,0,0,,0,3L3S,"PACIFIC COAST HIGHWAY","HOLLY AVE",0.00,,Y,A,-,Y,LA,,1,,,25.242,H,,L,N,3,0,1,2,B,-,22,,,N,A,G,A,A,H,-,A,A,0,,Y,,,Y,,L,04,0,1,0,0,0,0,1,0,0,"- ","- ",33.9208984375,-118.39626312255859,"LOS ANGELES","EL SEGUNDO",-118.3963623046875,33.9208984375
82199194,2023,2023-10-16,1965,2023-07-28,1510,4053,0B4E,5,5,5,1965,0,0,0,,0,B004,"11TH CT","WILSHIRE BLVD",129.00,N,N,A,-,N,,,,,,,,,,N,2,0,1,2,D,-,00,,,F,D,G,A,A,H,-,A,A,0,,Y,,,Y,,-,"- ",1,0,0,0,0,0,1,0,0,"- ","- ",,,"LOS ANGELES","SANTA MONICA",-118.49151611328125,34.025150299072266
82200648,2023,2023-10-31,1933,2023-09-26,1229,1081,01,2,5,6,1933,0,0,0,,0,001,"CENTINELA AV","BEACH AV",235.00,E,N,A,-,N,,,,,,,,,,N,3,0,1,2,D,-,00,,,N,D,G,A,A,H,-,A,D,0,,Y,,,Y,,-,"- ",0,1,0,0,0,0,1,0,0,"- ","- ",33.970741271972656,-118.34786224365234,"LOS ANGELES",INGLEWOOD,-118.36609649658203,33.976947784423828
82201749,2023,2023-10-18,1973,2023-09-23,0550,646,1973,6,5,1,1973,0,0,0,,0,003,"S ATLANTIC BLVD","BANDINI BLVD",1050.00,S,N,A,-,N,,,,,,,,,,N,3,0,1,2,A,-,14,21201,D,N,B,G,A,A,H,-,D,D,0,,Y,,,Y,,L,04,0,1,0,0,0,0,1,0,0,"- ","- ",,,"LOS ANGELES",VERNON,-118.178466796875,33.996940612792969
82204392,2023,2023-10-20,1925,2023-10-04,0741,29635,114,3,5,6,1925,0,0,0,,0,005,"NEW YORK AVENUE","NEW YORK AVE",3.00,E,N,A,-,N,,,,,,,,,,N,4,0,1,2,A,-,09,21804,A,N,D,G,A,A,H,-,A,D,0,,Y,,,Y,,A,01,0,0,1,0,0,0,1,0,0,"- ","- ",34.232261657714844,-118.25302124023438,"LOS ANGELES",GLENDALE,-118.33763122558594,34.148796081542969
82222176,2023,2023-10-30,1922,2023-10-08,1729,708,,7,5,6,1922,0,0,0,,0,001,"SANTA ANITA AVE","VALLEY BLVD",218.00,N,N,A,-,N,,,,,,,,,,N,4,0,1,2,A,-,09,21804,A,F,D,G,A,A,H,-,A,D,0,,Y,,,Y,,A,07,0,0,1,0,0,0,1,0,0,"- ","- ",34.076419830322266,-118.0411376953125,"LOS ANGELES","EL MONTE",-118.04080963134766,34.077014923095703
82222413,2023,2023-10-30,1965,2023-09-27,0806,3553,B002,3,5,5,1965,0,0,0,,0,B002,"PEARL ST","CLOVERFIELD BLVD",0.00,,Y,A,-,N,,,,,,,,,,N,3,0,1,2,A,-,12,22450,A,N,H,G,A,A,H,-,A,A,0,,Y,,,Y,,L,04,0,1,0,0,0,0,1,0,0,"- ","- ",,,"LOS ANGELES","SANTA MONICA",-118.46343994140625,34.01898193359375
82223777,2023,2023-10-31,1925,2023-10-12,0503,29440,204,4,5,6,1925,0,0,0,,0,001,"SAN FERNANDO ROAD","PELANCONI AVENUE",134.00,S,N,A,-,N,,,,,,,,,,N,3,0,1,2,A,-,08,22107,,N,D,G,A,A,H,-,C,D,0,,Y,,,Y,,L,04,0,1,0,0,0,0,1,0,0,"- ","- ",34.1591796875,-118.2796630859375,"LOS ANGELES",GLENDALE,-118.2794189453125,34.158908843994141
82228423,2023,2023-11-06,1975,2023-10-16,1446,353,WCPD,1,5,6,1975,0,0,0,,0,001,"VINCENT AV","PUENTE AV",0.00,,Y,A,-,N,,,,,,,,,,N,3,0,1,2,A,-,06,21755,A,N,D,G,A,A,H,-,A,A,0,,Y,,,Y,,A,01,0,1,0,0,0,0,1,0,0,"- ","- ",34.082771301269531,-117.92565155029297,"LOS ANGELES","WEST COVINA",-117.92568969726562,34.082756042480469
82229630,2023,2023-11-07,1925,2023-10-25,1748,21092,214,3,5,6,1925,0,0,0,,0,001,"ARDEN AVENUE","PACIFIC AVENUE (S)",147.00,W,N,A,-,N,,,,,,,,,,N,4,0,1,2,A,-,00,10,,N,A,G,A,A,H,-,A,D,0,,Y,,,Y,,L,04,0,0,1,0,0,0,1,0,0,"- ","- ",,,"LOS ANGELES",GLENDALE,-118.26454162597656,34.158260345458984
82236445,2023,2023-11-15,1933,2023-10-21,2135,1055,13,6,5,6,1933,0,0,0,,0,003,"CRENSHAW BLVD","MANCHESTER BLVD",0.00,,Y,A,-,N,,,,,,,,,,N,3,0,1,2,A,-,12,21453,A,N,D,G,A,A,H,-,C,A,0,,Y,,,Y,,L,04,0,1,0,0,0,0,1,0,0,"- ","- ",33.959941864013672,-118.32643890380859,"LOS ANGELES",INGLEWOOD,-118.32649993896484,33.959907531738281
82237436,2023,2023-11-17,1965,2023-10-13,1637,4164,0B3D,5,5,5,1965,0,0,0,,0,B003,"17TH ST","DELAWARE AVE",0.00,,Y,A,-,N,,,,,,,,,,N,4,0,1,2,A,-,"- ",,,N,H,G,A,A,H,-,B,D,0,,Y,,,Y,,-,"- ",0,0,1,0,0,0,1,0,0,"- ","- ",,,"LOS ANGELES","SANTA MONICA",-118.47501373291016,34.019641876220703
82238523,2023,2023-11-17,1909,2023-10-03,1847,574,1909,2,5,4,1909,0,0,0,,0,SOUTH,"FLORENCE AV","PERRY RD",0.00,,Y,A,-,N,,,,,,,,,,N,4,0,1,2,-,-,"- ",,,F,G,G,A,A,H,-,B,A,0,,Y,,,Y,,-,"- ",0,0,1,0,0,0,1,0,0,"- ","- ",33.964340209960938,-118.15004730224609,"LOS ANGELES","BELL GARDENS",-118.15011596679688,33.964309692382812
82239686,2023,2023-11-20,1909,2023-10-18,0532,632,1909,3,5,4,1909,0,0,0,,0,NORTH,"LOVELAND ST","GARFIELD AV",0.00,,Y,A,-,N,,,,,,,,,,N,4,0,1,2,A,-,09,21800,A,N,G,G,A,A,H,-,C,A,0,,Y,,,Y,,A,01,0,0,1,0,0,0,1,0,0,"- ","- ",,,"LOS ANGELES","BELL GARDENS",-118.14908599853516,33.970104217529297
82239935,2023,2023-11-20,1947,2023-09-01,1600,1445,,5,5,5,1947,0,0,0,,0,00E,"VAIL AVE","ACCO ST",0.00,,Y,A,-,N,,,,,,,,,,N,3,0,1,2,D,-,00,,,N,D,G,A,A,H,-,A,D,0,,Y,Y,,Y,,-,"- ",0,1,0,0,0,0,1,0,0,"- ","- ",33.99945068359375,-118.12612915039062,"LOS ANGELES",MONTEBELLO,-118.12608337402344,33.999462127685547
82239937,2023,2023-11-20,1947,2023-09-17,0111,1437,,7,5,5,1947,0,0,0,,0,00D,"WHITTIER BLVD","SPRUCE ST",0.00,,Y,A,-,N,,,,,,,,,,N,4,0,1,2,A,-,12,22450,A,M,D,G,A,A,H,-,C,A,0,,Y,,,Y,,-,99,0,0,1,0,0,0,1,0,0,"- ","- ",34.010368347167969,-118.10977172851562,"LOS ANGELES",MONTEBELLO,-118.10977172851562,34.010425567626953
82239940,2023,2023-11-20,1947,2023-11-14,0850,1459,,2,5,5,1947,0,0,0,,0,00E,"FERGUSON DR","VAIL AVE",150.00,W,N,B,-,N,,,,,,,,,,N,3,0,1,2,A,-,08,22107,,F,C,G,A,A,H,-,A,D,0,,Y,,,Y,,A,01,0,1,0,0,0,0,1,0,0,"- ","- ",34.007480621337891,-118.12136840820312,"LOS ANGELES",MONTEBELLO,-118.12186431884766,34.007553100585938
82239968,2023,2023-11-20,1965,2023-10-13,1503,4164,0B2A,5,5,5,1965,0,0,0,,0,B002,"LINCOLN BLVD","PICO BLVD",103.00,S,N,A,-,N,,,,,,,,,,N,4,0,1,2,A,-,"- ",,,N,H,G,A,A,H,-,A,D,0,,Y,,,Y,,-,"- ",0,0,1,0,0,0,1,0,0,"- ","- ",,,"LOS ANGELES","SANTA MONICA",-118.48271179199219,34.012111663818359
82244686,2023,2023-11-27,1923,2023-11-06,0822,528,E105,1,5,3,1923,0,0,0,,0,001,"WALNUT AVE","PEPPER ST",0.00,,Y,A,-,N,,,,,,,,,,N,3,0,1,2,A,-,12,22450,A,N,D,G,A,A,H,-,A,A,0,,Y,,,Y,,L,04,0,1,0,0,0,0,1,0,0,"- ","- ",33.928901672363281,-118.41497039794922,"LOS ANGELES","EL SEGUNDO",-118.41497802734375,33.928920745849609
82250347,2023,2023-12-04,1973,2023-10-31,1306,634,1973,2,5,1,1973,0,0,0,,0,001,"E 49TH ST","S SANTA FE AVE",6.00,W,N,A,-,N,,,,,,,,,,N,4,0,1,2,A,-,05,21650,1,N,D,G,A,A,H,-,A,A,0,,Y,,,Y,,L,04,0,0,1,0,0,0,1,0,0,"- ","- ",33.998428344726562,-118.23055267333984,"LOS ANGELES",VERNON,-118.23030090332031,33.998451232910156
82253547,2023,2023-12-06,1948,2023-11-24,1408,498,1948,5,5,5,1948,0,0,0,,0,002,"BALTIMORE AV","GARCELON AV",102.00,N,N,B,-,N,,,,,,,,,,N,4,0,1,2,A,-,21,22106,,N,D,G,A,A,H,-,A,D,0,,Y,,,Y,,A,01,0,0,1,0,0,0,1,0,0,"- ","- ",34.064899444580078,-118.1243896484375,"LOS ANGELES","MONTEREY PARK",-118.12444305419922,34.065189361572266
82255610,2023,2023-12-07,1975,2023-11-20,1941,464,WCPD,1,5,6,1975,0,0,0,,0,001,"LARK ELLEN AV","ROWLAND AV",0.00,,Y,A,-,N,,,,,,,,,,N,3,0,1,2,A,-,12,21453,A,N,D,G,A,A,H,-,C,A,0,,Y,,Y,Y,,L,04,0,1,0,0,0,0,1,0,0,"- ","- ",34.079238891601562,-117.91654968261719,"LOS ANGELES","WEST COVINA",-117.91658782958984,34.079120635986328
82258193,2023,2023-12-11,1947,2023-09-29,0830,1462,,5,5,5,1947,0,0,0,,0,,"HARDING AVE","POPLAR AVE",0.00,,Y,A,-,N,,,,,,,,,,N,4,0,1,2,A,-,05,21202,A,N,A,G,A,A,H,-,A,D,0,,Y,,,Y,,L,04,0,0,1,0,0,0,0,0,0,"- ","- ",34.013671875,-118.09809112548828,"LOS ANGELES",MONTEBELLO,-118.09808349609375,34.013671875
82265494,2023,2023-12-19,1925,2023-12-01,1002,26161,220,5,5,6,1925,0,0,0,,0,002,"CENTRAL AVENUE","GOODE AVENUE",5.00,N,N,A,-,N,,,,,,,,,,N,3,0,1,2,A,-,03,22350,,N,C,G,A,A,H,-,A,A,0,,Y,,,Y,,L,04,0,1,0,0,0,0,1,0,0,"- ","- ",,,"LOS ANGELES",GLENDALE,-118.25798034667969,34.156764984130859
82270096,2023,2023-12-25,1922,2023-11-23,2500,603,,4,5,6,1922,0,0,0,,0,,"MOUNTAIN VIEW RD","ELLIOTT AVE",0.00,,Y,A,-,N,,,,,,,,,,N,3,0,1,2,A,-,05,21202,A,F,D,G,A,A,H,-,A,B,0,,Y,,,Y,,L,04,0,1,0,0,0,0,1,0,0,"- ","- ",34.058551788330078,-118.02667236328125,"LOS ANGELES","EL MONTE",-118.02664947509766,34.058536529541016
82273254,2023,2023-12-28,1965,2023-11-17,1215,4053,0B4C,5,5,5,1965,0,0,0,,0,B004,"SAN VICENTE BLVD","1ST CT",373.00,E,N,A,-,N,,,,,,,,,,N,3,0,1,2,A,-,09,21804,A,N,D,G,A,A,H,-,A,A,0,,Y,,,Y,,A,01,0,1,0,0,0,0,1,0,0,"- ","- ",,,"LOS ANGELES","SANTA MONICA",-118.51247406005859,34.027725219726562
82274620,2023,2023-12-29,1933,2023-12-23,2106,1069,10,6,5,6,1933,0,0,0,,0,002,"MANCHESTER BLVD","LOCUST ST",0.00,,Y,A,-,N,,,,,,,,,,Y,4,0,1,2,A,-,05,21651,B,N,D,G,A,A,H,-,C,A,0,,Y,,,Y,,L,04,0,0,1,0,0,0,1,0,0,"- ","- ",33.961830139160156,-118.35030364990234,"LOS ANGELES",INGLEWOOD,-118.35037994384766,33.961795806884766
82275449,2023,2024-01-01,1922,2023-12-01,0831,714,,5,5,6,1922,0,0,0,,0,003,"SANTA ANITA AVE","ASHER ST (N)",60.00,N,N,A,-,N,,,,,,,,,,N,2,0,1,2,A,-,05,21650,1,N,D,G,A,A,H,-,A,A,0,,Y,,,Y,,L,04,1,0,0,0,0,0,1,0,0,"- ","- ",34.068408966064453,-118.042236328125,"LOS ANGELES","EL MONTE",-118.04227447509766,34.068153381347656
82277505,2023,2024-01-03,1969,2023-09-29,0730,20340,PATRO,5,5,5,1969,0,0,0,,0,004,"PINEHURST AV","TWEEDY BLVD (E)",367.00,N,N,A,B,N,,,,,,,,,,N,4,0,1,2,A,-,05,21650,1,F,G,B,A,A,H,-,A,D,0,,Y,,,Y,,L,04,0,0,1,0,0,0,1,0,0,"- ","- ",33.941680908203125,-118.18260955810547,"LOS ANGELES","SOUTH GATE",-118.18278503417969,33.942707061767578
82278743,2023,2024-01-04,1922,2023-12-17,1419,698,,7,5,6,1922,0,0,0,,0,,"PECK RD","GARVEY AVE",13.00,S,N,A,-,N,,,,,,,,,,N,4,0,1,2,A,-,09,21453,B,N,D,G,A,A,H,-,A,A,0,,Y,,,Y,,A,01,0,0,1,0,0,0,1,0,0,"- ","- ",34.062801361083984,-118.03054046630859,"LOS ANGELES","EL MONTE",-118.03054046630859,34.062812805175781
82278866,2023,2024-01-08,1965,2023-10-27,0840,4005,0B4E,5,5,5,1965,0,0,0,,0,B004,"19TH ST","IDAHO AVE",0.00,,Y,A,-,N,,,,,,,,,,N,1,1,0,2,A,-,09,21802,A,N,B,G,A,A,H,-,A,A,0,,Y,,,Y,,L,04,0,0,0,0,0,1,0,0,0,"- ","- ",34.034698486328125,-118.48892974853516,"LOS ANGELES","SANTA MONICA",-118.48890686035156,34.034641265869141
82284405,2023,2024-01-11,1922,2023-12-06,1429,603,,3,5,6,1922,0,0,0,,0,,"DURFEE AVE","VALLEY BLVD",0.00,,Y,A,-,N,,,,,,,,,,N,4,0,1,2,A,-,05,21202,A,N,D,G,A,A,H,-,A,A,0,,Y,,,Y,,L,04,0,0,1,0,0,0,1,0,0,"- ","- ",34.059780120849609,-118.01329040527344,"LOS ANGELES","EL MONTE",-118.01325225830078,34.059726715087891
82288570,2023,2024-01-17,1975,2023-12-28,1645,498,,4,5,6,1975,0,0,0,,0,,"HOLLENBECK AV","E GARVEY AVE N",0.00,,Y,A,-,N,,,,,,,,,,N,4,0,1,2,A,-,03,22350,,N,C,G,A,A,H,-,B,D,0,,Y,,,Y,,A,01,0,0,1,0,0,0,1,0,0,"- ","- ",,,"LOS ANGELES","WEST COVINA",-117.89888763427734,34.072864532470703
82297740,2023,2024-01-26,1972,2023-11-27,1736,21239,,1,5,6,1972,0,0,0,,0,,"CRENSHAW BLVD","235TH ST",100.00,S,N,A,-,N,,,,,,,,,,N,3,0,1,2,A,-,09,21804,A,N,D,G,A,A,H,-,C,A,0,,Y,,,Y,,L,04,0,1,0,0,0,0,1,0,0,"- ","- ",33.812641143798828,-118.32826995849609,"LOS ANGELES",TORRANCE,-118.32807159423828,33.812496185302734
82297747,2023,2024-01-26,1972,2023-12-04,0911,18059,,1,5,6,1972,0,0,0,,0,,"190TH ST","INGLEWOOD AVE",75.00,W,N,A,-,N,,,,,,,,,,N,4,0,1,2,A,-,09,21804,B,N,D,G,A,A,H,-,A,A,0,,Y,,,Y,,L,04,0,0,1,0,0,0,1,0,0,"- ","- ",,,"LOS ANGELES",TORRANCE,-118.36167907714844,33.858291625976562
82354331,2023,2024-04-03,1955,2023-06-11,2214,42750,,7,5,6,1955,0,0,0,,0,004,"MISSION BL","SAN ANTONIO AVE",200.00,E,N,A,-,N,,,,,,,,,,N,4,0,1,1,A,-,05,21650,1,N,E,I,A,A,H,-,C,A,0,,Y,,,Y,,L,04,0,0,1,0,0,0,1,0,0,"- ","- ",34.055568695068359,-117.73693084716797,"LOS ANGELES",POMONA,-117.73628997802734,34.055458068847656
82354392,2023,2024-04-03,1955,2023-07-15,0952,42953,14,6,5,6,1955,0,0,0,,0,003,"SAN ANTONIO AVE","COLUMBIA AVE",13.00,N,N,A,-,N,,,,,,,,,,N,3,0,1,2,A,-,08,22107,,N,B,G,A,A,H,-,A,D,0,,Y,,,Y,,L,04,0,1,0,0,0,0,1,0,0,"- ","- ",34.068828582763672,-117.73667144775391,"LOS ANGELES",POMONA,-117.73667144775391,34.068714141845703
82354416,2023,2024-04-03,1955,2023-07-30,0221,42254,13,7,5,6,1955,0,0,0,,0,003,"HOLT AVE","PALOMA DR",0.00,,Y,A,-,N,,,,,,,,,,N,4,0,1,2,A,-,12,22450,A,F,D,G,A,A,H,-,C,A,0,,Y,,,Y,,A,01,0,0,1,0,0,0,1,0,0,"- ","- ",34.062641143798828,-117.739501953125,"LOS ANGELES",POMONA,-117.73948669433594,34.062641143798828
82354481,2023,2024-04-03,1955,2023-09-04,1704,42951,0085,1,5,6,1955,0,0,0,,0,005,"GAREY AVE","LEXINGTON AVE",0.00,,Y,A,-,N,,,,,,,,,,N,4,0,1,2,A,-,12,21453,A,N,D,G,A,A,H,-,A,A,0,,Y,,,Y,,L,04,0,0,1,0,0,0,1,0,0,"- ","- ",34.037040710449219,-117.74932098388672,"LOS ANGELES",POMONA,-117.74945831298828,34.036911010742188
82354608,2023,2024-04-03,1955,2023-11-06,1258,42952,,1,5,6,1955,0,0,0,,0,,"HOLT AVE","FILLMORE PL",99.00,E,N,A,-,N,,,,,,,,,,N,4,0,1,2,A,-,09,21804,A,N,D,G,A,A,H,-,A,D,0,,Y,,,Y,,A,08,0,0,1,0,0,0,1,0,0,"- ","- ",34.061969757080078,-117.76712036132812,"LOS ANGELES",POMONA,-117.76675415039062,34.061969757080078
82354690,2023,2024-04-03,1955,2023-12-07,1325,40624,89,4,5,6,1955,0,0,0,,0,004,"RESERVOIR ST","COUNTY RD",200.00,N,N,A,-,N,,,,,,,,,,N,3,0,1,2,A,-,08,22107,,N,C,G,A,A,H,-,A,D,0,,Y,,,Y,,L,04,0,1,0,0,0,0,1,0,0,"- ","- ",34.026378631591797,-117.73175048828125,"LOS ANGELES",POMONA,-117.73153686523438,34.026996612548828
82354717,2023,2024-04-03,1955,2023-12-19,1804,42951,0004,2,5,6,1955,0,0,0,,0,001,"PARK AVE","1ST ST",3.00,S,N,B,-,N,,,,,,,,,,N,4,0,1,2,A,-,09,21802,A,N,D,G,A,B,H,-,C,D,0,,Y,,,Y,,L,04,0,0,1,0,0,0,1,0,0,"- ","- ",34.058551788330078,-117.75453948974609,"LOS ANGELES",POMONA,-117.75454711914062,34.058521270751953
82355175,2023,2024-04-04,1955,2023-09-18,1946,42725,83,1,5,6,1955,0,0,0,,0,005,"RIO RANCHO RD","RANCHO VALLEY DR",0.00,,Y,A,-,N,,,,,,,,,,N,3,0,1,2,A,-,12,21453,A,N,D,G,A,A,H,-,C,A,0,,Y,,,Y,,A,01,0,1,0,0,0,0,1,0,0,"- ","- ",34.033149719238281,-117.75656127929688,"LOS ANGELES",POMONA,-117.75662994384766,34.033157348632812
82355230,2023,2024-04-03,1955,2023-11-10,1532,40624,6,5,5,6,1955,0,0,0,,0,001,"MAIN ST","COMMERCIAL ST",40.00,S,N,A,-,N,,,,,,,,,,Y,3,0,1,2,A,-,12,22450,A,N,D,G,A,A,H,-,A,D,0,,Y,,,Y,,L,04,0,1,0,0,0,0,1,0,0,"- ","- ",34.059600830078125,-117.75240325927734,"LOS ANGELES",POMONA,-117.75239562988281,34.059452056884766
82385535,2023,2024-05-09,1933,2023-03-09,0825,921,,4,5,6,1933,0,0,0,,0,004,"PRAIRIE AV","111TH ST (S)",0.00,,Y,A,-,N,,,,,,,,,,N,4,0,1,2,A,-,12,21453,A,N,D,G,A,A,H,-,A,A,0,,Y,,,Y,,A,07,0,0,1,0,0,0,1,0,0,"- ","- ",33.934619903564453,-118.34390258789062,"LOS ANGELES",INGLEWOOD,-118.34391021728516,33.934555053710938
83983319,2023,2024-08-09,1965,2023-12-27,1845,4183,,3,5,5,1965,0,0,0,,0,,"COLORADO AVE","4TH ST",0.00,,Y,A,-,N,,,,,,,,,,N,4,0,1,2,A,-,12,21453,A,F,D,G,A,A,H,-,C,A,0,,Y,,,Y,,L,04,0,0,1,0,0,0,1,0,0,"- ","- ",,,"LOS ANGELES","SANTA MONICA",-118.49207305908203,34.013763427734375
91967225,2023,2023-01-12,9575,2023-01-01,1500,022513,,7,2,9,1900,0,1,3,,2,300,"SR-2 (ANGELES CREST HIGHWAY)","ANGELES NATIONAL FOREST BOUNDARY",1715.00,E,N,A,-,Y,LA,,2,,,27.036,H,,R,N,3,0,1,1,A,-,03,22350,,N,F,A,A,A,H,-,A,D,0,,Y,,,Y,,L,04,0,1,0,0,0,0,1,0,0,"- ","- ",34.227981567382812,-118.18585205078125,"LOS ANGELES",UNINCORPORATED,-118.18576812744141,34.227947235107422
91972260,2023,2023-01-19,9525,2023-01-09,2117,020636,,1,2,9,1900,0,3,5,,2,002,"LARK ELLEN AVE","CYPRESS ST.",3.00,E,N,B,C,N,,,,,,,,,,N,3,0,1,2,A,-,05,21651,B,N,D,G,A,B,H,-,C,A,0,,Y,,,Y,,L,04,0,1,0,0,0,0,1,0,0,"- ","- ",34.095840454101562,-117.91676330566406,"LOS ANGELES",UNINCORPORATED,-117.91661071777344,34.095840454101562
91973054,2023,2023-01-20,9565,2023-01-09,2319,022728,,1,3,9,1900,0,3,5,,2,004,"LENNOX BLVD","HAWTHORNE BLVD",0.00,,Y,C,-,N,,,,,,,,,,N,2,0,1,2,A,-,12,21453,A,N,H,G,A,B,H,-,C,A,0,,Y,,,Y,,L,04,1,0,0,0,0,0,1,0,0,"- ","- ",33.938159942626953,-118.35238647460938,"LOS ANGELES",UNINCORPORATED,-118.35271453857422,33.938182830810547
91974359,2023,2023-01-23,9550,2023-01-13,1445,023193,,5,2,9,1900,0,2,4,,1,041,"STIMSON AVENUE","GALE AVENUE",8.00,S,N,A,-,N,,,,,,,,,,N,4,0,1,2,A,-,09,21804,A,N,H,G,A,A,H,-,A,A,0,,Y,,,Y,,M,91,0,0,1,0,0,0,1,0,0,"- ","- ",34.008831024169922,-117.95620727539062,"LOS ANGELES",UNINCORPORATED,-117.95606994628906,34.008670806884766
91978548,2023,2023-01-26,9530,2023-01-17,1010,018745,,2,1,9,1900,0,3,5,,2,005,"MARINE AVE. (3200 BLOCK)","LEMOLI AVE.",13.00,E,N,A,-,N,,,,,,,,,,N,4,0,1,2,A,-,10,21950,A,N,H,G,A,A,H,-,A,A,0,,Y,,,Y,,A,01,0,0,1,0,0,0,1,0,0,"- ","- ",33.894618988037109,-118.33074188232422,"LOS ANGELES",UNINCORPORATED,-118.33082580566406,33.894668579101562
91980155,2023,2023-01-27,9575,2023-01-17,1440,023031,,2,2,9,1900,0,3,5,,2,008,"OAK AVENUE (6800 BLOCK)","DUARTE ROAD",0.00,,Y,A,-,N,,,,,,,,,,N,4,0,1,2,D,-,00,,,N,G,G,A,A,H,-,A,A,0,,Y,,,Y,,-,"- ",0,0,1,0,0,0,1,0,0,"- ","- ",34.124031066894531,-118.06812286376953,"LOS ANGELES",UNINCORPORATED,-118.06816864013672,34.124092102050781
91983237,2023,2023-01-31,9575,2023-01-21,1030,022998,,6,1,9,1900,0,2,4,,2,024,"WOODBURY ROAD","RAYMOND AVENUE",0.00,,Y,A,-,N,,,,,,,,,,N,3,0,1,2,A,-,09,21801,A,N,H,G,A,A,H,-,A,D,0,,Y,,,Y,,A,01,0,1,0,0,0,0,1,0,0,"- ","- ",34.183109283447266,-118.1492919921875,"LOS ANGELES",UNINCORPORATED,-118.14920806884766,34.183151245117188