CASE_ID,ACCIDENT_YEAR,PROC_DATE,JURIS,COLLISION_DATE,COLLISION_TIME,OFFICER_ID,REPORTING_DISTRICT,DAY_OF_WEEK,CHP_SHIFT,POPULATION,CNTY_CITY_LOC,SPECIAL_COND,BEAT_TYPE,CHP_BEAT_TYPE,CITY_DIVISION_LAPD,CHP_BEAT_CLASS,BEAT_NUMBER,PRIMARY_RD,SECONDARY_RD,DISTANCE,DIRECTION,INTERSECTION,WEATHER_1,WEATHER_2,STATE_HWY_IND,CALTRANS_COUNTY,CALTRANS_DISTRICT,STATE_ROUTE,ROUTE_SUFFIX,POSTMILE_PREFIX,POSTMILE,LOCATION_TYPE,RAMP_INTERSECTION,SIDE_OF_HWY,TOW_AWAY,COLLISION_SEVERITY,NUMBER_KILLED,NUMBER_INJURED,PARTY_COUNT,PRIMARY_COLL_FACTOR,PCF_CODE_OF_VIOL,PCF_VIOL_CATEGORY,PCF_VIOLATION,PCF_VIOL_SUBSECTION,HIT_AND_RUN,TYPE_OF_COLLISION,MVIW,PED_ACTION,ROAD_SURFACE,ROAD_COND_1,ROAD_COND_2,LIGHTING,CONTROL_DEVICE,CHP_ROAD_TYPE,PEDESTRIAN_ACCIDENT,BICYCLE_ACCIDENT,MOTORCYCLE_ACCIDENT,TRUCK_ACCIDENT,NOT_PRIVATE_PROPERTY,ALCOHOL_INVOLVED,STWD_VEHTYPE_AT_FAULT,CHP_VEHTYPE_AT_FAULT,COUNT_SEVERE_INJ,COUNT_VISIBLE_INJ,COUNT_COMPLAINT_PAIN,COUNT_PED_KILLED,COUNT_PED_INJURED,COUNT_BICYCLIST_KILLED,COUNT_BICYCLIST_INJURED,COUNT_MC_KILLED,COUNT_MC_INJURED,PRIMARY_RAMP,SECONDARY_RAMP,LATITUDE,LONGITUDE,COUNTY,CITY,POINT_X,POINT_Y
91985319,2023,2023-02-02,9550,2023-01-25,2108,022769,,3,2,7,1942,0,3,5,,2,002,"SANTA GERTRUDES AVE.","LEFFINGWELL RD.",100.00,S,N,A,-,N,,,,,,,,,,N,3,0,1,2,A,-,05,21650,,N,H,G,A,A,H,-,C,D,0,,Y,,,Y,,L,04,0,1,0,0,0,0,1,0,0,"- ","- ",33.930438995361328,-117.9935302734375,"LOS ANGELES","LOS ANGELES",-117.99330902099609,33.930923461914062
91990119,2023,2023-02-08,9550,2023-01-21,1445,023064,,6,2,9,1900,0,2,S,,2,904,"GREGORY AVENUE","CAMILLA STREET",10.00,N,N,A,-,N,,,,,,,,,,N,4,0,1,2,A,-,09,21804,A,N,H,G,A,A,H,-,A,A,0,,Y,,,Y,,L,04,0,0,1,0,0,0,1,0,0,"- ","- ",33.984611511230469,-118.04701232910156,"LOS ANGELES",UNINCORPORATED,-118.0469970703125,33.984527587890625
91991003,2023,2023-02-09,9530,2023-01-15,1230,022930,,7,1,9,1900,0,3,5,,2,001,"FLORENCE AVE.","COMPTON AVE.",0.00,,Y,A,-,N,,,,,,,,,,N,3,0,1,2,A,-,09,21804,A,F,B,G,A,A,H,-,A,D,0,,Y,,,Y,,L,04,0,1,0,0,0,0,1,0,0,"- ","- ",33.974838256835938,-118.24755859375,"LOS ANGELES",UNINCORPORATED,-118.2476806640625,33.974739074707031
91991013,2023,2023-02-09,9530,2023-01-29,1005,022951,,7,1,9,1900,0,3,5,,2,001,"JOHN AVE.","FIRESTONE BLVD.",5.00,S,N,B,-,N,,,,,,,,,,N,3,0,1,2,A,-,05,21650,,N,H,G,A,A,H,-,A,D,0,,Y,,,Y,,L,04,0,1,0,0,0,0,1,0,0,"- ","- ",33.960048675537109,-118.24886322021484,"LOS ANGELES",UNINCORPORATED,-118.2489013671875,33.960075378417969
91995958,2023,2023-02-16,9530,2023-02-06,1755,022122,,1,2,9,1900,0,3,5,,2,003,"COMPTON BLVD","ATLANTIC AVE",0.00,,Y,A,-,N,,,,,,,,,,N,3,0,1,2,A,-,09,21804,A,N,D,G,A,A,H,-,C,A,0,,Y,,,Y,,L,04,0,1,0,0,0,0,1,0,0,"- ","- ",33.896110534667969,-118.19328308105469,"LOS ANGELES",UNINCORPORATED,-118.19344329833984,33.896160125732422
91995990,2023,2023-02-16,9530,2023-02-06,1311,021089,,1,1,9,1900,0,3,5,,2,006,"CARSON ST. (900 BLOCK)","VERMONT AVE.",15.00,W,N,A,-,N,,,,,,,,,,N,3,0,1,2,A,-,03,22350,,N,H,G,A,A,H,-,A,A,0,,Y,,,Y,,A,01,0,1,0,0,0,0,1,0,0,"- ","- ",33.831718444824219,-118.29045867919922,"LOS ANGELES",UNINCORPORATED,-118.29032897949219,33.831600189208984
91997006,2023,2023-02-17,9580,2023-02-08,1337,021236,,3,1,7,1942,0,1,1,,2,406,"I-405 N/B TO ROSCOE BLVD","ROSCOE BLVD",3.00,S,N,A,-,Y,,,,,,,,,,N,4,0,1,2,A,-,05,21651,B,N,A,G,A,A,H,-,A,A,0,,Y,,,Y,,L,04,0,0,1,0,0,0,1,0,0,"- ","- ",34.221271514892578,-118.47265625,"LOS ANGELES","LOS ANGELES",-118.47265625,34.221271514892578
92000302,2023,2023-02-22,9525,2023-02-16,2250,022927,,4,3,6,1955,0,1,3,,2,071,"SR-71 S/B (CHINO VALLEY FWY)","HOLT AVE",2112.00,N,N,A,-,Y,LA,,71,,R,1.037,H,,L,N,3,0,1,3,A,-,17,21461,A,N,B,G,A,A,H,-,D,D,0,,Y,,,Y,,L,04,0,1,0,0,0,0,1,0,0,"- ","- ",34.064361572265625,-117.79638671875,"LOS ANGELES",POMONA,-117.79631042480469,34.064525604248047
92002116,2023,2023-02-24,9530,2023-02-15,1450,022999,,3,2,9,1900,0,3,5,,2,002,"AVALON BOULEVARD (12100 BLOCK)","121ST PL.",70.00,S,N,A,-,N,,,,,,,,,,N,4,0,1,2,A,-,09,21804,A,N,D,G,A,A,H,-,A,D,0,,Y,,,Y,,A,08,0,0,1,0,0,0,1,0,0,"- ","- ",33.921859741210938,-118.26535034179688,"LOS ANGELES",UNINCORPORATED,-118.26502227783203,33.921886444091797
92007845,2023,2023-03-02,9575,2023-01-22,1730,023071,,7,2,9,1900,0,2,4,,2,023,"FAIR OAKS AVENUE","FIGUEROA DRIVE",0.00,,Y,A,-,N,,,,,,,,,,N,3,0,1,2,A,-,09,21801,A,N,D,G,A,A,H,-,C,D,0,,Y,,,Y,,-,99,0,1,0,0,0,0,1,0,0,"- ","- ",34.185100555419922,-118.15087890625,"LOS ANGELES",UNINCORPORATED,-118.15084838867188,34.185024261474609
92010120,2023,2023-03-06,9530,2023-02-23,2330,022674,,4,3,9,1900,0,3,5,,2,002,"REDONDO BEACH BLVD","MAIN ST",152.00,E,N,C,-,N,,,,,,,,,,N,2,0,1,2,A,-,03,22350,,F,C,G,A,B,H,-,C,D,0,,Y,,,Y,,-,99,1,0,0,0,0,0,1,0,0,"- ","- ",33.892860412597656,-118.27552795410156,"LOS ANGELES",UNINCORPORATED,-118.27622985839844,33.892921447753906
92010668,2023,2023-03-06,9530,2023-01-25,1325,021623,,3,1,9,1900,0,3,5,,2,004,"DEL AMO BLVD.","SUSANA RD",200.00,W,N,A,-,N,,,,,,,,,,N,2,0,1,3,A,-,08,22107,,F,B,G,A,A,H,-,A,D,0,,Y,,,Y,,L,04,1,0,0,0,0,0,1,0,0,"- ","- ",33.846549987792969,-118.20757293701172,"LOS ANGELES",UNINCORPORATED,-118.20680236816406,33.846569061279297
92019985,2023,2023-03-16,9580,2023-03-04,0949,019952,,6,1,9,1900,0,1,3,,1,271,"FERNWOOD PACIFIC DR","SR-27 S/B (TOPANGA CYN. BLVD.)",1320.00,W,N,B,-,N,,,,,,,,,,N,2,0,1,1,A,-,03,22350,,N,E,J,A,B,H,-,A,D,0,,Y,,,Y,,L,04,1,0,0,0,0,0,1,0,0,"- ","- ",34.085071563720703,-118.60092163085938,"LOS ANGELES",UNINCORPORATED,-118.60140228271484,34.084156036376953
92027464,2023,2023-03-24,9525,2023-03-22,1030,021838,,3,1,6,1955,0,1,1,,2,109,"I-10 W/B FROM GAREY AVE.","GAREY AVE",3.00,W,N,B,-,Y,LA,,10,,,45.738,H,,L,N,2,0,1,2,A,-,12,21453,A,F,D,G,A,A,H,-,A,A,0,,Y,,,Y,,L,04,1,0,0,0,0,0,1,0,0,"- ","- ",34.074199676513672,-117.75238800048828,"LOS ANGELES",POMONA,-117.75225067138672,34.073963165283203
92028847,2023,2023-03-27,9535,2023-03-17,1740,022277,,5,2,9,1900,0,2,4,,2,024,"WHITTIER BLVD.","ATLANTIC BLVD.",0.00,,Y,A,-,N,,,,,,,,,,N,3,0,1,2,A,-,12,21453,A,N,D,G,A,A,H,-,A,A,0,,Y,,,Y,,L,04,0,1,0,0,0,0,1,0,0,"- ","- ",34.020500183105469,-118.15731811523438,"LOS ANGELES",UNINCORPORATED,-118.15729522705078,34.020412445068359
92036630,2023,2023-04-04,9530,2023-03-24,0810,022760,,5,1,9,1900,0,3,5,,2,001,"60TH STREET (1400 BLOCK)","COMPTON AVE.",0.00,,Y,A,-,N,,,,,,,,,,N,4,0,1,2,A,-,09,21802,A,M,H,G,A,A,H,-,A,A,0,,Y,,,Y,,-,99,0,0,1,0,0,0,1,0,0,"- ","- ",33.9852294921875,-118.24787902832031,"LOS ANGELES",UNINCORPORATED,-118.24774932861328,33.985240936279297
92045899,2023,2023-04-17,9525,2023-04-07,1755,022627,,5,2,9,1900,0,3,5,,2,001,"E LIVE OAK AVE","CENTER ST",125.00,E,N,A,-,N,,,,,,,,,,N,3,0,1,2,C,-,18,,,N,E,G,A,A,H,-,A,D,0,,Y,,,Y,,-,"- ",0,1,0,0,0,0,1,0,0,"- ","- ",34.10955810546875,-118.01441955566406,"LOS ANGELES",UNINCORPORATED,-118.01443481445312,34.109695434570312
92046652,2023,2023-04-17,9540,2023-04-07,2330,022533,,5,3,9,1900,0,3,5,,2,003,"COMMERCE CENTER DR","HARRISON PKY",0.00,,Y,A,-,N,,,,,,,,,,N,4,0,1,2,A,-,09,21804,A,N,D,G,A,A,H,-,E,A,0,,Y,,,Y,,A,07,0,0,1,0,0,0,1,0,0,"- ","- ",34.441131591796875,-118.62445831298828,"LOS ANGELES",UNINCORPORATED,-118.62448120117188,34.441192626953125
92049656,2023,2023-04-20,9535,2023-04-09,1645,022263,,7,2,9,1900,0,1,1,,2,650,"I-605 N/B TO VALLEY BLVD","VALLEY BLVD",5.00,S,N,A,-,Y,,,,,,,,,,N,3,0,1,2,A,-,11,21950,B,N,D,G,A,A,H,-,A,A,0,,Y,,,Y,,L,04,0,1,0,0,0,0,1,0,0,"- ","- ",34.053020477294922,-118.0023193359375,"LOS ANGELES",UNINCORPORATED,-118.0023193359375,34.053020477294922
92057879,2023,2023-05-01,9545,2023-04-17,1522,022844,,1,2,9,1900,0,1,3,,2,021,"SR-14 S/B FROM PALMDALE BLVD","PALMDALE BLVD",20.00,S,N,A,-,Y,,,,,,,,,,N,4,0,1,2,A,-,05,21202,A,N,G,G,A,A,H,-,A,D,0,,Y,,,Y,,L,04,0,0,1,0,0,0,1,0,0,"- ","- ",34.581630706787109,-118.1348876953125,"LOS ANGELES",UNINCORPORATED,-118.13388061523438,34.581386566162109
92058251,2023,2023-05-01,9535,2023-03-26,2103,023244,,7,2,9,1900,0,3,5,,2,002,"SYDNEY DR (700 BLOCK)","WHITTIER BLVD",7.00,N,N,A,-,N,,,,,,,,,,N,3,0,1,1,A,-,17,21200,,N,H,I,A,A,H,-,C,D,0,,Y,,,Y,Y,L,04,0,1,0,0,0,0,1,0,0,"- ","- ",34.023860931396484,-118.17304992675781,"LOS ANGELES",UNINCORPORATED,-118.17311096191406,34.023769378662109
92061691,2023,2023-05-04,9550,2023-04-27,1515,022631,,4,2,9,1900,0,3,5,,2,004,"PARK LAWN RD.","PEPPER BROOK WAY",75.00,S,N,A,-,Y,,,,,,,,,,N,4,0,1,2,A,-,08,22107,,N,B,E,A,A,H,-,A,D,0,,Y,,,Y,,L,04,0,0,1,0,0,0,1,0,0,"- ","- ",33.992710113525391,-117.93794250488281,"LOS ANGELES",UNINCORPORATED,-117.93787384033203,33.992694854736328
92062594,2023,2023-05-05,9525,2023-04-27,1830,022627,,4,2,9,1900,0,2,4,,2,045,"13916 VALLEY BLVD","4TH AVE",528.00,W,N,A,-,N,,,,,,,,,,N,3,0,1,3,A,-,05,21650,,N,D,G,A,A,H,-,A,D,0,,Y,,,Y,,L,04,0,1,0,0,0,0,1,0,0,"- ","- ",34.042690277099609,-117.98635864257812,"LOS ANGELES",UNINCORPORATED,-117.98664855957031,34.043064117431641
92064852,2023,2023-05-09,9535,2023-04-20,2228,023070,,4,3,9,1900,0,1,1,,2,071,"S/B I-710 (LONG BEACH FREEWAY)","EASTERN AVE.",0.00,,Y,A,-,Y,,,,,,,,,,N,3,0,1,2,A,-,05,21650,,N,D,G,A,A,H,-,C,A,0,,Y,,,Y,,L,04,0,1,0,0,0,0,1,0,0,"- ","- ",34.021690368652344,-118.17382049560547,"LOS ANGELES",UNINCORPORATED,-118.17360687255859,34.019374847412109
92072361,2023,2023-05-19,9550,2023-04-30,1539,023172,,7,2,9,1900,0,2,4,,1,021,"EAGON DRIVE NORTHBOUND","LEFFINGWELL ROAD",12.00,S,N,A,-,N,,,,,,,,,,N,4,0,1,2,A,-,09,21804,A,M,H,G,A,A,H,-,A,D,0,,Y,,,Y,,M,91,0,0,1,0,0,0,1,0,0,"- ","- ",33.923309326171875,-118.02652740478516,"LOS ANGELES",UNINCORPORATED,-118.02657318115234,33.923336029052734
92080392,2023,2023-07-13,9530,2023-05-12,1725,023090,,5,2,9,1900,0,3,5,,2,003,"ROSE STREET","ATLANTIC AVE",10.00,W,N,A,-,N,,,,,,,,,,N,4,0,1,2,A,-,09,21804,A,N,G,G,A,A,H,-,A,D,0,,Y,,,Y,,M,91,0,0,1,0,0,0,1,0,0,"- ","- ",33.894290924072266,-118.19346618652344,"LOS ANGELES",UNINCORPORATED,-118.19332122802734,33.894237518310547
92080853,2023,2023-05-30,9530,2023-05-16,0015,022427,,2,3,9,1900,0,3,5,,2,001,"FLORENCE AVE","HOOPER AVE",0.00,,Y,A,-,N,,,,,,,,,,N,2,0,1,2,A,-,08,22107,,F,G,G,A,A,H,-,C,A,0,,Y,,,Y,,-,99,1,0,0,0,0,0,1,0,0,"- ","- ",33.974861145019531,-118.25202178955078,"LOS ANGELES",UNINCORPORATED,-118.25202941894531,33.974746704101562
92080857,2023,2023-05-30,9530,2023-05-17,1435,023051,,3,2,9,1900,0,3,5,,2,002,"BROADWAY AVE.","CROWN VISTA DR",170.00,N,N,A,-,N,,,,,,,,,,N,4,0,1,2,A,-,05,21650,,M,D,G,A,A,H,-,A,D,0,,Y,,,Y,,L,04,0,0,1,0,0,0,1,0,0,"- ","- ",33.897270202636719,-118.27847290039062,"LOS ANGELES",UNINCORPORATED,-118.27855682373047,33.897197723388672
92082079,2023,2023-05-31,9530,2023-05-20,0940,022951,,6,1,9,1900,0,3,5,,2,001,"FLORENCE AVE (1800 BLOCK)","WALNUT DR.",125.00,W,N,A,-,N,,,,,,,,,,N,4,0,1,2,A,-,05,21650,,F,D,G,A,A,H,-,A,D,0,,Y,,,Y,,L,04,0,0,1,0,0,0,1,0,0,"- ","- ",33.974651336669922,-118.24005889892578,"LOS ANGELES",UNINCORPORATED,-118.23997497558594,33.9747314453125
92088313,2023,2023-06-07,9540,2023-05-29,1551,021882,,1,2,9,1900,0,3,5,,2,200,"SOLEDAD CANYON RD","INDIAN CANYON RD",800.00,N,N,A,-,N,,,,,,,,,,N,2,0,1,2,A,-,08,22107,,F,B,G,A,A,H,-,A,D,0,,Y,,,Y,,-,99,1,0,0,0,0,0,1,0,0,"- ","- ",34.437950134277344,-118.27808380126953,"LOS ANGELES",UNINCORPORATED,-118.27033233642578,34.437301635742188
92088984,2023,2023-06-08,9575,2023-05-28,1855,023134,,7,2,9,1900,0,2,4,,2,020,"ALTADENA DR.","OLIVE AVE.",0.00,,Y,B,-,N,,,,,,,,,,N,3,0,1,2,A,-,12,22450,A,N,D,G,A,A,H,-,B,A,0,,Y,,,Y,,L,04,0,1,0,0,0,0,1,0,0,"- ","- ",34.196701049804688,-118.15402221679688,"LOS ANGELES",UNINCORPORATED,-118.15396881103516,34.196662902832031
92091435,2023,2023-06-12,9535,2023-05-31,1840,021931,,3,2,9,1900,0,3,5,,2,006,"SUN LANE (7000 BLOCK)","POTRERO GRANDE DRIVE",5.00,N,N,B,-,N,,,,,,,,,,N,4,0,1,2,A,-,09,21804,B,N,D,G,A,A,H,-,A,D,0,,Y,,,Y,,-,"- ",0,0,1,0,0,0,1,0,0,"- ","- ",34.050819396972656,-118.09602355957031,"LOS ANGELES",UNINCORPORATED,-118.09599304199219,34.050746917724609
92103053,2023,2023-06-27,9525,2023-06-21,0815,015445,,3,1,9,1900,0,3,5,,2,003,"AMAR ROAD (15400 BLOCK)","AILERON AVE.",0.00,,Y,B,-,N,,,,,,,,,,N,3,0,1,2,A,-,09,21802,A,N,D,G,A,A,H,-,A,A,0,,Y,,,Y,,A,01,0,1,0,0,0,0,1,0,0,"- ","- ",34.036659240722656,-117.94078063964844,"LOS ANGELES",UNINCORPORATED,-117.94081115722656,34.036552429199219
92104404,2023,2023-06-28,9530,2023-05-15,1920,022708,,1,2,9,1900,0,3,5,,2,001,"FLOWER ST (2600 BLOCK)","PACIFIC BLVD",3.00,E,N,A,-,N,,,,,,,,,,N,4,0,1,2,A,-,09,21804,A,N,D,G,A,A,H,-,A,D,0,,Y,,,Y,,L,04,0,0,1,0,0,0,1,0,0,"- ","- ",33.972488403320312,-118.22512054443359,"LOS ANGELES",UNINCORPORATED,-118.2252197265625,33.970829010009766
92107074,2023,2023-06-30,9530,2023-06-07,1025,020816,,3,1,9,1900,0,3,5,,2,001,"ROSEBERRY AVE. (7200 BLOCK)","FLORENCE AVE.",148.00,S,N,B,-,N,,,,,,,,,,N,4,0,1,2,A,-,09,21804,A,N,D,G,A,A,H,-,A,D,0,,Y,,,Y,,M,91,0,0,1,0,0,0,1,0,0,"- ","- ",33.974250793457031,-118.23248291015625,"LOS ANGELES",UNINCORPORATED,-118.2325439453125,33.974285125732422
92108307,2023,2023-07-03,9530,2023-06-20,1820,022708,,2,2,9,1900,0,3,5,,2,001,"HOOPER AVE (7100 BLOCK)","FLORENCE AVE",10.00,N,N,A,-,N,,,,,,,,,,N,3,0,1,2,A,-,08,22100,B,N,D,C,A,A,H,-,A,D,0,,Y,,,Y,,L,04,0,1,0,0,0,0,1,0,0,"- ","- ",33.974918365478516,-118.25200653076172,"LOS ANGELES",UNINCORPORATED,-118.25202941894531,33.974777221679688
92108330,2023,2023-07-03,9565,2023-06-21,0930,022219,,3,1,9,1900,0,2,4,,1,054,"ADMIRALTY WAY","MINDANAO WAY",380.00,S,N,A,-,N,,,,,,,,,,N,3,0,1,2,A,-,09,21801,A,N,H,G,A,A,H,-,A,A,0,,Y,,,Y,,A,01,0,1,0,0,0,0,1,0,0,"- ","- ",33.978889465332031,-118.43932342529297,"LOS ANGELES",UNINCORPORATED,-118.43949127197266,33.97894287109375
92110590,2023,2023-07-06,9525,2023-06-28,1940,021978,,3,2,9,1900,0,3,5,,2,002,"LARK ELLEN AVENUE (5200 BLOCK)","WOODCROFT STREET",0.00,,Y,A,-,N,,,,,,,,,,N,3,0,1,2,A,-,05,21650,,F,D,G,A,A,H,-,A,D,0,,Y,,,Y,,L,04,0,1,0,0,0,0,1,0,0,"- ","- ",34.108329772949219,-117.91648101806641,"LOS ANGELES",UNINCORPORATED,-117.91655731201172,34.108280181884766
92113431,2023,2023-07-10,9550,2023-07-03,0810,020025,,1,1,9,1900,0,2,4,,1,042,"COLIMA RD","COUNTRYWOOD AVE",430.00,W,N,A,-,N,,,,,,,,,,N,3,0,1,1,A,-,08,22107,,N,E,I,A,A,H,-,A,D,0,,Y,,,Y,,L,04,0,1,0,0,0,0,1,0,0,"- ","- ",33.990879058837891,-117.94326782226562,"LOS ANGELES",UNINCORPORATED,-117.94313812255859,33.991115570068359
92117430,2023,2023-07-17,9565,2023-07-02,1640,022878,,7,2,9,1900,0,3,5,,2,004,"LENNOX BOULEVARD","INGLEWOOD AVENUE",0.00,,Y,A,-,N,,,,,,,,,,Y,3,0,3,4,A,-,12,21453,A,N,D,2,A,A,H,-,A,A,0,,Y,,,Y,,-,"- ",0,2,1,0,0,0,1,0,0,"- ","- ",33.938201904296875,-118.36136627197266,"LOS ANGELES",UNINCORPORATED,-118.36134338378906,33.938163757324219
92125591,2023,2023-07-25,9530,2023-07-10,1000,023051,,1,1,9,1900,0,3,5,,2,001,"ALAMEDA ST (7900 BLOCK)","NADEAU ST",0.00,,Y,A,-,N,,,,,,,,,,N,4,0,1,2,A,-,09,21804,A,N,H,G,A,A,H,-,A,A,0,,Y,,,Y,,L,04,0,0,1,0,0,0,1,0,0,"- ","- ",33.967369079589844,-118.23307037353516,"LOS ANGELES",UNINCORPORATED,-118.23322296142578,33.967449188232422
92126549,2023,2023-07-26,9535,2023-07-15,2000,023070,,6,2,9,1900,0,3,5,,2,002,"ARIZONA AVE (1100 BLOCK)","OLYMPIC BLVD",220.00,N,N,A,-,N,,,,,,,,,,N,4,0,1,2,A,-,08,22107,,N,B,G,A,A,H,-,A,D,0,,Y,,,Y,,A,07,0,0,1,0,0,0,1,0,0,"- ","- ",34.019111633300781,-118.16796875,"LOS ANGELES",UNINCORPORATED,-118.16815185546875,34.018947601318359
92132917,2023,2023-08-01,9530,2023-07-09,1305,022986,,7,1,9,1900,0,3,5,,2,002,"WILLOWBROOK AVE. (12500)","124TH ST",200.00,S,N,A,-,N,,,,,,,,,,N,4,0,1,2,A,-,05,21650,,N,H,G,A,A,H,-,A,D,0,,Y,,,Y,,L,04,0,0,1,0,0,0,1,0,0,"- ","- ",33.918788909912109,-118.23246765136719,"LOS ANGELES",UNINCORPORATED,-118.23334503173828,33.919319152832031
92140778,2023,2023-08-10,9530,2023-08-06,2110,022380,,7,2,9,1900,0,3,5,,2,001,"FLORENCE AVE","HOLMES AVE",0.00,,Y,A,-,N,,,,,,,,,,N,4,0,1,2,A,-,09,21804,A,N,H,G,A,A,H,-,C,A,0,,Y,,,Y,,L,04,0,0,1,0,0,0,1,0,0,"- ","- ",33.974819183349609,-118.24134826660156,"LOS ANGELES",UNINCORPORATED,-118.24126434326172,33.9747314453125
92144951,2023,2023-08-16,9530,2023-07-28,1935,023353,,5,2,9,1900,0,3,5,,2,002,"PIRU STREET (1300 BLOCK)","ARANBE AVE.",200.00,E,N,A,-,N,,,,,,,,,,N,4,0,1,2,A,-,03,22350,,F,B,G,A,A,H,-,A,D,0,,Y,,,Y,,-,99,0,0,1,0,0,0,1,0,0,"- ","- ",33.909259796142578,-118.23284912109375,"LOS ANGELES",UNINCORPORATED,-118.23279571533203,33.909275054931641
92146357,2023,2023-08-17,9545,2023-08-09,1500,022221,,3,2,9,1900,0,3,5,,1,006,"AVENUE L","45TH ST  W",100.00,E,N,A,-,N,,,,,,,,,,N,3,0,1,2,A,-,08,22107,,M,B,G,A,A,H,-,A,D,0,,Y,,,Y,,L,04,0,1,0,0,0,0,1,0,0,"- ","- ",34.660198211669922,-118.20928192138672,"LOS ANGELES",UNINCORPORATED,-118.20978546142578,34.660198211669922
92147488,2023,2023-08-18,9550,2023-08-09,1130,018187,,3,1,9,1900,0,3,5,,2,002,"COLIMA RD","LA MIRADA BL",150.00,N,N,B,-,N,,,,,,,,,,N,4,0,1,2,A,-,08,22107,,N,B,G,A,A,H,-,A,D,0,,Y,,,Y,,L,04,0,0,1,0,0,0,1,0,0,"- ","- ",33.940921783447266,-118.01254272460938,"LOS ANGELES",UNINCORPORATED,-118.01226806640625,33.941097259521484
92155956,2023,2023-08-28,9590,2023-08-09,1855,022741,,3,2,7,1942,0,1,1,,2,061,"I-10 W/B (SMF) FROM FAIRFAX AVENUE","FAIRFAX AVENUE",130.00,W,N,A,-,Y,,,,,,,,,,N,3,0,1,2,A,-,08,22107,,N,A,G,A,A,H,-,A,D,0,,Y,,,Y,,L,04,0,1,0,0,0,0,1,0,0,"- ","- ",34.036109924316406,-118.36978149414062,"LOS ANGELES","LOS ANGELES",-118.36978149414062,34.036109924316406
92158758,2023,2023-08-30,9550,2023-08-22,0818,019293,,2,1,9,1900,0,3,5,,2,003,"HACIENDA BLVD","LUJON ST",100.00,N,N,A,-,N,,,,,,,,,,N,3,0,1,2,A,-,03,22350,,N,C,G,A,A,H,-,A,D,0,,Y,,,Y,,L,04,0,1,0,0,0,0,1,0,0,"- ","- ",34.001361846923828,-117.96620178222656,"LOS ANGELES",UNINCORPORATED,-117.96630096435547,34.001533508300781
92162235,2023,2023-09-05,9530,2023-08-26,1720,023090,,6,2,9,1900,0,3,5,,2,001,"87TH ST.","FIR AVE.",0.00,,Y,A,-,N,,,,,,,,,,N,4,0,1,2,A,-,12,22450,A,N,D,G,A,A,H,-,A,A,0,,Y,,,Y,,L,04,0,0,1,0,0,0,1,0,0,"- ","- ",33.958511352539062,-118.23744201660156,"LOS ANGELES",UNINCORPORATED,-118.2374267578125,33.958511352539062
92165429,2023,2023-09-08,9530,2023-09-05,1430,022585,,2,2,9,1900,0,3,5,,2,005,"MANHATTAN BEACH BLVD. (3100 BLOCK)","CHADRON AVE.",75.00,W,N,A,-,N,,,,,,,,,,N,3,0,1,2,A,-,08,22107,,N,B,G,A,A,H,-,A,D,0,,Y,,,Y,,L,04,0,1,0,0,0,0,1,0,0,"- ","- ",33.8873291015625,-118.32827758789062,"LOS ANGELES",UNINCORPORATED,-118.32822418212891,33.88739013671875
92165520,2023,2023-09-08,9535,2023-08-27,1930,022298,,7,2,9,1900,0,2,4,,2,024,"WHITTIER BOULEVARD WESTBOUND","EASTERN AVENUE",0.00,,Y,A,-,N,,,,,,,,,,N,3,0,1,2,A,-,12,21453,A,F,D,G,A,A,H,-,B,A,0,,Y,,,Y,,-,99,0,1,0,0,0,0,1,0,0,"- ","- ",34.024028778076172,-118.17407989501953,"LOS ANGELES",UNINCORPORATED,-118.17395782470703,34.02392578125
92171045,2023,2023-09-15,9525,2023-09-06,0719,022770,,3,1,9,1900,0,3,5,,2,005,"DAMIEN AVE","GLADSTONE ST",0.00,,Y,B,-,N,,,,,,,,,,N,3,0,1,2,A,-,12,22450,A,N,D,G,A,A,H,-,A,A,0,,Y,,,Y,,L,04,0,1,0,0,0,0,1,0,0,"- ","- ",34.113128662109375,-117.78568267822266,"LOS ANGELES",UNINCORPORATED,-117.78575134277344,34.113178253173828