CASE_ID,ACCIDENT_YEAR,PROC_DATE,JURIS,COLLISION_DATE,COLLISION_TIME,OFFICER_ID,REPORTING_DISTRICT,DAY_OF_WEEK,CHP_SHIFT,POPULATION,CNTY_CITY_LOC,SPECIAL_COND,BEAT_TYPE,CHP_BEAT_TYPE,CITY_DIVISION_LAPD,CHP_BEAT_CLASS,BEAT_NUMBER,PRIMARY_RD,SECONDARY_RD,DISTANCE,DIRECTION,INTERSECTION,WEATHER_1,WEATHER_2,STATE_HWY_IND,CALTRANS_COUNTY,CALTRANS_DISTRICT,STATE_ROUTE,ROUTE_SUFFIX,POSTMILE_PREFIX,POSTMILE,LOCATION_TYPE,RAMP_INTERSECTION,SIDE_OF_HWY,TOW_AWAY,COLLISION_SEVERITY,NUMBER_KILLED,NUMBER_INJURED,PARTY_COUNT,PRIMARY_COLL_FACTOR,PCF_CODE_OF_VIOL,PCF_VIOL_CATEGORY,PCF_VIOLATION,PCF_VIOL_SUBSECTION,HIT_AND_RUN,TYPE_OF_COLLISION,MVIW,PED_ACTION,ROAD_SURFACE,ROAD_COND_1,ROAD_COND_2,LIGHTING,CONTROL_DEVICE,CHP_ROAD_TYPE,PEDESTRIAN_ACCIDENT,BICYCLE_ACCIDENT,MOTORCYCLE_ACCIDENT,TRUCK_ACCIDENT,NOT_PRIVATE_PROPERTY,ALCOHOL_INVOLVED,STWD_VEHTYPE_AT_FAULT,CHP_VEHTYPE_AT_FAULT,COUNT_SEVERE_INJ,COUNT_VISIBLE_INJ,COUNT_COMPLAINT_PAIN,COUNT_PED_KILLED,COUNT_PED_INJURED,COUNT_BICYCLIST_KILLED,COUNT_BICYCLIST_INJURED,COUNT_MC_KILLED,COUNT_MC_INJURED,PRIMARY_RAMP,SECONDARY_RAMP,LATITUDE,LONGITUDE,COUNTY,CITY,POINT_X,POINT_Y
92176119,2023,2023-09-21,9565,2023-04-19,0730,022728,,3,1,9,1900,0,3,5,,2,002,"120TH ST","VERMONT AVE",285.00,W,N,A,-,N,,,,,,,,,,N,3,0,1,2,A,-,17,22517,,N,B,G,A,A,H,-,A,D,0,,Y,,,Y,,A,07,0,1,0,0,0,0,1,0,0,"- ","- ",33.923740386962891,-118.29283142089844,"LOS ANGELES",UNINCORPORATED,-118.29273986816406,33.923679351806641
92179724,2023,2023-09-26,9575,2023-09-14,2000,022513,,4,2,6,1953,0,2,4,,2,020,"ALTADENA DR","GLENROSE AVE.",80.00,W,N,A,-,N,,,,,,,,,,N,4,0,1,2,A,-,08,22107,,N,D,G,A,A,H,-,C,D,0,,Y,,,Y,,L,04,0,0,1,0,0,0,1,0,0,"- ","- ",34.195758819580078,-118.15101623535156,"LOS ANGELES",PASADENA,-118.15090942382812,34.195697784423828
92196268,2023,2023-10-11,9540,2023-10-10,0900,019508,,2,1,6,1985,0,1,1,,2,506,"I/5 N/B TO MCBEAN PKWY OFF","MCBEAN PKWY",4.00,S,N,A,-,Y,,,,,,,,,,N,3,0,1,2,A,-,09,21800,A,N,D,G,A,A,H,-,A,A,0,,Y,,,Y,,A,01,0,1,0,0,0,0,1,0,0,"- ","- ",34.394229888916016,-118.56968688964844,"LOS ANGELES","SANTA CLARITA",-118.56968688964844,34.394229888916016
92196600,2023,2023-10-11,9530,2023-09-30,1155,022951,,6,1,9,1900,0,3,5,,2,001,"SANTA FE AVE. (7200 BLOCK)","FLORENCE AVE.",30.00,S,N,A,-,N,,,,,,,,,,N,3,0,1,2,A,-,08,22107,,F,H,G,A,A,H,-,A,D,0,,Y,,,Y,,-,99,0,1,0,0,0,0,1,0,0,"- ","- ",33.974540710449219,-118.23020935058594,"LOS ANGELES",UNINCORPORATED,-118.23029327392578,33.974647521972656
92198396,2023,2023-11-27,9580,2023-10-05,1910,022573,,4,2,9,1900,0,3,5,,1,010,"CORRAL CANYON RD","SEABREEZE DR",310.00,N,N,A,-,N,,,,,,,,,,N,2,0,1,2,D,-,00,,,N,A,G,A,A,H,-,D,D,0,,Y,,,Y,,-,"- ",1,0,0,0,0,0,1,0,0,"- ","- ",34.044441223144531,-118.73954010009766,"LOS ANGELES",UNINCORPORATED,-118.73957061767578,34.044387817382812
92198913,2023,2023-10-13,9530,2023-10-03,1552,022708,,2,2,9,1900,0,3,5,,2,001,"E. 76TH PL. (1100 BLOCK)","CENTRAL AVE",5.00,E,N,A,-,N,,,,,,,,,,N,3,0,1,2,A,-,12,22450,A,F,H,G,A,A,H,-,A,A,0,,Y,,,Y,,-,99,0,1,0,0,0,0,1,0,0,"- ","- ",33.970748901367188,-118.25627899169922,"LOS ANGELES",UNINCORPORATED,-118.25641632080078,33.970291137695312
92198935,2023,2023-10-13,9530,2023-10-03,1630,023456,,2,2,9,1900,0,3,5,,2,002,"ROSECRANS AVE.","APRILIA AVE.",0.00,,Y,A,-,N,,,,,,,,,,N,4,0,1,2,A,-,09,21801,A,N,D,G,A,A,H,-,A,A,0,,Y,,,Y,,A,01,0,0,1,0,0,0,1,0,0,"- ","- ",33.902618408203125,-118.25750732421875,"LOS ANGELES",UNINCORPORATED,-118.25746917724609,33.902629852294922
92201428,2023,2023-10-17,9525,2023-10-10,0830,015445,,2,1,9,1900,0,3,5,,2,002,"BELLEFONT DRIVE (18200 BLOCK)","ORANGECREST AVE.",0.00,,Y,B,-,N,,,,,,,,,,N,4,0,1,2,A,-,05,21650,,N,D,G,A,A,H,-,A,D,0,,Y,,,Y,,L,04,0,0,1,0,0,0,1,0,0,"- ","- ",34.117191314697266,-117.8956298828125,"LOS ANGELES",UNINCORPORATED,-117.89556121826172,34.117145538330078
92201562,2023,2023-10-18,9575,2023-10-04,1645,023410,,3,2,9,1900,0,2,4,,2,026,"NEW YORK DR (1700 BLOCK)","ALLEN AVE",855.00,W,N,A,-,N,,,,,,,,,,N,3,0,1,2,A,-,00,21760,B,F,B,G,A,A,H,-,A,D,0,,Y,,,Y,,-,99,0,1,0,0,0,0,1,0,0,"- ","- ",34.178501129150391,-118.11427307128906,"LOS ANGELES",UNINCORPORATED,-118.11489105224609,34.178524017333984
92203654,2023,2023-10-19,9550,2023-10-12,0745,022391,,4,1,9,1900,0,3,5,,2,005,"PASO REAL AVENUE","COLIMA ROAD",15.00,S,N,A,-,N,,,,,,,,,,N,3,0,1,2,A,-,09,21804,A,N,D,G,A,A,H,-,A,A,0,,Y,,,Y,,L,04,0,1,0,0,0,0,1,0,0,"- ","- ",33.987579345703125,-117.89356231689453,"LOS ANGELES",UNINCORPORATED,-117.8935546875,33.987720489501953
92203861,2023,2023-10-19,9535,2023-10-07,0750,021970,,6,1,9,1900,0,3,5,,2,006,"SAN GABRIEL BLVD W/B","ROSEMEAD BLVD",500.00,W,N,A,-,N,,,,,,,,,,N,4,0,1,2,A,-,09,21804,A,N,C,G,A,A,H,-,A,D,0,,Y,,,Y,,L,04,0,0,1,0,0,0,1,0,0,"- ","- ",34.029361724853516,-118.07006072998047,"LOS ANGELES",UNINCORPORATED,-118.06943511962891,34.029026031494141
92206558,2023,2023-10-24,9550,2023-10-15,0127,023321,,7,3,9,1900,0,2,4,,1,052,"COLIMA ROAD","FULLERTON ROAD",200.00,E,N,A,-,N,,,,,,,,,,N,4,0,1,1,A,-,08,22107,,N,E,I,A,A,H,-,C,D,0,,Y,,,Y,,L,04,0,0,1,0,0,0,1,0,0,"- ","- ",33.987930297851562,-117.89881134033203,"LOS ANGELES",UNINCORPORATED,-117.90503692626953,33.988315582275391
92209492,2023,2023-10-26,9530,2023-10-10,1730,023313,,2,2,9,1900,0,3,5,,2,001,"MACE PL. (7200 BLOCK)","FLORENCE AVE.",7.00,S,N,A,-,N,,,,,,,,,,N,4,0,1,2,A,-,09,21804,A,N,H,G,A,A,H,-,A,D,0,,Y,,,Y,,L,04,0,0,1,0,0,0,1,0,0,"- ","- ",33.974651336669922,-118.25151062011719,"LOS ANGELES",UNINCORPORATED,-118.25144958496094,33.9747314453125
92209553,2023,2023-10-26,9550,2023-10-19,0820,018854,,4,1,9,1900,0,2,4,,1,052,"COLIMA RD. E/B","NOGALES ST.",405.00,E,N,A,-,N,,,,,,,,,,N,4,0,1,2,A,-,08,22107,,N,B,G,A,A,H,-,A,D,0,,Y,,,Y,,A,01,0,0,1,0,0,0,1,0,0,"- ","- ",33.987289428710938,-117.88787078857422,"LOS ANGELES",UNINCORPORATED,-117.88798522949219,33.987438201904297
92223368,2023,2023-10-31,9550,2023-10-19,1900,022587,,4,2,9,1900,0,2,4,,1,051,"FULLERTON RD.","LOS PALACIOS DR",0.00,,Y,A,-,N,,,,,,,,,,N,3,0,1,2,A,-,10,21950,A,N,G,1,A,A,H,-,C,A,0,,Y,,,Y,,A,07,0,1,0,0,0,0,1,0,0,"- ","- ",33.991058349609375,-117.90538787841797,"LOS ANGELES",UNINCORPORATED,-117.90545654296875,33.990940093994141
92226309,2023,2023-11-02,9525,2023-10-30,1840,022194,,1,2,9,1900,0,3,5,,2,003,"AMAR RD.","ECHELON AVE.",0.00,,Y,A,-,N,,,,,,,,,,N,3,0,1,2,A,-,05,21650,,F,D,G,A,A,H,-,C,A,0,,Y,,,Y,,L,04,0,1,0,0,0,0,1,0,0,"- ","- ",34.036041259765625,-117.93466186523438,"LOS ANGELES",UNINCORPORATED,-117.93459320068359,34.036190032958984
92230774,2023,2023-11-08,9530,2023-10-26,1600,023188,,4,2,9,1900,1,3,5,,2,001,"SLAUSON AVE. (BLOCK #5800)","MAIN ST.",0.00,,Y,A,-,N,,,,,,,,,,N,3,0,1,2,A,-,03,22350,,N,G,G,A,A,H,-,A,A,0,,Y,,,Y,,L,04,0,1,0,0,0,0,1,0,0,"- ","- ",33.989109039306641,-118.27410888671875,"LOS ANGELES",UNINCORPORATED,-118.27394104003906,33.989212036132812
92230781,2023,2023-11-08,9530,2023-10-30,1915,022687,,1,2,9,1900,0,3,5,,2,001,"MAIE AVE.","FIRESTONE BLVD.",10.00,S,N,A,-,N,,,,,,,,,,N,4,0,1,2,A,-,21,22106,,N,H,G,A,A,H,-,C,A,0,,Y,,,Y,,A,01,0,0,1,0,0,0,1,0,0,"- ","- ",33.960018157958984,-118.24416351318359,"LOS ANGELES",UNINCORPORATED,-118.24443817138672,33.960151672363281
92233583,2023,2023-11-13,9525,2023-11-01,1645,019491,,3,2,9,1900,0,2,4,,2,022,"CYPRESS STREET","ROXBURGH AVENUE",0.00,,Y,A,-,N,,,,,,,,,,N,4,0,1,2,A,-,12,22450,A,F,D,G,A,A,H,-,A,A,0,,Y,,,Y,,-,99,0,0,1,0,0,0,1,0,0,"- ","- ",34.095718383789062,-117.91819763183594,"LOS ANGELES",UNINCORPORATED,-117.91841888427734,34.095844268798828
92244240,2023,2023-11-27,9525,2023-11-12,0835,023049,,7,1,9,1900,0,2,4,,2,045,"VALLEY BLVD.","COLLWOOD AVE.",0.00,,Y,A,-,N,,,,,,,,,,N,2,0,1,2,A,-,09,21804,A,N,D,G,A,A,H,-,A,D,0,,Y,,,Y,,L,04,1,0,0,0,0,0,1,0,0,"- ","- ",34.04901123046875,-117.99578857421875,"LOS ANGELES",UNINCORPORATED,-117.99576568603516,34.049060821533203
92250232,2023,2023-12-01,9535,2023-09-18,1440,023264,,1,2,7,1942,0,3,5,,2,002,"EASTMONT AVE (550 BLOCK)","HASTINGS ST",90.00,S,N,A,-,N,,,,,,,,,,N,4,0,1,2,A,-,08,22107,,N,B,G,A,A,H,-,A,D,0,,Y,,,Y,,L,04,0,0,1,0,0,0,1,0,0,"- ","- ",34.024200439453125,-118.14987945556641,"LOS ANGELES","LOS ANGELES",-118.14985656738281,34.024272918701172
92251507,2023,2024-07-30,9530,2023-10-26,1633,023090,,4,2,9,1900,0,3,5,,2,001,"COMPTON AVE.","60TH STREET",4.00,S,N,A,-,N,,,,,,,,,,N,3,0,1,2,A,-,10,21950,A,M,H,G,A,A,H,-,A,A,0,,Y,,,Y,,A,07,0,1,0,0,0,0,1,0,0,"- ","- ",33.985660552978516,-118.247802734375,"LOS ANGELES",UNINCORPORATED,-118.24774932861328,33.9852294921875
92253465,2023,2023-12-06,9565,2023-08-26,1345,023173,,6,1,9,1900,0,3,5,,2,003,"VICTORIA AVENUE","KNOLL CREST AVENUE",10.00,N,N,A,-,N,,,,,,,,,,N,4,0,1,2,A,-,12,22450,A,N,H,G,A,A,H,-,A,A,0,,Y,,,Y,,L,04,0,0,1,0,0,0,1,0,0,"- ","- ",33.999240875244141,-118.33204650878906,"LOS ANGELES",UNINCORPORATED,-118.33203125,33.999137878417969
92256291,2023,2023-12-07,9530,2023-12-06,1950,021902,,3,2,9,1900,0,3,5,,2,003,"ATLANTIC AVE. (15400 BLOCK)","ROSE ST.",150.00,S,N,A,-,N,,,,,,,,,,N,2,0,1,2,A,-,09,21804,A,N,A,G,A,A,A,-,C,D,0,,Y,,,Y,,L,04,1,0,0,0,0,0,1,0,0,"- ","- ",33.893669128417969,-118.19335174560547,"LOS ANGELES",UNINCORPORATED,-118.19326019287109,33.893829345703125
92268183,2023,2024-08-06,9565,2023-11-03,1800,023268,,5,2,9,1900,0,3,5,,2,002,"WESTERN AVENUE","107TH ST",0.00,,Y,A,-,N,,,,,,,,,,N,4,0,1,2,A,-,09,21801,A,N,B,G,A,A,H,-,A,A,0,,Y,,,Y,,A,01,0,0,1,0,0,0,1,0,0,"- ","- ",33.939090728759766,-118.30890655517578,"LOS ANGELES",UNINCORPORATED,-118.30904388427734,33.939098358154297
92285041,2023,2024-01-11,9535,2023-10-30,1820,023070,,1,2,9,1900,0,3,5,,2,002,"LA VERNE AVE","HUBBARD ST",150.00,S,N,A,-,N,,,,,,,,,,N,3,0,2,2,A,-,09,21804,A,N,D,G,A,A,H,-,C,D,0,,Y,,,Y,,A,01,0,2,0,0,0,0,2,0,0,"- ","- ",34.023220062255859,-118.16169738769531,"LOS ANGELES",UNINCORPORATED,-118.16164398193359,34.023262023925781
92291742,2023,2024-01-19,9550,2023-12-16,1405,022924,,6,2,9,1900,0,2,4,,1,021,"IMPERIAL HIGHWAY","CARMENITA ROAD",5.00,E,N,A,-,N,,,,,,,,,,N,2,0,1,2,A,-,09,21804,A,N,H,G,A,A,H,-,A,A,0,,Y,,,Y,,L,04,1,0,0,0,0,0,1,0,0,"- ","- ",33.917041778564453,-118.04656982421875,"LOS ANGELES",UNINCORPORATED,-118.04679107666016,33.916950225830078
92300762,2023,2024-01-30,9535,2023-10-23,1905,022842,,1,2,6,1922,0,1,1,,2,400,"I-10 E/B (SAN BERNARDINO FREEWAY) TO PECK RD NORTH","PECK RD",20.00,E,N,A,-,Y,,,,,,,,,,N,3,0,1,2,A,-,09,21804,A,N,D,G,A,A,H,-,C,D,0,,Y,,,Y,,L,04,0,1,0,0,0,0,1,0,0,"- ","- ",34.067451477050781,-118.02922058105469,"LOS ANGELES","EL MONTE",-118.02922058105469,34.067451477050781
92304857,2023,2024-02-05,9550,2023-10-03,1920,022924,,2,2,9,1900,0,2,4,,1,023,"MULLBERRY DRIVE EASTBOUND","PAINTER AVENUE",5.00,E,N,A,-,N,,,,,,,,,,N,4,0,1,2,A,-,10,21950,A,N,B,G,A,A,H,-,C,A,0,,Y,,,Y,,A,07,0,0,1,0,0,0,1,0,0,"- ","- ",33.953239440917969,-118.04270935058594,"LOS ANGELES",UNINCORPORATED,-118.04280853271484,33.953392028808594
92390987,2023,2024-05-15,9535,2023-09-27,2315,023333,,3,3,9,1900,0,3,5,,2,002,"TELEGRAPH RD (4400 E BLOCK)","MARIANNA AVE",160.00,W,N,A,-,N,,,,,,,,,,N,2,0,1,2,A,-,08,22107,,F,D,G,A,A,H,-,C,D,0,,Y,,,Y,Y,L,04,1,0,0,0,0,0,1,0,0,"- ","- ",34.018501281738281,-118.17636871337891,"LOS ANGELES",UNINCORPORATED,-118.17639923095703,34.018527984619141
92422387,2023,2024-06-25,9535,2023-10-15,1654,023258,,7,2,9,1900,0,3,5,,2,002,"ARIZONA AVE [BLOCK 700]","WHITTIER BLVD",175.00,N,N,A,-,N,,,,,,,,,,N,4,0,1,1,A,-,17,21200,,N,H,A,A,A,H,-,A,D,0,,Y,,,Y,Y,L,04,0,0,1,0,0,0,1,0,0,"- ","- ",34.023059844970703,-118.16703033447266,"LOS ANGELES",UNINCORPORATED,-118.16693878173828,34.022933959960938
94431027,2023,2024-10-15,9565,2023-12-08,1355,022692,,5,1,9,1900,0,2,4,,1,054,"ADMIRALTY WAY S/B","BALI WAY",580.00,N,N,A,-,N,,,,,,,,,,N,1,1,0,2,A,-,12,21453,A,N,H,G,A,A,H,-,A,A,0,,Y,,,Y,,A,01,0,0,0,0,0,1,0,0,0,"- ","- ",33.983238220214844,-118.44335174560547,"LOS ANGELES",UNINCORPORATED,-118.44290161132812,33.983234405517578
9466837,2023,2023-03-02,1910,2023-01-07,2314,05117,,6,5,4,1910,0,0,0,,0,005,"S BEVERLY DR","GREGORY WY",0.00,,Y,A,-,N,,,,,,,,,,N,4,0,1,2,A,-,09,21801,A,N,D,G,A,A,H,-,C,A,0,,Y,,,Y,,-,,0,0,1,0,0,0,1,0,0,"- ","- ",,,"LOS ANGELES","BEVERLY HILLS",-118.39912414550781,34.062229156494141
9467815,2023,2024-02-07,1900,2023-10-20,1517,623044,1260,5,5,3,1991,0,0,0,,0,121T1,"FOOTHILL BL","OCEAN VIEW BL",100.00,E,N,A,-,N,,,,,,,,,,N,4,0,1,2,A,-,08,22107,,N,B,-,A,A,H,-,A,D,0,,Y,,,Y,,A,01,0,0,1,0,0,0,1,0,0,"- ","- ",34.216911315917969,-118.22708129882812,"LOS ANGELES","LA CANADA-FLINTRIDGE",-118.22755432128906,34.217105865478516
9469004,2023,2023-09-27,1941,2023-08-07,1500,10769,SOUTH,1,5,7,1941,0,0,0,,0,006,"EAST 7TH ST","LONG BEACH BL",0.00,,Y,A,-,N,,,,,,,,,,,4,0,1,2,D,-,00,,,N,D,G,A,A,H,-,A,A,0,,Y,,,Y,,-,"- ",0,0,1,0,0,0,1,0,0,"- ","- ",33.775348663330078,-118.18939208984375,"LOS ANGELES","LONG BEACH",-118.18946075439453,33.775344848632812
9469435,2023,2023-10-03,1910,2023-09-07,1840,05076,,4,5,4,1910,0,0,0,,0,005,"E SANTA MONICA BL","N REXFORD DR",0.00,,Y,A,-,N,,,,,,,,,,N,4,0,1,2,A,-,08,22107,,N,B,G,A,A,H,-,A,D,0,,Y,,,Y,,A,01,0,0,1,0,0,0,1,0,0,"- ","- ",,,"LOS ANGELES","BEVERLY HILLS",-118.40061950683594,34.073757171630859
9469437,2023,2023-10-03,1902,2023-09-03,1537,824,26,7,5,5,1902,0,0,0,,0,004,"TEMPLE CITY BL","W DUARTE RD",0.00,,Y,A,-,N,,,,,,,,,,N,3,0,1,2,A,-,09,21801,,N,D,G,A,A,H,-,A,A,0,,Y,,,Y,,A,07,0,1,0,0,0,0,1,0,0,"- ","- ",,,"LOS ANGELES",ARCADIA,-118.06449127197266,34.124679565429688
9469604,2023,2023-09-08,1942,2023-07-30,1055,36527,1118,7,5,7,1942,0,0,0,K,0,24MQ42,"FIGUEROA ST","AVENUE 56",33.00,N,N,A,-,N,,,,,,,,,,N,2,0,1,2,A,-,17,22517,,N,B,G,A,A,H,-,A,D,0,,Y,,,Y,,A,01,1,0,0,0,0,0,1,0,0,"- ","- ",,,"LOS ANGELES","LOS ANGELES",-118.19410705566406,34.10894775390625
9469870,2023,2023-09-25,1942,2023-08-19,1120,39154,1098,6,5,7,1942,0,0,0,J,0,26TL45,"SEPULVEDA BL","FOND DR",0.00,,Y,A,-,N,,,,,,,,,,N,2,0,1,2,A,-,12,22450,A,N,D,G,A,A,H,-,A,A,0,,Y,,,Y,,L,04,1,0,0,0,0,0,1,0,0,"- ","- ",,,"LOS ANGELES","LOS ANGELES",-118.48316955566406,34.134265899658203
9469974,2023,2023-09-13,1941,2023-06-21,0046,10242,SOUTH,3,5,7,1941,0,0,0,,0,006,"W ANAHEIM ST","PACIFIC AV",0.00,,Y,A,-,N,,,,,,,,,,N,4,0,1,2,-,-,"- ",,,N,H,G,A,A,H,-,C,A,0,,Y,,,Y,,-,"- ",0,0,1,0,0,0,1,0,0,"- ","- ",33.782600402832031,-118.19373321533203,"LOS ANGELES","LONG BEACH",-118.1937255859375,33.782596588134766
9470033,2023,2023-09-21,1941,2023-05-17,1931,11843,WEST,3,5,7,1941,0,0,0,,0,005,"GUNDRY AV","EAST PACIFIC COAST HWY",0.00,,Y,A,-,Y,LA,7,1,-,-,5.391,I,5,S,N,3,0,1,2,D,-,00,,,N,G,B,A,A,H,-,A,A,0,,Y,,,Y,,-,"- ",0,1,0,0,0,0,1,0,0,"- ","- ",33.789859771728516,-118.17417144775391,"LOS ANGELES","LONG BEACH",-118.17420196533203,33.789806365966797
9470229,2023,2023-09-18,1972,2023-08-29,1649,22776,,2,5,6,1972,0,0,0,,0,,"TORRANCE BL",WENDY,150.00,E,N,A,-,N,,,,,,,,,,N,4,0,1,2,A,-,09,21801,,N,E,G,A,A,H,-,B,D,0,,Y,,,Y,,A,,0,0,1,0,0,0,1,0,0,"- ","- ",,,"LOS ANGELES",TORRANCE,-118.37267303466797,33.837745666503906
9470341,2023,2023-09-19,1910,2023-08-23,1739,04407,,3,5,4,1910,0,0,0,,0,006,"NORTH SANTA MONICA BL","N ALPINE DR",0.00,,Y,A,-,N,,,,,,,,,,N,3,0,1,2,A,-,09,21801,A,N,A,G,A,A,H,-,A,D,0,,Y,,,Y,,A,01,0,1,0,0,0,0,1,0,0,"- ","- ",34.074539184570312,-118.39964294433594,"LOS ANGELES","BEVERLY HILLS",-118.39960479736328,34.074451446533203
9470408,2023,2023-10-12,1942,2023-09-15,1740,39655,1313,5,5,7,1942,0,0,0,M,0,21FB17,"WASHINGTON BL","STANFORD AV",0.00,,Y,A,-,N,,,,,,,,,,N,3,0,1,2,A,-,05,21650,1,F,D,C,A,A,H,-,A,A,0,,Y,,,Y,Y,L,04,0,1,0,0,0,0,1,0,0,"- ","- ",,,"LOS ANGELES","LOS ANGELES",-118.44908142089844,33.989841461181641
9470418,2023,2023-10-17,1942,2023-09-06,1725,35077,0192,3,5,7,1942,0,0,0,A,0,24MQ65,"WASHINGTON BL","FLOWER ST",0.00,,Y,A,-,N,,,,,,,,,,N,2,0,1,2,A,-,12,21453,A,N,D,J,A,A,H,-,A,A,0,,Y,,,Y,,L,04,1,0,0,0,0,0,1,0,0,"- ","- ",,,"LOS ANGELES","LOS ANGELES",-118.27082824707031,34.033840179443359
9470430,2023,2023-10-13,1942,2023-09-09,2210,34350,1322,6,5,7,1942,0,0,0,M,0,24T32,"SAN PEDRO ST","24TH ST",130.00,N,N,B,-,N,,,,,,,,,,N,3,0,1,2,A,-,09,21804,A,F,C,G,A,-,H,-,C,D,0,,Y,,,Y,,L,04,0,1,0,0,0,0,1,0,0,"- ","- ",,,"LOS ANGELES","LOS ANGELES",-118.26003265380859,34.023597717285156
9470541,2023,2023-10-13,1941,2023-06-26,1511,10819,SOUTH,1,5,7,1941,0,0,0,,0,006,"EAST 4TH ST","THE PROMENADE NORTH",0.00,,Y,A,-,N,,,,,,,,,,N,4,0,1,2,D,-,00,,,N,B,G,A,A,H,-,A,D,0,,Y,,,Y,,-,"- ",0,0,1,0,0,0,1,0,0,"- ","- ",33.771720886230469,-118.19051361083984,"LOS ANGELES","LONG BEACH",-118.19053649902344,33.771743774414062
9470704,2023,2023-10-23,1951,2023-08-29,0705,755,1951,2,5,3,1951,0,0,0,,0,705,"VIA CORONEL","VIA LANDETA",422.00,S,N,A,-,N,,,,,,,,,,N,4,0,1,1,C,-,18,,,N,H,-,A,A,H,-,A,D,0,,Y,,,Y,,-,"- ",0,0,1,0,0,0,1,0,0,"- ","- ",,,"LOS ANGELES","PALOS VERDES EST",-118.40756988525391,33.777736663818359
9470918,2023,2023-10-24,1942,2023-06-16,2055,41072,1864,5,5,7,1942,0,0,0,R,0,25TL39,"93RD ST","CENTRAL AV",0.00,,Y,B,-,N,,,,,,,,,,N,3,0,1,2,A,-,09,21802,A,N,D,G,A,A,H,-,E,A,0,,Y,,,Y,,A,08,0,1,0,0,0,0,1,0,0,"- ","- ",,,"LOS ANGELES","LOS ANGELES",-118.25543975830078,33.951816558837891
9471158,2023,2023-10-24,1942,2023-04-24,0200,45084,0645,1,5,7,1942,0,0,0,F,0,06A45,"FRANKLIN AV","SYCAMORE AV",10.00,E,N,A,-,N,,,,,,,,,,N,4,0,1,2,A,-,03,22350,,F,H,G,A,A,H,-,C,D,0,,Y,,,Y,,-,99,0,0,1,0,0,0,1,0,0,"- ","- ",,,"LOS ANGELES","LOS ANGELES",-118.34333038330078,34.104141235351562
9471241,2023,2023-12-18,1941,2023-08-22,0716,10908,EAST,2,5,7,1941,0,0,0,,0,011,"E ANAHEIM ST","N JUNIPERO AV",0.00,,Y,A,-,N,,,,,,,,,,N,3,0,1,3,A,-,08,22107,,N,G,G,A,A,H,-,A,A,0,,Y,,,Y,,A,07,0,1,0,0,0,0,1,0,0,"- ","- ",33.782611846923828,-118.16330718994141,"LOS ANGELES","LONG BEACH",-118.16334533691406,33.782608032226562
9471368,2023,2023-11-02,1941,2023-09-12,2129,11808,NORTH,2,5,7,1941,0,0,0,,0,022,"HARDING ST","ATLANTIC ST",0.00,,Y,A,-,N,,,,,,,,,,N,4,0,1,2,D,-,00,,,N,H,G,A,A,H,-,C,A,0,,Y,,,Y,,-,"- ",0,0,1,0,0,0,1,0,0,"- ","- ",33.867321014404297,-118.18527221679688,"LOS ANGELES","LONG BEACH",-118.18552398681641,33.867279052734375
9471723,2023,2023-10-31,1942,2023-05-01,1600,41671,2076,1,5,7,1942,0,0,0,,0,27TL46,"WASHINGTON BL","VERMONT AV",0.00,,Y,A,-,N,,,,,,,,,,N,4,0,1,2,A,-,09,21804,A,N,H,G,A,A,H,-,A,A,0,,Y,,,Y,,L,04,0,0,1,0,0,0,1,0,0,"- ","- ",,,"LOS ANGELES","LOS ANGELES",-118.29157257080078,34.040008544921875
9471977,2023,2023-11-09,1900,2023-08-30,0604,536342,0560,3,5,3,1968,0,0,0,,0,55T1AM,"BRUIN AV","GARVEY AV",0.00,,Y,A,-,N,,,,,,,,,,N,2,0,1,2,A,-,12,22450,A,F,D,G,A,A,H,-,A,A,0,,Y,,,Y,,A,01,1,0,0,0,0,0,1,0,0,"- ","- ",34.062618255615234,-118.06436920166016,"LOS ANGELES","SOUTH EL MONTE",-118.06444549560547,34.062732696533203