CASE_ID,ACCIDENT_YEAR,PROC_DATE,JURIS,COLLISION_DATE,COLLISION_TIME,OFFICER_ID,REPORTING_DISTRICT,DAY_OF_WEEK,CHP_SHIFT,POPULATION,CNTY_CITY_LOC,SPECIAL_COND,BEAT_TYPE,CHP_BEAT_TYPE,CITY_DIVISION_LAPD,CHP_BEAT_CLASS,BEAT_NUMBER,PRIMARY_RD,SECONDARY_RD,DISTANCE,DIRECTION,INTERSECTION,WEATHER_1,WEATHER_2,STATE_HWY_IND,CALTRANS_COUNTY,CALTRANS_DISTRICT,STATE_ROUTE,ROUTE_SUFFIX,POSTMILE_PREFIX,POSTMILE,LOCATION_TYPE,RAMP_INTERSECTION,SIDE_OF_HWY,TOW_AWAY,COLLISION_SEVERITY,NUMBER_KILLED,NUMBER_INJURED,PARTY_COUNT,PRIMARY_COLL_FACTOR,PCF_CODE_OF_VIOL,PCF_VIOL_CATEGORY,PCF_VIOLATION,PCF_VIOL_SUBSECTION,HIT_AND_RUN,TYPE_OF_COLLISION,MVIW,PED_ACTION,ROAD_SURFACE,ROAD_COND_1,ROAD_COND_2,LIGHTING,CONTROL_DEVICE,CHP_ROAD_TYPE,PEDESTRIAN_ACCIDENT,BICYCLE_ACCIDENT,MOTORCYCLE_ACCIDENT,TRUCK_ACCIDENT,NOT_PRIVATE_PROPERTY,ALCOHOL_INVOLVED,STWD_VEHTYPE_AT_FAULT,CHP_VEHTYPE_AT_FAULT,COUNT_SEVERE_INJ,COUNT_VISIBLE_INJ,COUNT_COMPLAINT_PAIN,COUNT_PED_KILLED,COUNT_PED_INJURED,COUNT_BICYCLIST_KILLED,COUNT_BICYCLIST_INJURED,COUNT_MC_KILLED,COUNT_MC_INJURED,PRIMARY_RAMP,SECONDARY_RAMP,LATITUDE,LONGITUDE,COUNTY,CITY,POINT_X,POINT_Y
9513639,2023,2024-02-17,1944,2023-11-19,1749,294,M18,7,5,4,1944,0,0,0,,0,0M8,"MANHATTAN AV","9TH ST",12.00,S,N,A,-,N,,,,,,,,,,N,3,0,1,2,A,-,06,21755,,N,B,G,A,A,H,-,C,A,0,,Y,,,Y,,L,04,0,1,0,0,0,0,1,0,0,"- ","- ",33.882778167724609,-118.40973663330078,"LOS ANGELES","MANHATTAN BEACH",-118.40968322753906,33.882801055908203
9514421,2023,2024-02-23,1942,2023-11-26,2155,38090,2079,7,5,7,1942,0,0,0,,0,27T35,"HOOVER ST","VENICE BL",10.00,N,N,A,-,N,,,,,,,,,,N,3,0,1,2,A,-,12,21453,A,N,D,-,A,A,H,-,C,A,0,,Y,,,Y,,L,04,0,1,0,0,0,0,1,0,0,"- ","- ",,,"LOS ANGELES","LOS ANGELES",-118.28414916992188,34.043827056884766
9514445,2023,2024-02-22,1900,2023-10-28,1734,658608,0242,6,5,3,1914,0,0,0,,0,27T,"GOODRICH BL","WHITTIER BL",8.00,S,N,A,-,N,,,,,,,,,,N,3,0,1,2,A,-,09,21801,A,N,H,G,A,A,H,-,A,A,0,,Y,,,Y,,A,01,0,1,0,0,0,0,1,0,0,"- ","- ",34.019641876220703,-118.1536865234375,"LOS ANGELES",COMMERCE,-118.15361022949219,34.019611358642578
9514677,2023,2024-07-18,1976,2023-11-16,0853,525,,4,5,5,1976,0,0,0,,0,004,"DITTMAR AV","SCOTT AV",0.00,,N,A,-,N,,,,,,,,,,N,3,0,1,2,A,-,12,22450,A,N,H,G,A,A,H,-,A,A,0,,Y,,,Y,,A,01,0,1,0,0,0,0,1,0,0,"- ","- ",,,"LOS ANGELES",WHITTIER,-118.00086212158203,33.937812805175781
9519685,2023,2023-02-28,1953,2023-01-24,1700,5970,1953,2,5,6,1953,0,0,0,,0,2L16,"GRAND AV","MADELINE DR",0.00,,Y,A,-,N,,,,,,,,,,N,3,0,1,2,A,-,09,21804,A,N,D,G,A,A,H,-,A,A,0,,Y,,,Y,,A,01,0,1,0,0,0,0,1,0,0,"- ","- ",,,"LOS ANGELES",PASADENA,-118.16311645507812,34.126937866210938
9519691,2023,2023-03-01,1953,2023-01-01,0232,1541,,7,5,6,1953,0,0,0,,0,,"VILLA ST","EL MOLINO AV",0.00,,Y,B,C,N,,,,,,,,,,N,3,0,1,1,A,-,07,21658,,N,A,A,A,B,H,-,C,A,0,,Y,,,Y,,-,"- ",0,1,0,0,0,0,1,0,0,"- ","- ",,,"LOS ANGELES",PASADENA,-118.13697052001953,34.154243469238281
9519959,2023,2023-03-04,1956,2023-01-31,0756,1325,5,2,5,5,1956,0,0,0,,0,001,"AVENUE H","PROSPECT AV",200.00,E,N,A,-,N,,,,,,,,,,,4,0,1,2,A,-,05,21650,,N,D,G,A,B,H,-,A,D,0,,Y,,,Y,,L,04,0,0,1,0,0,0,1,0,0,"- ","- ",33.819831848144531,-118.376953125,"LOS ANGELES","REDONDO BEACH",-118.37625885009766,33.819728851318359
9520476,2023,2023-02-27,1942,2023-01-03,1930,39476,1782,2,5,7,1942,0,0,0,Q,0,26T55W,"TAMPA AV","LONDELIUS ST",9.00,N,N,C,-,N,,,,,,,,,,N,1,1,0,2,A,-,09,21804,A,N,-,G,A,B,H,-,E,A,0,,Y,,,Y,,L,04,0,0,0,0,0,1,0,0,0,"- ","- ",,,"LOS ANGELES","LOS ANGELES",-118.55355072021484,34.229904174804688
9520526,2023,2023-05-23,1942,2023-03-17,0615,36887,1684,5,5,7,1942,0,0,0,P,0,26TL24,"TUXFORD ST","LANKERSHIM BL",0.00,,Y,A,-,N,,,,,,,,,,N,1,1,0,2,A,-,05,21650,1,N,H,G,A,-,H,-,C,A,0,,Y,,,Y,,L,04,0,0,0,0,0,1,0,0,0,"- ","- ",,,"LOS ANGELES","LOS ANGELES",-118.38780212402344,34.222480773925781
9520607,2023,2023-06-12,1900,2023-05-27,0828,507079,2915,6,5,4,1974,0,0,0,,0,291K2,"APACHE WY","WALNUT CANYON RD",132.00,W,N,A,-,N,,,,,,,,,,N,1,1,0,1,C,-,18,,,N,H,A,A,A,H,-,A,D,0,,Y,,,Y,,-,"- ",0,0,0,0,0,1,0,0,0,"- ","- ",34.034221649169922,-117.84915924072266,"LOS ANGELES",WALNUT,-117.84871673583984,34.034210205078125
9520747,2023,2023-07-26,1900,2023-06-07,1638,636465,0521,3,5,4,1971,0,0,0,,0,52T1/P,"WOODRUFF AV","CLOVERLY AV",3.00,W,N,A,-,N,,,,,,,,,,N,1,1,0,2,A,-,12,22450,A,N,D,G,A,A,H,-,A,A,0,,Y,,,Y,,L,04,0,0,0,0,0,1,0,0,0,"- ","- ",34.108100891113281,-118.06417846679688,"LOS ANGELES","TEMPLE CITY",-118.0640869140625,34.108078002929688
9520930,2023,2023-09-12,1942,2023-08-12,2250,42775,1959,6,5,7,1942,0,0,0,,0,26T54W,"VAN NUYS BL","LEV AV",108.00,E,N,A,-,N,,,,,,,,,,N,1,1,0,4,A,-,03,22350,,F,C,G,A,A,H,-,C,D,0,,Y,,,Y,,-,99,0,0,0,0,0,1,0,0,0,"- ","- ",,,"LOS ANGELES","LOS ANGELES",-118.43760681152344,34.254776000976562
9527587,2023,2023-02-25,1942,2023-02-01,1750,44489,1544,3,5,7,1942,0,0,0,O,0,15U1,"RIVERSIDE DR","LAURELGROVE AV",0.00,,Y,A,-,N,,,,,,,,,,N,4,0,1,2,A,-,08,22107,,F,-,G,A,A,H,-,B,D,0,,Y,,,Y,,-,99,0,0,1,0,0,0,1,0,0,"- ","- ",,,"LOS ANGELES","LOS ANGELES",-118.40087127685547,34.157611846923828
9527613,2023,2023-03-06,1942,2023-01-28,1450,39889,0192,6,5,7,1942,0,0,0,A,0,24MQ39,"S HILL ST","VENICE BL",95.00,S,N,A,-,N,,,,,,,,,,N,2,0,1,2,A,-,05,21650,1,N,A,G,A,A,H,-,A,D,0,,Y,,Y,Y,,L,04,1,0,0,0,0,0,1,0,0,"- ","- ",,,"LOS ANGELES","LOS ANGELES",-118.26473236083984,34.034500122070312
9534424,2023,2023-03-02,1925,2023-01-31,0147,28043,,2,5,6,1925,0,0,0,,0,002,"SAN FERNANDO RD","DORAN ST",0.00,,Y,A,C,N,,,,,,,,,,N,3,0,1,2,A,-,12,21453,A,N,B,G,A,A,H,-,C,A,0,,Y,,,Y,,L,04,0,1,0,0,0,0,1,0,0,"- ","- ",34.153221130371094,-118.275146484375,"LOS ANGELES",GLENDALE,-118.27512359619141,34.153263092041016
9535021,2023,2023-02-17,1925,2023-01-01,0102,26160,208,7,5,6,1925,0,0,0,,0,001,"WESTERN AV","VICTORY BL",0.00,,Y,C,-,N,,,,,,,,,,N,3,0,1,2,A,-,05,21202,A,N,D,G,A,B,H,-,C,A,0,,Y,,,Y,,L,04,0,1,0,0,0,0,1,0,0,"- ","- ",34.161128997802734,-118.3001708984375,"LOS ANGELES",GLENDALE,-118.30020141601562,34.161136627197266
9544346,2023,2023-02-16,1926,2023-01-17,1507,0043,,2,5,5,1926,0,0,0,,0,,"GRAND AV","COLORADO AV",0.00,,Y,A,-,N,,,,,,,,,,N,2,0,1,2,A,-,05,21202,A,N,B,G,A,A,H,-,A,D,0,,Y,,,Y,,L,04,1,0,0,0,0,0,1,0,0,"- ","- ",34.126689910888672,-117.87255859375,"LOS ANGELES",GLENDORA,-117.87271881103516,34.126705169677734
9545452,2023,2023-03-01,1931,2023-01-25,1622,5261,1931,3,5,5,1931,0,0,0,,0,003,"MALABAR ST","SATURN AV",0.00,,Y,A,-,N,,,,,,,,,,N,4,0,1,2,A,-,12,22450,A,F,D,G,A,A,H,-,A,A,0,,Y,,,Y,,A,07,0,0,1,0,0,0,1,0,0,"- ","- ",,,"LOS ANGELES","HUNTINGTON PARK",-118.22776794433594,33.976909637451172
9546384,2023,2023-03-14,1900,2023-01-27,1633,660059,1122,5,5,6,1992,0,0,0,,0,111T1,"BEECH AV","JACKMAN ST",0.00,,Y,A,-,N,,,,,,,,,,N,4,0,1,2,A,-,12,22450,A,N,C,-,A,A,H,-,A,D,0,,Y,,,Y,,-,,0,0,1,0,0,0,1,0,0,"- ","- ",,,"LOS ANGELES",LANCASTER,-118.13884735107422,34.701850891113281
9546695,2023,2023-02-24,1900,2023-01-24,0930,486588,1264,2,5,3,1991,0,0,0,,0,121T1,"CHEVY CHASE DR","FLINTRIDGE AV",8.00,S,N,-,-,N,,,,,,,,,,N,4,0,1,2,A,-,09,21800,B,N,B,G,A,A,H,-,A,D,0,,Y,,,Y,,-,"- ",0,0,1,0,0,0,1,0,0,"- ","- ",34.191360473632812,-118.20012664794922,"LOS ANGELES","LA CANADA-FLINTRIDGE",-118.20003509521484,34.191268920898438
9546947,2023,2023-03-13,1920,2023-01-04,1830,14072,1920,3,5,6,1920,0,0,0,,0,001,"BELLFLOWER BL","RT 105",0.00,,Y,C,-,Y,LA,7,105,-,R,16.847,R,4,W,N,4,0,1,2,A,-,05,21650,,N,D,G,A,B,H,-,C,A,0,,Y,,,Y,,L,04,0,0,1,0,0,0,1,0,0,"- ","- ",,,"LOS ANGELES",DOWNEY,-118.12179565429688,33.913562774658203
9549131,2023,2023-04-07,1900,2023-02-01,1530,635328,1431,3,5,4,1937,0,0,0,,0,143T1,"TEMPLE AV","HACIENDA BL",0.00,,Y,A,-,N,,,,,,,,,,N,4,0,1,2,A,-,05,21202,A,N,D,G,A,A,H,-,A,D,0,,Y,,,Y,,L,04,0,0,1,0,0,0,1,0,0,"- ","- ",34.030418395996094,-117.95398712158203,"LOS ANGELES","LA PUENTE",-117.95395660400391,34.030288696289062
9549371,2023,2023-03-13,1900,2023-01-26,1849,551881,1418,4,5,1,1932,0,0,0,,0,141T5,"RT 60","FULLERTON RD",18.00,E,N,A,-,Y,LA,7,60,-,-,19.521,R,4,W,N,2,0,1,2,A,-,05,21650,,N,D,G,A,A,H,-,C,D,0,,Y,,,Y,,L,04,1,0,0,0,0,0,1,0,0,WO,"- ",33.995059967041016,-117.90486907958984,"LOS ANGELES",INDUSTRY,-117.90442657470703,33.994293212890625
9549595,2023,2023-04-21,1942,2023-01-30,1205,41671,0733,1,5,7,1942,0,0,0,G,0,27TL42,"WILSHIRE BL","HAUSER BL",140.00,W,N,B,-,N,,,,,,,,,,N,3,0,1,2,A,-,00,21760,A,N,H,G,A,A,H,-,A,D,0,,Y,,,Y,,D,22,0,1,0,0,0,0,1,0,0,"- ","- ",,,"LOS ANGELES","LOS ANGELES",-118.35189819335938,34.062381744384766
9550213,2023,2023-03-10,1910,2023-02-18,1329,03494,,6,5,4,1910,0,0,0,,0,006,"SANTA MONICA BL","FOOTHILL RD",0.00,,Y,B,-,N,,,,,,,,,,N,4,0,1,2,A,-,08,22100,A,N,D,C,A,A,H,-,A,D,0,,Y,,,Y,,A,01,0,0,1,0,0,0,1,0,0,"- ","- ",,,"LOS ANGELES","BEVERLY HILLS",-118.39859771728516,34.075141906738281
9550735,2023,2023-04-06,1976,2023-02-01,1634,554,1976,3,5,3,1964,0,0,0,,0,001,"ALBURTIS AV","PIONEER BL",0.00,,Y,A,-,N,,,,,,,,,,N,3,0,1,2,A,-,09,21802,A,N,H,G,A,A,H,-,A,D,0,,Y,,,Y,,A,01,0,1,0,0,0,0,1,0,0,"- ","- ",,,"LOS ANGELES","SANTA FE SPRINGS",-118.08210754394531,33.950321197509766
9550913,2023,2023-06-02,1900,2023-02-22,1840,615106,2619,3,5,6,1950,0,0,0,,0,262T1,"LOWES DR","TRADE CENTER DR",0.00,,Y,A,-,N,,,,,,,,,,N,4,0,1,2,A,-,05,21650,1,N,D,G,A,A,H,-,C,A,0,,Y,,,Y,,L,04,0,0,1,0,0,0,1,0,0,"- ","- ",34.601051330566406,-118.14434051513672,"LOS ANGELES",PALMDALE,-118.1444091796875,34.600948333740234
9551165,2023,2023-03-01,1976,2023-01-17,0808,575,,2,5,5,1976,0,0,0,,0,002,"PENN ST","WHITTIER BL",0.00,,Y,A,-,Y,LA,7,72,-,-,4.856,I,5,N,N,3,0,1,2,A,-,09,21801,A,N,H,G,A,A,H,-,A,D,0,,Y,,,Y,,A,01,0,1,0,0,0,0,1,0,0,"- ","- ",,,"LOS ANGELES",WHITTIER,-118.04682922363281,33.975448608398438
9551542,2023,2023-03-06,1900,2023-02-15,1018,602403,2228,3,5,3,1994,0,0,0,,0,222T1,"THOUSAND OAKS BL","KANAN RD",0.00,,Y,A,-,N,,,,,,,,,,N,3,0,1,2,A,-,08,22100,A,N,B,G,A,A,H,-,A,A,0,,Y,,,Y,,A,01,0,1,0,0,0,0,1,0,0,"- ","- ",34.153709411621094,-118.75691986083984,"LOS ANGELES","AGOURA HILLS",-118.75717926025391,34.153957366943359
9551806,2023,2023-03-03,1944,2023-01-23,1537,316,SOUTH,1,5,4,1944,0,0,0,,0,004,"MARINE AV","CEDAR AV",0.00,,Y,A,-,N,,,,,,,,,,,3,0,1,2,A,-,11,21456,B,N,D,G,A,A,H,-,A,A,0,,Y,,,Y,,L,04,0,1,0,0,0,0,1,0,0,"- ","- ",33.894641876220703,-118.39478302001953,"LOS ANGELES","MANHATTAN BEACH",-118.39485168457031,33.894550323486328
9552627,2023,2023-03-01,1926,2023-01-24,1640,0177,,2,5,5,1926,0,0,0,,0,003,"E SIERRA MADRE AV","N LORRAINE AV",0.00,,Y,A,-,N,,,,,,,,,,N,3,0,1,2,A,-,12,22450,A,N,G,G,A,A,H,-,A,D,0,,Y,,,Y,,A,01,0,1,0,0,0,0,1,0,0,"- ","- ",34.146701812744141,-117.84600067138672,"LOS ANGELES",GLENDORA,-117.84622955322266,34.146980285644531
9552715,2023,2023-04-13,1900,2023-02-08,1200,434609,0817,3,5,4,1960,0,0,0,,0,81T1,"PUENTE ST","VIA VERDE",0.00,,Y,A,-,N,,,,,,,,,,N,3,0,1,2,A,-,08,22107,,N,-,G,A,A,H,-,A,A,0,,Y,,,Y,,L,04,0,1,0,0,0,0,1,0,0,"- ","- ",34.074249267578125,-117.82853698730469,"LOS ANGELES","SAN DIMAS",-117.82865142822266,34.074413299560547
9553024,2023,2023-04-04,1972,2023-02-15,0811,21737,,3,5,6,1972,0,0,0,,0,,"EMERALD ST","AMIE AV",0.00,,Y,A,-,N,,,,,,,,,,N,3,0,1,2,A,-,09,21804,A,N,H,G,A,A,H,-,A,A,0,,Y,,,Y,,L,,0,1,0,0,0,0,1,0,0,"- ","- ",,,"LOS ANGELES",TORRANCE,-118.34934997558594,33.84136962890625
9553686,2023,2023-03-15,1942,2023-01-01,1700,38306,1268,7,5,7,1942,0,0,0,L,0,25MX13,"MAIN ST","E 83RD ST",0.00,,Y,A,-,N,,,,,,,,,,N,3,0,1,2,A,-,09,21804,,F,D,G,A,A,H,-,C,A,0,,Y,,,Y,,L,04,0,1,0,0,0,0,1,0,0,"- ","- ",,,"LOS ANGELES","LOS ANGELES",-118.27389526367188,33.963748931884766
9554043,2023,2023-03-21,1942,2023-01-11,1720,41075,0881,3,5,7,1942,0,0,0,H,0,8X75,"BUNDY DR","EXPOSITION BL",6.00,N,N,A,-,N,,,,,,,,,,N,4,0,1,2,A,-,08,22107,,F,D,G,A,A,H,-,A,A,0,,Y,,,Y,,-,99,0,0,1,0,0,0,1,0,0,"- ","- ",,,"LOS ANGELES","LOS ANGELES",-118.45266723632812,34.031509399414062
9555723,2023,2023-04-08,1942,2023-02-01,1615,34458,1313,3,5,7,1942,0,0,0,M,0,24TK54,"WALL ST","PICO BL",5.00,N,N,A,-,N,,,,,,,,,,N,3,0,1,2,A,-,08,22107,,F,D,G,A,A,H,-,A,D,0,,Y,,,Y,,-,99,0,1,0,0,0,0,1,0,0,"- ","- ",,,"LOS ANGELES","LOS ANGELES",-118.25649261474609,34.034149169921875
9556236,2023,2023-04-06,1972,2023-02-21,0928,18263,,2,5,6,1972,0,0,0,,0,,MAPLE,SEPULVEDA,120.00,S,N,A,-,N,,,,,,,,,,N,4,0,1,2,A,-,09,21804,B,N,D,C,A,A,H,-,A,A,0,,Y,,,Y,,L,,0,0,1,0,0,0,1,0,0,"- ","- ",,,"LOS ANGELES",TORRANCE,-118.33994293212891,33.823860168457031
9556564,2023,2023-03-30,1900,2023-02-16,0855,654280,0333,4,5,4,1939,0,0,0,,0,35T1,"MAHATTAN BEACH BL","HAWTHORNE BL",0.00,,Y,A,-,N,,,,,,,,,,N,2,0,1,2,A,-,09,21800,A,N,H,G,A,A,H,-,A,A,0,,Y,,,Y,,A,01,1,0,0,0,0,0,1,0,0,"- ","- ",33.887290954589844,-118.35289001464844,"LOS ANGELES",LAWNDALE,-118.35272979736328,33.8873291015625
9556596,2023,2023-03-30,1931,2023-02-24,0755,5349,1931,5,5,5,1931,0,0,0,,0,003,"PACIFIC BL","FLORENCE AV",0.00,,Y,C,-,N,,,,,,,,,,N,3,0,1,2,A,-,10,21950,A,F,D,G,A,B,H,-,A,-,0,,Y,,,Y,,A,01,0,1,0,0,0,0,1,0,0,"- ","- ",,,"LOS ANGELES","HUNTINGTON PARK",-118.22522735595703,33.974216461181641
9556972,2023,2023-04-14,1909,2023-03-31,0821,622,1909,5,5,4,1909,0,0,0,,0,SOUTH,"EASTERN AV","GOTHAM ST",0.00,,Y,A,-,N,,,,,,,,,,N,3,0,1,2,A,-,05,21650,1,N,D,G,A,A,H,-,A,D,0,,Y,,,Y,,L,04,0,1,0,0,0,0,1,0,0,"- ","- ",33.961181640625,-118.16567230224609,"LOS ANGELES","BELL GARDENS",-118.16572570800781,33.961166381835938
9558125,2023,2023-03-10,1942,2023-02-08,1400,38729,1259,3,5,7,1942,0,0,0,L,0,25MQ55,"FLORENCE AV","WADSWORTH AV",0.00,,Y,A,-,N,,,,,,,,,,N,3,0,1,2,D,-,00,,,F,D,G,A,A,H,-,A,D,0,,Y,,,Y,,-,"- ",0,1,0,0,0,0,1,0,0,"- ","- ",,,"LOS ANGELES","LOS ANGELES",-118.2586669921875,33.974739074707031
9558137,2023,2023-03-10,1942,2023-02-15,1005,32973,0119,3,5,7,1942,0,0,0,A,0,24T21,"ALAMEDA ST","CESAR E CHAVEZ AV",0.00,,Y,A,-,N,,,,,,,,,,N,4,0,1,2,A,-,08,22107,,N,D,G,A,A,H,-,A,D,0,,Y,,,Y,,A,01,0,0,1,0,0,0,1,0,0,"- ","- ",,,"LOS ANGELES","LOS ANGELES",-118.23709106445312,34.058086395263672
9558152,2023,2023-03-09,1942,2023-01-04,1640,40275,0185,3,5,7,1942,0,0,0,A,0,24TL55,"MAIN ST","OLYMPIC  BL",5.00,N,N,B,C,N,,,,,,,,,,N,4,0,1,2,A,-,09,21804,A,F,D,G,A,A,H,-,A,D,0,,Y,,,Y,,L,04,0,0,1,0,0,0,1,0,0,"- ","- ",,,"LOS ANGELES","LOS ANGELES",-118.25669860839844,34.040458679199219
9558154,2023,2023-03-09,1942,2023-01-12,1920,41068,0185,4,5,7,1942,0,0,0,A,0,24T31,BROADWAY,"OLYMPIC BL",0.00,,Y,A,-,N,,,,,,,,,,N,4,0,1,2,A,-,05,21650,1,F,A,G,A,A,H,-,C,A,0,,Y,,,Y,,L,04,0,0,1,0,0,0,1,0,0,"- ","- ",,,"LOS ANGELES","LOS ANGELES",-118.25740051269531,34.040935516357422
9558538,2023,2023-03-17,1942,2023-01-17,0826,42664,0719,2,5,7,1942,0,0,0,G,0,27TL25,"WILCOX AV","MELROSE AV",227.00,S,N,A,-,N,,,,,,,,,,N,3,0,1,2,A,-,00,21760,B,F,H,G,A,A,H,-,A,D,0,,Y,,,Y,,-,99,0,1,0,0,0,0,1,0,0,"- ","- ",,,"LOS ANGELES","LOS ANGELES",-118.33121490478516,34.082889556884766
9559450,2023,2023-03-29,1956,2023-02-10,1704,1361,69,5,5,5,1956,0,0,0,,0,00P,"HARBOR DR","YACHT CLUB WY",15.00,N,N,A,-,N,,,,,,,,,,N,3,0,1,2,A,-,05,21651,B,N,B,G,A,A,H,-,A,-,0,,Y,,,Y,,L,04,0,1,0,0,0,0,1,0,0,"- ","- ",33.85198974609375,-118.39713287353516,"LOS ANGELES","REDONDO BEACH",-118.39713287353516,33.852016448974609
9559453,2023,2023-04-06,1956,2023-02-26,1436,1377,40,7,5,5,1956,0,0,0,,0,003,"BELMONT LN","FLAGLER LN",42.00,W,N,A,-,N,,,,,,,,,,N,3,0,1,2,C,-,18,,,N,E,J,A,A,C,-,A,D,0,,Y,,,Y,,-,"- ",0,1,0,0,0,0,1,0,0,"- ","- ",33.863368988037109,-118.37906646728516,"LOS ANGELES","REDONDO BEACH",-118.37916564941406,33.863349914550781
9559858,2023,2023-05-10,1946,2023-01-07,1200,CS02,1946,6,5,4,1946,0,0,0,,0,003,"EL NORTE ST",MYRTLE,0.00,,Y,A,-,N,,,,,,,,,,N,4,0,1,2,A,-,05,21650,1,M,D,G,A,A,H,-,A,D,0,,Y,,,Y,,L,04,0,0,1,0,0,0,1,0,0,"- ","- ",,,"LOS ANGELES",MONROVIA,-118.00148773193359,34.129997253417969
9560031,2023,2023-04-03,1942,2023-02-19,1855,42901,1445,7,5,7,1942,0,0,0,N,0,27T31W,"VENICE BL","MOORE ST",105.00,W,N,A,-,N,,,,,,,,,,N,3,0,1,3,A,-,17,21209,A,F,H,G,A,A,H,-,C,A,0,,Y,,,Y,,-,99,0,1,0,0,0,0,1,0,0,"- ","- ",,,"LOS ANGELES","LOS ANGELES",-118.44078826904297,34.000137329101562
9560314,2023,2023-03-22,1942,2023-02-05,1025,42664,0825,7,5,7,1942,0,0,0,H,0,27TL25,"SAN VICENTE BL","BURLINGAME AV",44.00,W,N,A,-,N,,,,,,,,,,N,4,0,1,2,A,-,08,22107,,N,D,G,A,A,H,-,A,D,0,,Y,,,Y,,L,04,0,0,1,0,0,0,1,0,0,"- ","- ",,,"LOS ANGELES","LOS ANGELES",-118.48756408691406,34.049343109130859
9560315,2023,2023-03-23,1942,2023-02-19,1350,40157,0806,7,5,7,1942,0,0,0,H,0,27TL23,"STRADELLA RD","TIONE RD",195.00,S,N,A,-,N,,,,,,,,,,N,2,0,1,2,A,-,09,21801,A,N,D,G,A,A,H,-,A,D,0,,Y,,,Y,,A,01,1,0,0,0,0,0,1,0,0,"- ","- ",,,"LOS ANGELES","LOS ANGELES",-118.45286560058594,34.085033416748047
9560588,2023,2023-03-27,1900,2023-01-17,1821,626488,0524,2,5,4,1971,0,0,0,,0,52T1PM,"LOWER AZUSA AV","BALDWIN AV",0.00,,Y,A,-,N,,,,,,,,,,N,3,0,1,2,D,-,00,,,N,D,G,A,A,H,-,C,A,0,,Y,,,Y,,-,"- ",0,1,0,0,0,0,1,0,0,"- ","- ",34.090831756591797,-118.04885864257812,"LOS ANGELES","TEMPLE CITY",-118.04896545410156,34.090686798095703
9561190,2023,2023-03-30,1942,2023-01-31,0550,36527,0491,2,5,7,1942,0,0,0,D,0,24MQ42,"OLYMPIC BL","SOTO ST",0.00,,Y,A,-,N,,,,,,,,,,Y,2,0,1,2,A,-,08,22107,,F,D,G,A,A,H,-,C,A,0,,Y,,,Y,,A,01,1,0,0,0,0,0,1,0,0,"- ","- ",,,"LOS ANGELES","LOS ANGELES",-118.2198486328125,34.024265289306641
9562103,2023,2023-04-18,1900,2023-03-07,1800,624453,0534,2,5,5,1959,0,0,0,,0,53T1P,"RAMONA BL","WALNUT GROVE AV",9.00,E,N,A,-,N,,,,,,,,,,N,2,0,1,2,A,-,05,21202,A,N,B,G,A,A,H,-,C,A,0,,Y,,,Y,,L,04,1,0,0,0,0,0,1,0,0,"- ","- ",34.069900512695312,-118.08190155029297,"LOS ANGELES",ROSEMEAD,-118.08161926269531,34.071109771728516
9562117,2023,2023-04-19,1942,2023-03-01,1800,38090,2027,3,5,7,1942,0,0,0,,0,27T31,"GRAMERCY PL","4TH ST",0.00,,Y,B,-,N,,,,,,,,,,N,2,0,1,2,A,-,00,20015,A,F,H,G,A,B,H,-,A,A,0,,Y,,,Y,,-,"- ",1,0,0,0,0,0,1,0,0,"- ","- ",,,"LOS ANGELES","LOS ANGELES",-118.31285095214844,34.067142486572266
9562118,2023,2023-04-19,1942,2023-03-13,0430,44299,2011,1,5,7,1942,0,0,0,,0,27TL35,"3RD ST","WESTERN AV",0.00,,Y,B,-,N,,,,,,,,,,Y,2,0,1,2,A,-,03,22350,,N,D,G,A,A,H,-,C,A,0,,Y,,,Y,,L,04,1,0,0,0,0,0,1,0,0,"- ","- ",,,"LOS ANGELES","LOS ANGELES",-118.30912017822266,34.0689697265625
9563416,2023,2023-04-29,1920,2023-03-30,1633,14072,1920,4,5,6,1920,0,0,0,,0,002,"PARAMOUNT BL","STEWART AND GRAY RD",203.00,N,N,B,-,N,,,,,,,,,,N,3,0,1,2,A,-,17,22517,,N,H,G,A,B,H,-,A,A,0,,Y,,,Y,,A,01,0,1,0,0,0,0,1,0,0,"- ","- ",,,"LOS ANGELES",DOWNEY,-118.14342498779297,33.935272216796875
9563719,2023,2023-04-17,1900,2023-03-07,1212,617242,1137,2,5,6,1992,0,0,0,,0,112T21,"7TH STREET EAST","AVENUE K",2.00,S,N,A,-,N,,,,,,,,,,N,3,0,1,2,A,-,09,21802,B,N,H,G,A,A,H,-,A,A,0,,Y,,,Y,,L,04,0,1,0,0,0,0,1,0,0,"- ","- ",,,"LOS ANGELES",LANCASTER,-118.11791229248047,34.674995422363281
9563957,2023,2023-04-12,1900,2023-01-23,1812,629508,1135,1,5,6,1992,0,0,0,,0,112T1,"15TH ST EAST","AV J",0.00,,Y,A,-,N,,,,,,,,,,Y,3,0,1,2,A,-,05,21650,1,N,D,G,A,A,H,-,C,A,0,,Y,,,Y,,L,04,0,1,0,0,0,0,1,0,0,"- ","- ",,,"LOS ANGELES",LANCASTER,-118.10369110107422,34.689563751220703