CASE_ID,ACCIDENT_YEAR,PROC_DATE,JURIS,COLLISION_DATE,COLLISION_TIME,OFFICER_ID,REPORTING_DISTRICT,DAY_OF_WEEK,CHP_SHIFT,POPULATION,CNTY_CITY_LOC,SPECIAL_COND,BEAT_TYPE,CHP_BEAT_TYPE,CITY_DIVISION_LAPD,CHP_BEAT_CLASS,BEAT_NUMBER,PRIMARY_RD,SECONDARY_RD,DISTANCE,DIRECTION,INTERSECTION,WEATHER_1,WEATHER_2,STATE_HWY_IND,CALTRANS_COUNTY,CALTRANS_DISTRICT,STATE_ROUTE,ROUTE_SUFFIX,POSTMILE_PREFIX,POSTMILE,LOCATION_TYPE,RAMP_INTERSECTION,SIDE_OF_HWY,TOW_AWAY,COLLISION_SEVERITY,NUMBER_KILLED,NUMBER_INJURED,PARTY_COUNT,PRIMARY_COLL_FACTOR,PCF_CODE_OF_VIOL,PCF_VIOL_CATEGORY,PCF_VIOLATION,PCF_VIOL_SUBSECTION,HIT_AND_RUN,TYPE_OF_COLLISION,MVIW,PED_ACTION,ROAD_SURFACE,ROAD_COND_1,ROAD_COND_2,LIGHTING,CONTROL_DEVICE,CHP_ROAD_TYPE,PEDESTRIAN_ACCIDENT,BICYCLE_ACCIDENT,MOTORCYCLE_ACCIDENT,TRUCK_ACCIDENT,NOT_PRIVATE_PROPERTY,ALCOHOL_INVOLVED,STWD_VEHTYPE_AT_FAULT,CHP_VEHTYPE_AT_FAULT,COUNT_SEVERE_INJ,COUNT_VISIBLE_INJ,COUNT_COMPLAINT_PAIN,COUNT_PED_KILLED,COUNT_PED_INJURED,COUNT_BICYCLIST_KILLED,COUNT_BICYCLIST_INJURED,COUNT_MC_KILLED,COUNT_MC_INJURED,PRIMARY_RAMP,SECONDARY_RAMP,LATITUDE,LONGITUDE,COUNTY,CITY,POINT_X,POINT_Y
9564586,2023,2023-04-27,1900,2023-03-22,2009,640990,0251,3,5,4,1945,0,0,0,,0,28T,"SLAUSON AV","MAYFLOWER AV",0.00,,Y,B,-,N,,,,,,,,,,N,4,0,1,2,A,-,11,21456,B,N,D,G,A,B,H,-,C,A,0,,Y,,,Y,,L,04,0,0,1,0,0,0,1,0,0,"- ","- ",,,"LOS ANGELES",MAYWOOD,-118.18114471435547,33.986663818359375
9564590,2023,2023-04-27,1900,2023-03-30,1640,615107,0250,4,5,4,1945,0,0,0,,0,28TP,"55TH ST","PINE AV",0.00,,Y,C,-,N,,,,,,,,,,N,3,0,1,2,A,-,12,22450,,N,A,G,A,B,H,-,A,D,0,,Y,,,Y,,L,04,0,1,0,0,0,0,1,0,0,"- ","- ",,,"LOS ANGELES",MAYWOOD,-118.18723297119141,33.991237640380859
9564635,2023,2023-04-26,1900,2023-02-10,1900,656146,0250,5,5,4,1945,0,0,0,,0,26T,"E SLAUSON AV","E SLAUSON AV 3427",0.00,,Y,A,-,N,,,,,,,,,,N,4,0,1,2,A,-,21,22106,,M,G,G,A,A,H,-,B,D,0,,Y,,,Y,,A,01,0,0,1,0,0,0,1,0,0,"- ","- ",,,"LOS ANGELES",MAYWOOD,-118.19876098632812,33.988483428955078
9565467,2023,2023-06-05,1942,2023-04-09,1230,40024,0132,7,5,7,1942,0,0,0,A,0,24MQ53,"HILL ST","3RD ST",0.00,,Y,A,-,N,,,,,,,,,,N,4,0,1,2,A,-,12,21453,A,F,D,G,A,A,H,-,B,D,0,,Y,,,Y,,-,"- ",0,0,1,0,0,0,1,0,0,"- ","- ",,,"LOS ANGELES","LOS ANGELES",-118.24913024902344,34.051643371582031
9565537,2023,2023-05-05,1900,2023-03-08,1650,658900,2112,3,5,5,1943,0,0,0,,0,212K,"NORTON AV","MARTIN LUTHER KING JR",11.00,W,N,A,-,N,,,,,,,,,,N,3,0,1,2,A,-,12,21453,A,F,D,G,A,A,H,-,A,A,0,,Y,,,Y,,A,01,0,1,0,0,0,0,1,0,0,"- ","- ",33.932529449462891,-118.20414733886719,"LOS ANGELES",LYNWOOD,-118.20394897460938,33.932491302490234
9566687,2023,2023-05-15,1942,2023-04-19,0817,32973,0156,3,5,7,1942,0,0,0,A,0,24TL21,"5TH ST","SAN JULIAN ST",110.00,W,N,A,-,N,,,,,,,,,,N,4,0,1,2,A,-,08,22107,,N,B,G,A,A,H,-,A,A,0,,Y,,,Y,,L,04,0,0,1,0,0,0,1,0,0,"- ","- ",,,"LOS ANGELES","LOS ANGELES",-118.24530029296875,34.044708251953125
9566893,2023,2023-05-12,1900,2023-04-14,1510,652772,0616,5,5,6,1985,0,0,0,,0,61T1,"CENTRE POINTE PKWY","GOLDEN TRIANGLE RD",52.00,S,N,A,-,N,,,,,,,,,,N,3,0,1,2,A,-,05,21650,,N,D,G,A,A,H,-,A,D,0,,Y,,,Y,,L,04,0,1,0,0,0,0,1,0,0,"- ","- ",34.413028717041016,-118.51441192626953,"LOS ANGELES","SANTA CLARITA",-118.51483917236328,34.414764404296875
9567062,2023,2023-04-24,1913,2023-02-07,2014,4084,31,2,5,4,1913,0,0,0,,0,002,"CLAREMONT BL","6TH ST",0.00,,Y,A,-,N,,,,,,,,,,N,3,0,1,2,A,-,09,21453,C,N,-,G,A,A,H,-,C,A,0,,Y,,,Y,,L,04,0,1,0,0,0,0,1,0,0,"- ","- ",,,"LOS ANGELES",CLAREMONT,-117.70301055908203,34.099540710449219
9567063,2023,2023-04-24,1913,2023-02-15,1936,4085,11,3,5,4,1913,0,0,0,,0,001,"BONITA AV","CAMBRIDGE AV",0.00,,Y,A,-,N,,,,,,,,,,N,4,0,1,2,-,-,"- ",,,N,D,G,A,A,H,-,C,A,0,,Y,,,Y,,-,"- ",0,0,1,0,0,0,1,0,0,"- ","- ",,,"LOS ANGELES",CLAREMONT,-117.72738647460938,34.096382141113281
9567347,2023,2023-05-23,1942,2023-04-05,1115,32973,0154,3,5,7,1942,0,0,0,A,0,24TL21,"MAIN ST","6TH ST",0.00,,Y,B,-,N,,,,,,,,,,N,4,0,1,2,A,-,09,21453,B,N,B,G,A,A,H,-,A,A,0,,Y,,,Y,,L,04,0,0,1,0,0,0,1,0,0,"- ","- ",,,"LOS ANGELES","LOS ANGELES",-118.24992370605469,34.045253753662109
9567452,2023,2023-05-20,1902,2023-05-07,1520,789,13,7,5,5,1902,0,0,0,,0,003,"COLORADO ST","VAQUERO RD",0.00,,Y,A,-,N,,,,,,,,,,N,3,0,1,2,A,-,00,21760,B,F,B,G,A,A,H,-,A,D,0,,Y,,,Y,,A,01,0,1,0,0,0,0,1,0,0,"- ","- ",,,"LOS ANGELES",ARCADIA,-118.05898284912109,34.148269653320312
9568679,2023,2023-06-01,1900,2023-05-06,1415,650290,1017,6,5,3,1995,0,0,0,,0,101K,"RT 1","BIG ROCK DR",2000.00,E,N,A,-,Y,LA,7,1,-,-,42.110,H,-,S,N,3,0,1,2,A,-,08,22107,,N,C,G,A,A,H,-,A,D,0,,Y,,,Y,,A,01,0,1,0,0,0,0,1,0,0,"- ","- ",34.039310455322266,-118.60196685791016,"LOS ANGELES",MALIBU,-118.60194396972656,34.039340972900391
9568717,2023,2023-05-22,1972,2023-04-30,1503,21879,,7,5,6,1972,0,0,0,,0,,"HAWTHORNE BL","LOMITA BL",300.00,N,N,B,-,Y,LA,7,107,-,-,0.810,H,-,S,N,3,0,1,2,A,-,00,21760,A,N,B,G,A,A,H,-,A,D,0,,Y,,,Y,,A,,0,1,0,0,0,0,1,0,0,"- ","- ",,,"LOS ANGELES",TORRANCE,-118.3511962890625,33.816871643066406
9568758,2023,2023-05-24,1900,2023-04-15,0730,600059,1417,6,5,1,1932,0,0,0,,0,142A3,"AZUSA AV","TADMORE ST",30.00,N,N,A,-,N,,,,,,,,,,N,3,0,1,2,A,-,08,22107,,N,D,G,A,A,H,-,A,D,0,,Y,,,Y,,L,04,0,1,0,0,0,0,1,0,0,"- ","- ",34.014949798583984,-117.92182159423828,"LOS ANGELES",INDUSTRY,-117.92184448242188,34.014873504638672
9568832,2023,2023-05-25,1942,2023-05-03,1020,45293,0162,3,5,7,1942,0,0,0,A,0,1A84,"HOPE ST","9TH ST",4.00,N,N,A,-,N,,,,,,,,,,N,3,0,1,2,A,-,09,21801,A,N,G,G,A,A,H,-,A,A,0,,Y,,,Y,,A,01,0,1,0,0,0,0,1,0,0,"- ","- ",,,"LOS ANGELES","LOS ANGELES",-118.26035308837891,34.045120239257812
9569167,2023,2023-07-17,1942,2023-05-04,2315,42720,1846,4,5,7,1942,0,0,0,R,0,25T31-,"IMPERIAL HWY","SUCCESS AV",90.00,W,N,A,-,N,,,,,,,,,,N,2,0,1,2,A,-,09,21804,A,F,D,G,A,A,H,-,C,D,0,,Y,,,Y,,-,99,1,0,0,0,0,0,1,0,0,"- ","- ",,,"LOS ANGELES","LOS ANGELES",-118.24961853027344,33.929470062255859
9569493,2023,2023-07-13,1942,2023-06-01,0250,39397,0503,4,5,7,1942,0,0,0,E,0,25T37,"PACIFIC COAST HWY","PINE CREEK TER",5.00,E,N,A,-,Y,LA,7,1,-,-,11.750,H,-,N,N,2,0,1,2,A,-,05,21202,A,N,C,G,A,A,H,-,D,A,0,,Y,,,Y,,L,04,1,0,0,0,0,0,1,0,0,"- ","- ",,,"LOS ANGELES","LOS ANGELES",-118.28443145751953,33.790920257568359
9569998,2023,2023-04-26,1942,2023-02-06,1910,43822,1535,1,5,7,1942,0,0,0,O,0,26T56,"LANKERSHIM BL","TIARA ST",70.00,S,N,A,-,N,,,,,,,,,,N,2,0,1,2,A,-,05,21650,1,N,D,G,A,A,H,-,C,D,0,,Y,,,Y,,L,04,1,0,0,0,0,0,1,0,0,"- ","- ",,,"LOS ANGELES","LOS ANGELES",-118.38267517089844,34.178226470947266
9570221,2023,2023-04-13,1942,2023-02-16,0805,33998,0648,4,5,7,1942,0,0,0,F,0,27M24,"HOLLYWOOD BL","WESTERN AV",50.00,E,N,A,-,N,,,,,,,,,,N,2,0,1,2,A,-,05,21202,A,F,D,G,A,A,H,-,A,D,0,,Y,,,Y,,L,04,1,0,0,0,0,0,1,0,0,"- ","- ",,,"LOS ANGELES","LOS ANGELES",-118.30910491943359,34.101749420166016
9570317,2023,2023-04-11,1942,2023-01-15,1700,38942,0171,7,5,7,1942,0,0,0,A,0,24MQ37,OLYMPIC,FIGUEROA,0.00,,Y,C,-,N,,,,,,,,,,N,3,0,1,2,A,-,09,21801,A,F,D,G,A,B,H,-,A,D,0,,Y,,,Y,,-,99,0,1,0,0,0,0,1,0,0,"- ","- ",,,"LOS ANGELES","LOS ANGELES",-118.26397705078125,34.044967651367188
9570648,2023,2023-04-29,1976,2023-03-08,1058,595,,3,5,3,1964,0,0,0,,0,003,"ROSECRANS AV","MARYTON AV",0.00,,Y,A,-,N,,,,,,,,,,Y,3,0,1,2,A,-,09,21804,A,N,H,G,A,A,H,-,A,A,0,,Y,,,Y,,L,04,0,1,0,0,0,0,1,0,0,"- ","- ",,,"LOS ANGELES","SANTA FE SPRINGS",-118.05159759521484,33.902450561523438
9570712,2023,2023-04-12,1942,2023-02-26,2135,44881,0471,7,5,7,1942,0,0,0,D,0,4A71,"WHITTIER BL","BOYLE AV",1020.00,W,N,A,-,N,,,,,,,,,,N,2,0,1,2,A,-,03,22350,,F,B,G,A,A,H,-,C,A,0,,Y,,,Y,Y,-,99,1,0,0,0,0,0,1,0,0,"- ","- ",,,"LOS ANGELES","LOS ANGELES",-118.22196960449219,34.036983489990234
9571022,2023,2023-04-26,1942,2023-03-27,1550,35298,0182,1,5,7,1942,0,0,0,A,0,24T58,"GRAND AV","11TH ST",18.00,S,N,A,-,N,,,,,,,,,,N,3,0,1,2,A,-,00,21760,B,N,B,G,A,A,H,-,A,A,0,,Y,,,Y,,I,20,0,1,0,0,0,0,1,0,0,"- ","- ",,,"LOS ANGELES","LOS ANGELES",-118.29019165039062,33.734199523925781
9571267,2023,2023-04-29,1942,2023-03-31,1755,44265,1753,5,5,7,1942,0,0,0,Q,0,17A99,"LASSEN ST","MASON AV",0.00,,Y,A,-,N,,,,,,,,,,N,2,0,1,2,A,-,12,22450,,F,B,G,A,A,H,-,B,A,0,,Y,,,Y,,A,01,1,0,0,0,0,0,1,0,0,"- ","- ",,,"LOS ANGELES","LOS ANGELES",-118.57980346679688,34.249977111816406
9572543,2023,2023-06-09,1900,2023-05-29,1645,630211,0453,1,5,6,1949,0,0,0,,0,43T1/P,"FIRESTONE BL","PIONEER BL",0.00,,Y,A,-,N,,,,,,,,,,Y,2,0,1,2,A,-,12,21453,A,N,D,G,A,A,H,-,A,A,0,,Y,,,Y,,L,04,1,0,0,0,0,0,1,0,0,"- ","- ",,,"LOS ANGELES",NORWALK,-118.08187103271484,33.912693023681641
9572919,2023,2023-06-12,1900,2023-04-01,1014,644628,0463,6,5,4,1936,0,0,0,,0,46T1,"SANTA GERTRUDES AV","IMPERIAL HWY",696.00,S,N,A,-,N,,,,,,,,,,N,3,0,1,2,A,-,05,21650,1,N,H,G,A,A,H,-,A,D,0,,Y,,,Y,,L,04,0,1,0,0,0,0,1,0,0,"- ","- ",,,"LOS ANGELES","LA MIRADA",-117.99434661865234,33.915370941162109
9573774,2023,2023-04-20,1941,2023-03-16,1838,11521,SOUTH,4,5,7,1941,0,0,0,,0,008,"E BROADWAY","BONITO AV",96.00,E,N,A,-,N,,,,,,,,,,N,3,0,1,2,D,-,00,,,N,D,G,A,A,H,-,A,D,0,,Y,,,Y,,-,"- ",0,1,0,0,0,0,1,0,0,"- ","- ",33.769111633300781,-118.18016815185547,"LOS ANGELES","LONG BEACH",-118.18010711669922,33.768890380859375
9573866,2023,2023-05-01,1973,2023-01-11,0600,555,1973,3,5,1,1973,0,0,0,,0,001,"E VERNON AV","HAWTHORNE AV",155.00,W,N,A,-,N,,,,,,,,,,N,4,0,1,2,A,-,05,21650,1,N,D,G,A,A,H,-,C,D,0,,Y,,,Y,,L,04,0,0,1,0,0,0,1,0,0,"- ","- ",,,"LOS ANGELES",VERNON,-118.23712158203125,34.003929138183594
9574106,2023,2023-04-17,1941,2023-01-23,0853,11093,NORTH,1,5,7,1941,0,0,0,,0,020,"ORANGE AV","E DEL AMO BL",0.00,,Y,A,-,N,,,,,,,,,,N,3,0,1,2,A,-,05,21650,1,N,G,G,A,A,H,-,A,A,0,,Y,,,Y,,L,04,0,1,0,0,0,0,1,0,0,"- ","- ",33.846969604492188,-118.17684936523438,"LOS ANGELES","LONG BEACH",-118.17685699462891,33.847038269042969
9574141,2023,2023-04-26,1942,2023-03-11,0635,43913,0334,6,5,7,1942,0,0,0,C,0,25T21,"JEFFERSON BL","CRENSHAW BL",7.00,W,N,B,C,N,,,,,,,,,,N,3,0,1,2,A,-,12,21453,A,F,D,G,A,B,H,-,A,A,0,,Y,,,Y,,L,04,0,1,0,0,0,0,1,0,0,"- ","- ",,,"LOS ANGELES","LOS ANGELES",-118.33513641357422,34.025581359863281
9574148,2023,2023-04-26,1900,2023-03-28,1650,608904,0463,2,5,4,1936,0,0,0,,0,46T1PM,"SANTA GERTRUDES AV","OLIVE BRANCH DR",0.00,,Y,A,-,N,,,,,,,,,,N,4,0,1,2,A,-,08,22107,,N,H,G,A,A,H,-,A,A,0,,Y,,,Y,,A,01,0,0,1,0,0,0,1,0,0,"- ","- ",,,"LOS ANGELES","LA MIRADA",-117.99430847167969,33.913043975830078
9575177,2023,2023-04-18,1942,2023-02-26,2207,39151,0328,7,5,7,1942,0,0,0,C,0,25T31,"JEFFERSON BL","FIGUEROA ST",10.00,W,N,A,-,N,,,,,,,,,,N,3,0,1,2,A,-,09,21453,B,F,D,G,A,B,H,-,C,A,0,,Y,,,Y,,-,99,0,1,0,0,0,0,1,0,0,"- ","- ",,,"LOS ANGELES","LOS ANGELES",-118.280029296875,34.021953582763672
9575238,2023,2023-04-17,1900,2023-03-28,1911,627961,0649,2,5,6,1985,0,0,0,,0,64T1/P,"SHADOW VALLEY LN","STARWOOD WY",0.00,,Y,A,-,N,,,,,,,,,,N,3,0,1,2,A,-,09,21801,A,N,D,G,A,A,H,-,B,D,0,,Y,,,Y,,A,01,0,1,0,0,0,0,1,0,0,"- ","- ",34.462089538574219,-118.48763275146484,"LOS ANGELES","SANTA CLARITA",-118.4876708984375,34.462116241455078
9575262,2023,2023-04-26,1942,2023-03-24,1610,44869,0397,5,5,7,1942,0,0,0,C,0,3A19,"MARTIN LUTHER KING JR BL","BUDLONG AV",0.00,,Y,A,-,N,,,,,,,,,,N,3,0,1,2,A,-,08,22107,,F,B,G,A,A,H,-,A,A,0,,Y,,,Y,,-,99,0,1,0,0,0,0,1,0,0,"- ","- ",,,"LOS ANGELES","LOS ANGELES",-118.2958984375,34.010875701904297
9575279,2023,2023-05-10,1931,2023-04-02,1047,5344,,7,5,5,1931,0,0,0,,0,,"67TH ST","ALAMEDA ST",0.00,,Y,A,-,N,,,,,,,,,,N,4,0,1,2,A,-,05,21650,1,N,B,G,A,A,H,-,A,A,0,,Y,,,Y,,L,04,0,0,1,0,0,0,1,0,0,"- ","- ",,,"LOS ANGELES","HUNTINGTON PARK",-118.23562622070312,33.978923797607422
9575429,2023,2023-04-24,1942,2023-03-18,1215,42618,2055,6,5,7,1942,0,0,0,,0,27TL44,"12TH ST","NORMANDIE AV",2.00,E,N,A,-,N,,,,,,,,,,N,4,0,1,2,A,-,05,21650,1,F,D,G,A,A,H,-,A,A,0,,Y,,,Y,,L,04,0,0,1,0,0,0,1,0,0,"- ","- ",,,"LOS ANGELES","LOS ANGELES",-118.29997253417969,34.049068450927734
9575539,2023,2023-04-28,1941,2023-03-02,1150,11803,SOUTH,4,5,7,1941,0,0,0,,0,006,"EAST 6TH ST","N WAITE CT",0.00,,N,A,-,N,,,,,,,,,,N,3,0,1,2,A,-,09,21804,,F,D,G,A,A,H,-,A,D,0,,Y,,,Y,,-,99,0,1,0,0,0,0,1,0,0,"- ","- ",33.774139404296875,-118.19043731689453,"LOS ANGELES","LONG BEACH",-118.19042205810547,33.774147033691406
9576053,2023,2023-05-13,1976,2023-04-06,1746,465,,4,5,3,1964,0,0,0,,0,,"CARMENITA RD","FOSTER RD",0.00,,Y,A,-,N,,,,,,,,,,N,3,0,1,2,A,-,09,21801,A,N,H,G,A,A,H,-,A,A,0,,Y,,,Y,,A,01,0,1,0,0,0,0,1,0,0,"- ","- ",,,"LOS ANGELES","SANTA FE SPRINGS",-118.04676055908203,33.90960693359375
9576410,2023,2023-08-09,1976,2023-07-03,1329,492,,1,5,5,1976,0,0,0,,0,004,"WHITTIER BL","LA SERNA DR",276.00,E,N,A,-,Y,LA,7,72,-,-,1.560,H,-,S,N,3,0,1,2,A,-,08,22107,,N,H,G,A,A,H,-,A,D,0,,Y,,,Y,,A,07,0,1,0,0,0,0,1,0,0,"- ","- ",,,"LOS ANGELES",WHITTIER,-118.00180053710938,33.947280883789062
9576419,2023,2023-08-08,1900,2023-03-29,1251,655591,1321,3,5,5,1935,0,0,0,,0,132T2,"DEL AMO BL","LAKEWOOD BL",0.00,,Y,A,-,N,,,,,,,,,,N,4,0,1,2,A,-,08,22107,,N,D,G,A,A,H,-,A,A,0,,Y,,,Y,,A,01,0,0,1,0,0,0,1,0,0,"- ","- ",,,"LOS ANGELES",LAKEWOOD,-118.14241790771484,33.847183227539062
9576767,2023,2023-06-07,1942,2023-05-02,0930,35393,0529,2,5,7,1942,0,0,0,E,0,25T21,"ANAHEIM ST","CRISTOBAL AV",3.00,W,N,A,-,N,,,,,,,,,,N,2,0,1,2,A,-,09,21802,A,N,D,G,A,A,H,-,A,A,0,,Y,,Y,Y,,F,26,1,0,0,0,0,0,1,0,0,"- ","- ",,,"LOS ANGELES","LOS ANGELES",-118.24279022216797,33.781070709228516
9577172,2023,2023-05-22,1900,2023-04-11,1715,660092,2262,2,5,2,1993,0,0,0,,0,225A,"LINDERO CYN","VIA COLINAS",95.00,N,N,A,-,N,,,,,,,,,,N,3,0,1,2,A,-,09,21804,A,N,H,G,A,A,H,-,A,D,0,,Y,,,Y,,A,01,0,1,0,0,0,0,1,0,0,"- ","- ",34.153060913085938,-118.79956817626953,"LOS ANGELES","WESTLAKE VILLAGE",-118.80125427246094,34.152687072753906
9577181,2023,2023-05-26,1956,2023-04-27,1544,1292,25,4,5,5,1956,0,0,0,,0,002,"DIAMOND ST","IRENA AVE",69.00,E,N,B,-,N,,,,,,,,,,N,3,0,1,2,A,-,00,21760,C,N,B,G,A,A,H,-,A,D,0,,Y,,,Y,,A,01,0,1,0,0,0,0,1,0,0,"- ","- ",,,"LOS ANGELES","REDONDO BEACH",-118.38319396972656,33.848178863525391
9577662,2023,2023-05-01,1942,2023-01-28,2036,41068,0138,6,5,7,1942,0,0,0,A,0,24T31,"3RD ST","WALL ST",0.00,,Y,A,-,N,,,,,,,,,,N,3,0,1,2,A,-,05,21650,,N,D,G,A,A,H,-,C,A,0,,Y,,,Y,,L,04,0,1,0,0,0,0,1,0,0,"- ","- ",,,"LOS ANGELES","LOS ANGELES",-118.24381256103516,34.0479736328125
9577667,2023,2023-05-01,1942,2023-01-19,1120,38380,1171,4,5,7,1942,0,0,0,K,0,24MQ68,"FOUNTAIN AV","MYRA AV",134.00,E,N,A,-,N,,,,,,,,,,Y,4,0,1,1,A,-,03,22350,,N,H,-,A,A,A,-,A,A,0,,Y,,,Y,,L,04,0,0,1,0,0,0,1,0,0,"- ","- ",,,"LOS ANGELES","LOS ANGELES",-118.28010559082031,34.095790863037109
9577845,2023,2023-05-11,1900,2023-04-07,1600,642100,1324,5,5,5,1935,0,0,0,,0,132T2,"DEL AMO BL","WOODRUFF AV",0.00,,Y,A,-,N,,,,,,,,,,N,3,0,1,2,A,-,12,21453,A,M,G,G,A,A,H,-,A,A,0,,Y,,,Y,,A,07,0,1,0,0,0,0,1,0,0,"- ","- ",,,"LOS ANGELES",LAKEWOOD,-118.11643981933594,33.84698486328125
9578227,2023,2023-05-08,1942,2023-01-22,1444,44709,0315,7,5,7,1942,0,0,0,C,0,3A32,"WESTERN AV","W 27TH ST",0.00,,Y,A,-,N,,,,,,,,,,N,3,0,1,2,A,-,08,22107,,F,B,G,A,A,H,-,A,A,0,,Y,,,Y,,A,01,0,1,0,0,0,0,1,0,0,"- ","- ",,,"LOS ANGELES","LOS ANGELES",-118.3089599609375,34.030864715576172
9578397,2023,2023-05-12,1942,2023-04-09,0450,42640,0657,7,5,7,1942,0,0,0,F,0,27T31W,"WESTERN AV","SANTA MONICA BL",30.00,S,N,B,-,N,,,,,,,,,,N,2,0,1,2,A,-,05,21650,,N,D,G,A,A,H,-,C,D,0,,Y,,,Y,,L,04,1,0,0,0,0,0,1,0,0,"- ","- ",,,"LOS ANGELES","LOS ANGELES",-118.30917358398438,34.090686798095703
9578540,2023,2023-05-26,1942,2023-04-23,2245,40730,1125,7,5,7,1942,0,0,0,K,0,24T32,"YORK BL","TONAWANDA AV",0.00,,Y,A,-,N,,,,,,,,,,N,3,0,1,2,A,-,08,22107,,F,C,G,A,A,H,-,C,A,0,,Y,,,Y,,-,"- ",0,1,0,0,0,0,1,0,0,"- ","- ",,,"LOS ANGELES","LOS ANGELES",-118.21717834472656,34.123447418212891
9579184,2023,2023-05-25,1902,2023-05-02,0825,640,14,2,5,5,1902,0,0,0,,0,002,"GENOA ST","SANTA ANITA AV",0.00,,Y,B,-,N,,,,,,,,,,N,4,0,1,2,A,-,05,21202,A,N,D,G,A,A,H,-,A,A,0,,Y,,,Y,,L,04,0,0,1,0,0,0,1,0,0,"- ","- ",,,"LOS ANGELES",ARCADIA,-118.03135681152344,34.132312774658203
9579495,2023,2023-05-17,1906,2023-04-18,1546,2873,,2,5,5,1906,0,0,0,,0,,"CLARK ST","MAZNE AV",276.00,W,N,A,-,N,,,,,,,,,,N,4,0,1,2,A,-,05,21650,1,N,D,G,A,A,H,-,A,D,0,,Y,,,Y,,L,04,0,0,1,0,0,0,1,0,0,"- ","- ",,,"LOS ANGELES","BALDWIN PARK",-117.96135711669922,34.090461730957031
9579519,2023,2023-05-30,1946,2023-03-02,1506,P43,PASAD,4,5,4,1946,0,0,0,,0,001,"S VIOLET",LIME,40.00,S,N,A,-,N,,,,,,,,,,N,3,0,1,2,-,-,"- ",,,N,C,J,A,A,H,-,A,D,0,,Y,,,Y,,-,"- ",0,1,0,0,0,0,1,0,0,"- ","- ",,,"LOS ANGELES",MONROVIA,-118.01301574707031,34.147911071777344
9579567,2023,2023-05-16,1961,2023-02-15,0800,10334,1961,3,5,3,1961,0,0,0,,0,001,"HAGAR ST","LIBRARY ST",0.00,,Y,A,-,N,,,,,,,,,,N,3,0,1,2,A,-,05,21202,A,N,D,G,A,A,H,-,A,D,0,,Y,,,Y,,L,04,0,1,0,0,0,0,1,0,0,"- ","- ",,,"LOS ANGELES","SAN FERNANDO",-118.43605804443359,34.288417816162109
9580068,2023,2023-06-14,1910,2023-05-15,2241,04953,,1,5,4,1910,0,0,0,,0,005,"S BEDFORD DR","WILSHIRE BL",21.00,N,N,A,-,N,,,,,,,,,,N,4,0,1,2,A,-,05,21460,A,N,D,G,A,A,H,-,C,A,0,,Y,,,Y,,L,04,0,0,1,0,0,0,1,0,0,"- ","- ",,,"LOS ANGELES","BEVERLY HILLS",-118.40451812744141,34.067081451416016
9580089,2023,2023-06-15,1928,2023-05-14,2133,50423,520,7,5,5,1928,0,0,0,,0,503,"KORNBLUM AV","LISSO ST",180.00,N,N,A,-,N,,,,,,,,,,N,4,0,1,2,A,-,06,21750,,N,D,G,A,A,H,-,C,D,0,,Y,,,Y,,L,04,0,0,1,0,0,0,1,0,0,"- ","- ",33.906658172607422,-118.33744812011719,"LOS ANGELES",HAWTHORNE,-118.33737945556641,33.907142639160156
9580096,2023,2023-06-15,1900,2023-05-21,1601,652772,0617,7,5,6,1985,0,0,0,,0,61T1,"ISABELLA PKWY","AURORA LN",535.00,N,N,A,-,N,,,,,,,,,,N,2,0,1,2,A,-,09,21801,A,N,D,G,A,A,H,-,A,D,0,,Y,,,Y,,L,04,1,0,0,0,0,0,1,0,0,"- ","- ",34.417411804199219,-118.49275970458984,"LOS ANGELES","SANTA CLARITA",-118.49271392822266,34.417411804199219
9580396,2023,2023-06-22,1920,2023-05-31,1545,13500,1920,3,5,6,1920,0,0,0,,0,002,"PARAMOUNT BL","IMPERIAL HWY",24.00,S,N,A,-,N,,,,,,,,,,N,4,0,1,2,A,-,09,21804,A,N,D,G,A,A,H,-,A,A,0,,Y,,,Y,,L,04,0,0,1,0,0,0,1,0,0,"- ","- ",,,"LOS ANGELES",DOWNEY,-118.15201568603516,33.923995971679688
9580539,2023,2023-06-13,1941,2023-02-11,1840,11082,WEST,6,5,7,1941,0,0,0,,0,004,"W PACIFIC COAST HWY","OREGON AV",0.00,,Y,A,-,Y,LA,7,1,-,-,6.941,I,5,S,Y,3,0,1,2,A,-,05,21651,B,N,G,G,A,A,H,-,C,A,0,,Y,,,Y,,L,04,0,1,0,0,0,0,1,0,0,"- ","- ",33.789848327636719,-118.20173645019531,"LOS ANGELES","LONG BEACH",-118.20102691650391,33.789810180664062
9580668,2023,2023-06-16,1902,2023-05-31,1716,756,12,3,5,5,1902,0,0,0,,0,003,"COLORADO BL","SAN ANTONIO RD",75.00,W,N,A,-,N,,,,,,,,,,N,3,0,1,2,A,-,17,22517,,N,-,G,A,-,H,-,A,D,0,,Y,,,Y,,A,01,0,1,0,0,0,0,1,0,0,"- ","- ",,,"LOS ANGELES",ARCADIA,-118.03548431396484,34.145439147949219