CASE_ID,ACCIDENT_YEAR,PROC_DATE,JURIS,COLLISION_DATE,COLLISION_TIME,OFFICER_ID,REPORTING_DISTRICT,DAY_OF_WEEK,CHP_SHIFT,POPULATION,CNTY_CITY_LOC,SPECIAL_COND,BEAT_TYPE,CHP_BEAT_TYPE,CITY_DIVISION_LAPD,CHP_BEAT_CLASS,BEAT_NUMBER,PRIMARY_RD,SECONDARY_RD,DISTANCE,DIRECTION,INTERSECTION,WEATHER_1,WEATHER_2,STATE_HWY_IND,CALTRANS_COUNTY,CALTRANS_DISTRICT,STATE_ROUTE,ROUTE_SUFFIX,POSTMILE_PREFIX,POSTMILE,LOCATION_TYPE,RAMP_INTERSECTION,SIDE_OF_HWY,TOW_AWAY,COLLISION_SEVERITY,NUMBER_KILLED,NUMBER_INJURED,PARTY_COUNT,PRIMARY_COLL_FACTOR,PCF_CODE_OF_VIOL,PCF_VIOL_CATEGORY,PCF_VIOLATION,PCF_VIOL_SUBSECTION,HIT_AND_RUN,TYPE_OF_COLLISION,MVIW,PED_ACTION,ROAD_SURFACE,ROAD_COND_1,ROAD_COND_2,LIGHTING,CONTROL_DEVICE,CHP_ROAD_TYPE,PEDESTRIAN_ACCIDENT,BICYCLE_ACCIDENT,MOTORCYCLE_ACCIDENT,TRUCK_ACCIDENT,NOT_PRIVATE_PROPERTY,ALCOHOL_INVOLVED,STWD_VEHTYPE_AT_FAULT,CHP_VEHTYPE_AT_FAULT,COUNT_SEVERE_INJ,COUNT_VISIBLE_INJ,COUNT_COMPLAINT_PAIN,COUNT_PED_KILLED,COUNT_PED_INJURED,COUNT_BICYCLIST_KILLED,COUNT_BICYCLIST_INJURED,COUNT_MC_KILLED,COUNT_MC_INJURED,PRIMARY_RAMP,SECONDARY_RAMP,LATITUDE,LONGITUDE,COUNTY,CITY,POINT_X,POINT_Y
9580884,2023,2023-06-22,1900,2023-05-04,1201,653913,1336,4,5,5,1908,0,0,0,,0,133T2,"ARTESIA BL","PALO VERDE AV",0.00,,Y,A,-,N,,,,,,,,,,N,3,0,1,2,D,-,00,,,N,G,B,A,A,H,-,A,D,0,,Y,,,Y,,-,"- ",0,1,0,0,0,0,1,0,0,"- ","- ",,,"LOS ANGELES",BELLFLOWER,-118.10853576660156,33.872905731201172
9580932,2023,2023-06-28,1920,2023-06-05,1341,13500,1920,1,5,6,1920,0,0,0,,0,006,"BYERS AV","MARBEL AV",232.00,W,N,A,-,N,,,,,,,,,,N,4,0,1,2,A,-,08,22107,,N,B,G,A,A,H,-,A,D,0,,Y,,,Y,,A,07,0,0,1,0,0,0,1,0,0,"- ","- ",,,"LOS ANGELES",DOWNEY,-118.13310241699219,33.9271240234375
9581266,2023,2023-06-30,1913,2023-05-17,1258,4259,25,3,5,4,1913,0,0,0,,0,002,"CUCAMONGA AV","MILLS AV",0.00,,Y,A,-,N,,,,,,,,,,N,4,0,1,1,A,-,17,21367,C,N,-,I,A,A,D,-,A,A,0,,Y,,,Y,Y,L,04,0,0,1,0,0,0,1,0,0,"- ","- ",,,"LOS ANGELES",CLAREMONT,-117.70691680908203,34.090469360351562
9581844,2023,2023-05-18,1942,2023-04-28,0910,39395,0176,5,5,7,1942,0,0,0,A,0,24TL28,"MAPLE AV","7TH ST",0.00,,Y,A,-,N,,,,,,,,,,N,4,0,1,2,A,-,12,21453,A,F,E,G,A,A,H,-,A,D,0,,Y,,,Y,,-,99,0,0,1,0,0,0,1,0,0,"- ","- ",,,"LOS ANGELES","LOS ANGELES",-118.24927520751953,34.04248046875
9581860,2023,2023-05-23,1900,2023-04-30,1500,606099,0974,7,5,4,1979,0,0,0,,0,92T1,"STANLEY AV","SANTA MONICA BL",137.00,S,N,A,-,N,,,,,,,,,,N,4,0,1,2,A,-,09,21804,,N,D,G,A,A,H,-,A,A,0,,Y,,,Y,,L,04,0,0,1,0,0,0,1,0,0,"- ","- ",34.090339660644531,-118.35698699951172,"LOS ANGELES","WEST HOLLYWOOD",-118.35637664794922,34.090423583984375
9581919,2023,2023-05-25,1900,2023-03-12,1345,634734,2112,7,5,5,1943,0,0,0,,0,212T3,"FERNWOOD AV","BULLIS RD",10.00,,N,A,-,N,,,,,,,,,,N,4,0,1,2,A,-,08,22107,,N,B,G,A,A,H,-,A,A,0,,Y,,,Y,,A,01,0,0,1,0,0,0,1,0,0,"- ","- ",33.921939849853516,-118.20165252685547,"LOS ANGELES",LYNWOOD,-118.20173645019531,33.921989440917969
9582276,2023,2023-05-31,1942,2023-04-19,2000,42364,0311,3,5,7,1942,0,0,0,C,0,25TL33,"JEFFERSON BL","CLYDE AV",255.00,W,N,-,-,N,,,,,,,,,,N,2,0,1,2,A,-,07,21658,A,N,D,G,A,A,H,-,C,A,0,,Y,,,Y,,L,04,1,0,0,0,0,0,1,0,0,"- ","- ",,,"LOS ANGELES","LOS ANGELES",-118.36943817138672,34.026382446289062
9582392,2023,2023-05-30,1928,2023-05-18,0756,50324,525,4,5,5,1928,0,0,0,,0,502,"IMPERIAL HWY","PRAIRIE AV",0.00,,Y,A,-,N,,,,,,,,,,N,4,0,1,2,A,-,03,22350,,N,G,G,F,A,H,-,A,A,0,Y,Y,,,Y,,L,04,0,0,1,0,1,0,0,0,0,"- ","- ",33.930950164794922,-118.34382629394531,"LOS ANGELES",HAWTHORNE,-118.34389495849609,33.930961608886719
9582424,2023,2023-06-08,1941,2023-04-03,1556,10656,NORTH,1,5,7,1941,0,0,0,,0,020,"WALNUT AV","E WARDLOW RD",0.00,,Y,A,-,N,,,,,,,,,,N,4,0,1,2,A,-,10,21952,,N,H,G,A,A,H,-,A,A,0,,Y,,,Y,,I,11,0,0,1,0,0,0,1,0,0,"- ","- ",33.818920135498047,-118.17198181152344,"LOS ANGELES","LONG BEACH",-118.17198944091797,33.818920135498047
9582780,2023,2023-06-09,1953,2023-05-12,1223,0720,1953,5,5,6,1953,0,0,0,,0,002,"ORANGE GROVE BL","ARROYO TER",0.00,,Y,A,-,N,,,,,,,,,,N,3,0,1,2,A,-,09,21800,A,N,C,G,A,A,H,-,A,D,0,,Y,,,Y,,A,01,0,1,0,0,0,0,1,0,0,"- ","- ",,,"LOS ANGELES",PASADENA,-118.1610107421875,34.1500244140625
9582874,2023,2023-07-05,1900,2023-05-18,1050,506557,0531,4,5,5,1959,0,0,0,,0,5371AM,"DELTA AV","VALLEY BL",2.00,S,N,A,-,N,,,,,,,,,,N,4,0,1,2,A,-,05,21650,1,N,G,G,A,A,H,-,A,A,0,,Y,,,Y,,L,04,0,0,1,0,0,0,1,0,0,"- ","- ",34.080211639404297,-118.08640289306641,"LOS ANGELES",ROSEMEAD,-118.08638000488281,34.080345153808594
9582954,2023,2023-06-22,1931,2023-05-17,0800,5331,1931,3,5,5,1931,0,0,0,,0,002,"GENTRY ST","CLARENDON AV",0.00,,Y,A,-,N,,,,,,,,,,N,3,0,1,2,A,-,05,21650,1,N,D,G,A,A,H,-,A,A,0,,Y,,,Y,,L,04,0,1,0,0,0,0,1,0,0,"- ","- ",,,"LOS ANGELES","HUNTINGTON PARK",-118.21791839599609,33.983440399169922
9583627,2023,2023-07-27,1900,2023-06-26,0813,5333863,2607,1,5,6,1950,0,0,0,,0,263T1,"RT 138","AVENUE R-4",0.00,,Y,A,-,Y,LA,7,138,-,-,49.215,I,5,W,N,3,0,1,2,A,-,05,21650,1,N,D,G,A,A,H,-,A,D,0,,Y,,,Y,,L,04,0,1,0,0,0,0,1,0,0,"- ","- ",34.569110870361328,-118.04486846923828,"LOS ANGELES",PALMDALE,-118.04493713378906,34.569129943847656
9583753,2023,2023-08-02,1920,2023-06-21,1810,14050,1920,3,5,6,1920,0,0,0,,0,006,"FIRESTONE BL","MARBEL AV",224.00,W,N,A,-,N,,,,,,,,,,N,3,0,1,2,A,-,09,21804,A,N,D,G,A,A,H,-,A,D,0,,Y,,,Y,,A,01,0,1,0,0,0,0,1,0,0,"- ","- ",,,"LOS ANGELES",DOWNEY,-118.12596893310547,33.936622619628906
9583954,2023,2023-08-14,1942,2023-07-13,1245,39217,0939,4,5,7,1942,0,0,0,I,0,26TL72,"VICTORY BL","MORSE AV",0.00,,Y,A,-,N,,,,,,,,,,N,4,0,1,2,A,-,09,21802,A,F,D,G,A,A,H,-,A,A,0,,Y,,,Y,,-,99,0,0,1,0,0,0,1,0,0,"- ","- ",,,"LOS ANGELES","LOS ANGELES",-118.41593933105469,34.186679840087891
9583957,2023,2023-08-14,1942,2023-07-07,1725,39217,1984,5,5,7,1942,0,0,0,,0,26TL72,"CEDROS AV","CHASE ST",458.00,S,N,A,-,N,,,,,,,,,,N,2,0,1,2,A,-,03,22350,,M,C,E,A,-,H,-,A,D,0,,Y,,,Y,,L,04,1,0,0,0,0,0,1,0,0,"- ","- ",,,"LOS ANGELES","LOS ANGELES",-118.45356750488281,34.223484039306641
9583984,2023,2023-08-08,1973,2023-05-02,0750,660,1973,2,5,1,1973,0,0,0,,0,003,"SOUTH ATLANTIC BL","BANDINI BL",306.00,S,N,A,-,N,,,,,,,,,,N,4,0,1,2,A,-,03,22350,,N,D,G,A,A,H,-,A,A,0,,Y,,,Y,,L,04,0,0,1,0,0,0,1,0,0,"- ","- ",,,"LOS ANGELES",VERNON,-118.17634582519531,33.997943878173828
9583999,2023,2023-09-29,1942,2023-06-08,1820,41376,"1443 ",4,5,7,1942,0,0,0,N,0,27T248,"LINCOLN BL","VENICE BL",0.00,,Y,B,-,N,,,,,,,,,,N,2,0,1,2,A,-,12,21453,A,N,D,C,A,A,H,-,B,A,0,,Y,,,Y,,-,"- ",1,0,0,0,0,0,1,0,0,"- ","- ",,,"LOS ANGELES","LOS ANGELES",-118.45285034179688,33.994098663330078
9584486,2023,2023-05-18,1929,2023-04-26,1612,173,1929,3,5,3,1929,0,0,0,,0,003,"21ST ST","BORDEN AV",0.00,,Y,A,-,N,,,,,,,,,,N,3,0,1,2,A,-,12,22450,A,N,D,G,A,A,H,-,A,A,0,,Y,,,Y,,L,04,0,1,0,0,0,0,1,0,0,"- ","- ",33.870571136474609,-118.3939208984375,"LOS ANGELES","HERMOSA BEACH",-118.39388275146484,33.870601654052734
9585274,2023,2023-05-24,1942,2023-04-22,1420,38088,0321,6,5,7,1942,0,0,0,C,0,25MX85,"LA CIENEGA BL","CLEMSON ST",0.00,,Y,A,-,N,,,,,,,,,,N,4,0,1,2,A,-,12,21453,A,F,D,G,A,A,H,-,A,A,0,,Y,,,Y,,-,99,0,0,1,0,0,0,1,0,0,"- ","- ",,,"LOS ANGELES","LOS ANGELES",-118.37220001220703,34.024192810058594
9585276,2023,2023-05-24,1942,2023-04-21,2315,42720,0359,5,5,7,1942,0,0,0,C,0,25T35,"FIGEROA ST","MARTIN LUTHER KING JR BL",0.00,,Y,A,-,N,,,,,,,,,,N,4,0,1,2,A,-,17,21451,A,F,D,G,A,A,H,-,C,A,0,,Y,,,Y,,-,99,0,0,1,0,0,0,1,0,0,"- ","- ",,,"LOS ANGELES","LOS ANGELES",-118.28273773193359,34.011127471923828
9585843,2023,2023-06-22,1941,2023-05-03,1543,11140,NORTH,3,5,7,1941,0,0,0,,0,022,"ATLANTIC AV","BTWN ALOHA DR & E COOLIDGE ST",0.00,,-,A,-,N,,,,,,,,,,N,3,0,1,2,A,-,10,21950,A,F,G,G,A,A,H,-,A,A,0,,Y,,,Y,,A,01,0,1,0,0,0,0,1,0,0,"- ","- ",33.871181488037109,-118.18580627441406,"LOS ANGELES","LONG BEACH",-118.18643951416016,33.873310089111328
9586517,2023,2023-06-07,1942,2023-04-24,1455,41376,0736,1,5,7,1942,0,0,0,G,0,27TL48,"4TH ST","LA BREA AV",133.00,W,N,A,-,N,,,,,,,,,,N,3,0,1,2,A,-,09,21804,A,N,H,G,A,A,H,-,A,D,0,,Y,,,Y,,L,04,0,1,0,0,0,0,1,0,0,"- ","- ",,,"LOS ANGELES","LOS ANGELES",-118.34449005126953,34.066890716552734
9587053,2023,2023-09-18,1942,2023-07-11,1240,40157,0724,2,5,7,1942,0,0,0,G,0,27TL23,"3RD ST","THE GROVE DR",102.00,W,N,A,-,N,,,,,,,,,,N,4,0,1,2,A,-,03,22350,,N,H,C,A,A,H,-,A,A,0,,Y,,,Y,,L,04,0,0,1,0,0,0,1,0,0,"- ","- ",,,"LOS ANGELES","LOS ANGELES",-118.356689453125,34.070858001708984
9587058,2023,2023-08-23,1942,2023-07-28,0735,41449,0824,5,5,7,1942,0,0,0,H,0,27TL21,"ENTRADA DR","SAN LORENZO ST",0.00,,Y,A,-,N,,,,,,,,,,N,2,0,1,2,A,-,09,21802,A,N,H,G,A,A,H,-,A,A,0,,Y,,,Y,,L,04,1,0,0,0,0,0,1,0,0,"- ","- ",,,"LOS ANGELES","LOS ANGELES",-118.50939178466797,34.034374237060547
9587811,2023,2023-06-13,1942,2023-05-16,0004,42771,1826,2,5,7,1942,0,0,0,R,0,,"103RD AV","AVALON BL",0.00,,Y,A,-,N,,,,,,,,,,N,3,0,1,2,A,-,03,22350,,N,G,G,A,-,H,-,C,A,0,,Y,,,Y,,-,"- ",0,1,0,0,0,0,1,0,0,"- ","- ",,,"LOS ANGELES","LOS ANGELES",-118.26518249511719,33.942852020263672
9587844,2023,2023-06-12,1941,2023-04-23,2138,11832,NORTH,7,5,7,1941,0,0,0,,0,024,"PARAMOUNT BL","E ARTESIA BL",0.00,,Y,A,-,N,,,,,,,,,,N,4,0,1,2,A,-,00,12500,A,N,G,G,A,A,H,-,C,D,0,,Y,,,Y,,A,01,0,0,1,0,0,0,1,0,0,"- ","- ",33.874691009521484,-118.15998840332031,"LOS ANGELES","LONG BEACH",-118.16000366210938,33.874622344970703
9587964,2023,2023-06-15,1900,2023-05-01,1545,499039,1517,1,5,5,1954,0,0,0,,0,151T2,"PASSONS BL","SLAUSON AV",18.00,N,N,A,-,N,,,,,,,,,,Y,2,0,1,2,A,-,10,21950,A,F,D,G,A,A,H,-,A,A,0,,Y,,,Y,Y,-,99,1,0,0,0,0,0,1,0,0,"- ","- ",33.968719482421875,-118.09709167480469,"LOS ANGELES","PICO RIVERA",-118.09720611572266,33.968585968017578
9588085,2023,2023-07-27,1942,2023-06-03,1309,40542,0991,6,5,7,1942,0,0,0,I,0,26M45,"WOODCLIFF RD","RAYNETA DR",100.00,S,N,A,-,N,,,,,,,,,,N,2,0,2,2,A,-,03,22350,,N,G,B,D,A,H,-,A,A,0,Y,Y,,,Y,,L,04,2,0,0,0,1,0,1,0,0,"- ","- ",,,"LOS ANGELES","LOS ANGELES",-118.46743774414062,34.143711090087891
9588575,2023,2023-06-16,1900,2023-04-23,0850,656409,1368,7,5,5,1952,0,0,0,,0,133T1,"DOWNEY AV","SOMERSET BL",0.00,,Y,A,-,N,,,,,,,,,,N,3,0,1,2,A,-,12,21453,A,N,G,B,A,A,H,-,A,A,0,,Y,,,Y,,-,"- ",0,1,0,0,0,0,1,0,0,"- ","- ",,,"LOS ANGELES",PARAMOUNT,-118.15149688720703,33.896404266357422
9589010,2023,2023-06-13,1909,2023-05-19,0919,588,1909,5,5,4,1909,0,0,0,,0,SOUTH,"JABONERIA RD","FLORENCE AV",220.00,S,N,B,-,N,,,,,,,,,,Y,4,0,1,2,A,-,09,21804,A,F,D,G,A,A,H,-,A,D,0,,Y,,,Y,,A,01,0,0,1,0,0,0,1,0,0,"- ","- ",33.966579437255859,-118.15837097167969,"LOS ANGELES","BELL GARDENS",-118.15824127197266,33.96661376953125
9589167,2023,2023-06-09,1941,2023-05-03,1549,10761,EAST,3,5,7,1941,0,0,0,,0,014,"STEARNS ST","CLARK AV",0.00,,N,A,-,N,,,,,,,,,,N,4,0,1,2,C,-,18,,,N,G,G,A,A,H,-,A,A,0,,Y,,,Y,,-,"- ",0,0,1,0,0,0,1,0,0,"- ","- ",33.796268463134766,-118.13397979736328,"LOS ANGELES","LONG BEACH",-118.13394165039062,33.796241760253906
9589447,2023,2023-06-12,1953,2023-04-15,0405,7040,1953,6,5,6,1953,0,0,0,,0,002,"LOS ROBLES AV","MAPLE ST",0.00,,Y,A,-,N,,,,,,,,,,N,3,0,1,2,A,-,12,21453,,N,D,G,A,A,H,-,C,A,0,,Y,,,Y,,L,04,0,1,0,0,0,0,1,0,0,"- ","- ",,,"LOS ANGELES",PASADENA,-118.1414794921875,34.152362823486328
9589451,2023,2023-06-12,1956,2023-04-21,0822,1323,45,5,5,5,1956,0,0,0,,0,003,"RINDGE LN","HAVEMEYER LN",0.00,,Y,A,-,N,,,,,,,,,,N,4,0,1,3,A,-,09,21802,A,N,H,A,A,A,H,-,A,A,0,,Y,,,Y,,A,07,0,0,1,0,0,0,1,0,0,"- ","- ",33.8590087890625,-118.37281036376953,"LOS ANGELES","REDONDO BEACH",-118.37284851074219,33.859043121337891
9589926,2023,2023-06-21,1941,2023-04-19,0532,10161,WEST,3,5,7,1941,0,0,0,,0,001,"HESPERIAN AV","W WARDLOW RD",0.00,,Y,A,-,N,,,,,,,,,,N,4,0,1,2,A,-,09,21802,A,N,D,G,A,A,H,-,C,A,0,,Y,,,Y,,-,"- ",0,0,1,0,0,0,1,0,0,"- ","- ",33.824291229248047,-118.224609375,"LOS ANGELES","LONG BEACH",-118.22463226318359,33.824321746826172
9590056,2023,2023-07-03,1942,2023-05-12,2340,45235,1864,5,5,7,1942,0,0,0,R,0,18A41,"CENTRAL AV","RT 105",420.00,S,N,A,-,Y,LA,7,105,-,R,9.116,R,4,E,N,4,0,1,2,A,-,12,21453,A,F,B,G,A,A,H,-,C,A,0,,Y,,,Y,,-,99,0,0,1,0,0,0,1,0,0,"- ",EO,,,"LOS ANGELES","LOS ANGELES",-118.25089263916016,33.928371429443359
9590061,2023,2023-06-13,1900,2023-05-26,1400,623660,1628,5,5,5,1977,0,0,0,,0,168T,"223RD ST","BONITA ST",0.00,,Y,A,-,N,,,,,,,,,,Y,3,0,1,2,A,-,08,22100,A,N,B,G,A,A,H,-,A,A,0,,Y,,,Y,,A,01,0,1,0,0,0,0,1,0,0,"- ","- ",33.824348449707031,-118.25926971435547,"LOS ANGELES",CARSON,-118.25927734375,33.824214935302734
9590359,2023,2023-08-07,1942,2023-06-05,0900,36031,1268,1,5,7,1942,0,0,0,L,0,12A69,"MAIN ST","84TH PL",0.00,S,N,A,-,N,,,,,,,,,,N,3,0,1,2,A,-,05,21650,1,F,H,G,A,A,H,-,A,D,0,,Y,,,Y,Y,-,99,0,1,0,0,0,0,1,0,0,"- ","- ",,,"LOS ANGELES","LOS ANGELES",-118.27388000488281,33.962364196777344
9590396,2023,2023-06-30,1942,2023-05-26,1700,42967,1205,5,5,7,1942,0,0,0,L,0,12X32,"47TH ST","VERMONT AV",5.00,E,N,B,-,N,,,,,,,,,,N,3,0,1,2,A,-,11,21950,B,N,G,G,A,-,H,-,A,D,0,,Y,,,Y,,L,04,0,1,0,0,0,0,1,0,0,"- ","- ",,,"LOS ANGELES","LOS ANGELES",-118.29152679443359,34.000530242919922
9590640,2023,2023-06-22,1900,2023-04-19,1819,624602,1514,3,5,5,1954,0,0,0,,0,151T2,"JACKSON ST","WHITTIER BL",0.00,,Y,A,-,N,,,,,,,,,,N,3,0,1,2,A,-,12,21453,,N,D,G,A,A,H,-,A,A,0,,Y,,,Y,,-,"- ",0,1,0,0,0,0,1,0,0,"- ","- ",33.999240875244141,-118.07946014404297,"LOS ANGELES","PICO RIVERA",-118.03079223632812,33.962230682373047
9591050,2023,2023-07-19,1942,2023-06-06,0900,43913,0312,2,5,7,1942,0,0,0,C,0,25T21,"JEFFERSON AV","SYCAMORE AV",87.00,W,N,A,-,N,,,,,,,,,,N,2,0,1,2,A,-,08,22107,,N,D,G,A,A,H,-,A,D,0,,Y,,,Y,,A,01,1,0,0,0,0,0,1,0,0,"- ","- ",,,"LOS ANGELES","LOS ANGELES",-118.35733795166016,34.025501251220703
9591444,2023,2023-06-30,1946,2023-04-19,1525,P5,PASAD,3,5,4,1946,0,0,0,,0,002,HUNTINGTON,MONTEREY,0.00,,Y,A,-,N,,,,,,,,,,Y,3,0,2,3,A,-,12,21453,A,N,D,C,A,A,H,-,A,A,0,,Y,,,Y,,A,01,0,2,0,0,0,0,1,0,0,"- ","- ",,,"LOS ANGELES",MONROVIA,-118.01419830322266,34.140205383300781
9591449,2023,2023-06-30,1946,2023-04-25,1552,P5,PASAD,2,5,4,1946,0,0,0,,0,003,"ROYAL OAKS",BRADBURY,0.00,,Y,A,-,N,,,,,,,,,,N,4,0,1,2,D,-,00,,,N,D,G,A,A,H,-,A,A,0,,Y,,,Y,,-,"- ",0,0,1,0,0,0,1,0,0,"- ","- ",,,"LOS ANGELES",MONROVIA,-117.98197174072266,34.143211364746094
9591685,2023,2023-07-14,1900,2023-06-03,1707,509018,1513,6,5,5,1954,0,0,0,,0,151T2,"WHITTIER BL","PARAMOUNT BL",0.00,,Y,A,-,N,,,,,,,,,,N,3,0,1,2,A,-,05,21650,,F,B,G,A,A,H,-,A,A,0,,Y,,,Y,Y,L,04,0,1,0,0,0,0,1,0,0,"- ","- ",,,"LOS ANGELES","PICO RIVERA",-118.08869171142578,34.003368377685547
9591928,2023,2023-08-07,1900,2023-02-26,1600,624602,1513,7,5,5,1954,0,0,0,,0,151T2,"ROSEMEAD BL","SLAUSON AV",79.00,S,N,A,-,N,,,,,,,,,,N,3,0,1,2,A,-,09,21804,,M,D,G,A,A,H,-,A,A,0,,Y,,,Y,,A,01,0,1,0,0,0,0,1,0,0,"- ","- ",33.970718383789062,-118.10501098632812,"LOS ANGELES","PICO RIVERA",-118.10507202148438,33.970703125
9591935,2023,2023-07-24,1941,2023-04-12,0746,11842,WEST,3,5,7,1941,0,0,0,,0,003,"W 29TH ST","PACIFIC AV",0.00,,Y,A,-,N,,,,,,,,,,N,2,0,1,2,D,-,00,,,N,H,G,A,A,H,-,A,D,0,,Y,,,Y,,-,"- ",1,0,0,0,0,0,1,0,0,"- ","- ",33.809841156005859,-118.19371032714844,"LOS ANGELES","LONG BEACH",-118.19371032714844,33.809833526611328
9592083,2023,2023-07-24,1907,2023-03-25,1300,244,1,6,5,4,1907,0,0,0,,0,,"FLORENCE AV","ATLANTIC AV",12.00,W,N,A,-,N,,,,,,,,,,N,3,0,1,2,A,-,05,21650,1,M,H,G,A,A,H,-,A,A,0,,Y,,,Y,,-,,0,1,0,0,0,0,1,0,0,"- ","- ",33.970321655273438,-118.18814849853516,"LOS ANGELES",BELL,-118.18824005126953,33.970314025878906
9592090,2023,2023-07-24,1907,2023-04-19,1918,260,1,3,5,4,1907,0,0,0,,0,,"GAGE AV","OTIS AV",109.00,E,N,A,-,N,,,,,,,,,,N,3,0,1,2,A,-,09,21804,A,N,H,G,A,A,H,-,A,D,0,,Y,,,Y,,A,01,0,1,0,0,0,0,1,0,0,"- ","- ",33.978729248046875,-118.19194030761719,"LOS ANGELES",BELL,-118.19233703613281,33.978584289550781
9592247,2023,2023-07-05,1900,2023-05-25,1012,546537,2316,4,5,5,1919,0,0,0,,0,230T,"ARABELLA ST","JEFFREY AV",40.00,W,N,A,-,N,,,,,,,,,,N,3,0,1,2,A,-,08,22107,,M,B,G,A,A,H,-,A,D,0,,Y,,,Y,,A,07,0,1,0,0,0,0,1,0,0,"- ","- ",33.864070892333984,-118.05467987060547,"LOS ANGELES",CERRITOS,-118.05458068847656,33.864059448242188
9593192,2023,2023-07-19,1941,2023-06-24,0502,11797,EAST,6,5,7,1941,0,0,0,,0,011,"TEMPLE AV","EAST 10TH ST",0.00,,Y,A,-,N,,,,,,,,,,Y,2,0,1,2,A,-,00,20001,A,F,D,G,A,A,H,-,C,D,0,,Y,,,Y,,D,22,1,0,0,0,0,0,1,0,0,"- ","- ",33.780788421630859,-118.15894317626953,"LOS ANGELES","LONG BEACH",-118.15892791748047,33.778987884521484
9593284,2023,2023-07-10,1962,2023-05-15,1457,154,1962,1,5,4,1962,0,0,0,,0,002,"LAS TUNAS DR","WALNUT GROVE AV",0.00,,Y,A,-,N,,,,,,,,,,N,4,0,1,2,A,-,05,21650,1,N,D,G,A,A,H,-,A,D,0,,Y,,,Y,,L,04,0,0,1,0,0,0,1,0,0,"- ","- ",34.103458404541016,-118.08379364013672,"LOS ANGELES","SAN GABRIEL",-118.08380126953125,34.103458404541016
9593621,2023,2023-07-12,1900,2023-04-14,1733,629508,1137,5,5,6,1992,0,0,0,,0,114A,"20TH ST E","AVENUE J-8",0.00,,Y,A,-,N,,,,,,,,,,N,3,0,1,2,A,-,05,21650,1,N,A,G,A,A,H,-,A,A,0,,Y,,,Y,,L,04,0,1,0,0,0,0,1,0,0,"- ","- ",,,"LOS ANGELES",LANCASTER,-118.09471130371094,34.682327270507812
9593675,2023,2023-07-12,1942,2023-01-25,0800,34393,0778,3,5,7,1942,0,0,0,G,0,7A47W2,"8TH AV","WASHINGTON BL",2.00,S,N,A,-,N,,,,,,,,,,N,3,0,1,2,A,-,03,22350,,N,H,G,A,A,H,-,A,D,0,,Y,,,Y,,A,07,0,1,0,0,0,0,1,0,0,"- ","- ",,,"LOS ANGELES","LOS ANGELES",-118.32601928710938,34.039882659912109
9594236,2023,2023-07-13,1900,2023-02-04,1233,658608,0246,6,5,3,1914,0,0,0,,0,27T,"EASTERN AV","RANDOLPH ST",0.00,,Y,A,-,N,,,,,,,,,,N,4,0,1,2,D,-,00,,,N,B,-,A,A,H,-,A,D,0,,Y,,,Y,,-,"- ",0,0,1,0,0,0,1,0,0,"- ","- ",,,"LOS ANGELES",COMMERCE,-118.16316223144531,33.979373931884766
9594371,2023,2023-07-05,1944,2023-06-09,0734,329,M22,5,5,4,1944,0,0,0,,0,0M1,"11TH ST","SEPULVEDA BL",2.00,E,N,A,-,Y,LA,7,1,-,-,22.841,I,5,N,N,3,0,1,2,A,-,17,21663,,N,D,G,A,A,H,-,A,A,0,,Y,,,Y,,L,04,0,1,0,0,0,0,1,0,0,"- ","- ",33.885650634765625,-118.39598846435547,"LOS ANGELES","MANHATTAN BEACH",-118.39595031738281,33.886547088623047
9596616,2023,2023-08-14,1905,2023-06-13,1554,1210,241,2,5,4,1905,0,0,0,,0,001,"SOUTH AZUSA AV","GLADSTONE ST",144.00,N,N,A,-,N,,,,,,,,,,N,3,0,1,2,A,-,05,21650,1,N,B,G,A,A,H,-,A,D,0,,Y,,,Y,,L,04,0,1,0,0,0,0,1,0,0,"- ","- ",34.115970611572266,-117.90754699707031,"LOS ANGELES",AZUSA,-117.90757751464844,34.114643096923828
9596709,2023,2023-07-26,1900,2023-05-26,1930,629461,1137,5,5,6,1992,0,0,0,,0,111T2,"CAMRAN AV","EMILE ZOLA ST",61.00,W,N,A,-,N,,,,,,,,,,N,4,0,1,2,D,-,00,,,N,C,G,A,A,H,-,C,D,0,,Y,,,Y,,-,"- ",0,0,1,0,0,0,1,0,0,"- ","- ",,,"LOS ANGELES",LANCASTER,-118.10441589355469,34.681777954101562
9596993,2023,2023-08-09,1920,2023-07-17,1238,14598,1920,1,5,6,1920,0,0,0,,0,001,"LAKEWOOD BL","APOLLO WY",0.00,,N,A,-,N,,,,,,,,,,N,3,0,1,2,D,-,00,,,N,D,G,A,A,H,-,A,D,0,,Y,,,Y,,-,"- ",0,1,0,0,0,0,1,0,0,"- ","- ",,,"LOS ANGELES",DOWNEY,-118.13355255126953,33.922492980957031
9597142,2023,2023-08-03,1920,2023-06-15,1744,14072,1920,4,5,6,1920,0,0,0,,0,001,"LAKE WOOD BL","ROSECRANS AV",0.00,,Y,A,-,N,,,,,,,,,,Y,3,0,1,2,A,-,12,21453,A,N,B,G,A,A,H,-,A,A,0,,Y,,,Y,,L,04,0,1,0,0,0,0,1,0,0,"- ","- ",,,"LOS ANGELES",DOWNEY,-118.142822265625,33.903793334960938