CASE_ID,ACCIDENT_YEAR,PROC_DATE,JURIS,COLLISION_DATE,COLLISION_TIME,OFFICER_ID,REPORTING_DISTRICT,DAY_OF_WEEK,CHP_SHIFT,POPULATION,CNTY_CITY_LOC,SPECIAL_COND,BEAT_TYPE,CHP_BEAT_TYPE,CITY_DIVISION_LAPD,CHP_BEAT_CLASS,BEAT_NUMBER,PRIMARY_RD,SECONDARY_RD,DISTANCE,DIRECTION,INTERSECTION,WEATHER_1,WEATHER_2,STATE_HWY_IND,CALTRANS_COUNTY,CALTRANS_DISTRICT,STATE_ROUTE,ROUTE_SUFFIX,POSTMILE_PREFIX,POSTMILE,LOCATION_TYPE,RAMP_INTERSECTION,SIDE_OF_HWY,TOW_AWAY,COLLISION_SEVERITY,NUMBER_KILLED,NUMBER_INJURED,PARTY_COUNT,PRIMARY_COLL_FACTOR,PCF_CODE_OF_VIOL,PCF_VIOL_CATEGORY,PCF_VIOLATION,PCF_VIOL_SUBSECTION,HIT_AND_RUN,TYPE_OF_COLLISION,MVIW,PED_ACTION,ROAD_SURFACE,ROAD_COND_1,ROAD_COND_2,LIGHTING,CONTROL_DEVICE,CHP_ROAD_TYPE,PEDESTRIAN_ACCIDENT,BICYCLE_ACCIDENT,MOTORCYCLE_ACCIDENT,TRUCK_ACCIDENT,NOT_PRIVATE_PROPERTY,ALCOHOL_INVOLVED,STWD_VEHTYPE_AT_FAULT,CHP_VEHTYPE_AT_FAULT,COUNT_SEVERE_INJ,COUNT_VISIBLE_INJ,COUNT_COMPLAINT_PAIN,COUNT_PED_KILLED,COUNT_PED_INJURED,COUNT_BICYCLIST_KILLED,COUNT_BICYCLIST_INJURED,COUNT_MC_KILLED,COUNT_MC_INJURED,PRIMARY_RAMP,SECONDARY_RAMP,LATITUDE,LONGITUDE,COUNTY,CITY,POINT_X,POINT_Y
9597727,2023,2023-08-09,1905,2023-06-14,1407,1127,131,3,5,4,1905,0,0,0,,0,001,"AZUSA AVE","PARAMOUNT ST",0.00,,Y,A,-,N,,,,,,,,,,N,3,0,1,2,A,-,10,21950,A,N,D,-,A,A,H,-,A,A,0,,Y,,,Y,,D,22,0,1,0,0,0,0,1,0,0,"- ","- ",34.117988586425781,-117.90770721435547,"LOS ANGELES",AZUSA,-117.90756225585938,34.118000030517578
9597785,2023,2023-08-09,1900,2023-07-13,1916,551435,1132,4,5,6,1992,0,0,0,,0,112T2P,"LANCASTER BL","2ND ST EAST",0.00,W,N,A,-,N,,,,,,,,,,Y,3,0,1,2,A,-,08,22107,,N,D,G,A,A,H,-,A,D,0,,Y,,,Y,,L,04,0,1,0,0,0,0,1,0,0,"- ","- ",,,"LOS ANGELES",LANCASTER,-118.12771606445312,34.696765899658203
9598604,2023,2023-07-19,1900,2023-04-17,1801,659092,2825,1,5,5,1915,0,0,0,,0,283T1,"LONG BEACH BL","ARLINGTON ST",5.00,S,N,A,-,N,,,,,,,,,,N,3,0,1,2,D,-,00,,,F,D,G,A,A,H,-,C,D,0,,Y,,,Y,,-,"- ",0,1,0,0,0,0,1,0,0,"- ","- ",,,"LOS ANGELES",COMPTON,-118.20884704589844,33.909355163574219
9598610,2023,2023-07-19,1900,2023-04-19,1720,612191,2111,3,5,5,1943,0,0,0,,0,212T2,"BEECHWOOD AV","STATE ST",3.00,W,N,A,-,N,,,,,,,,,,N,3,0,1,2,A,-,21,22106,,F,D,G,A,A,H,-,A,D,0,,Y,,,Y,,A,01,0,1,0,0,0,0,1,0,0,"- ","- ",,,"LOS ANGELES",LYNWOOD,-118.21662139892578,33.929599761962891
9598883,2023,2024-01-31,1962,2023-12-27,0913,113,1962,3,5,4,1962,0,0,0,,0,004,"VALLEY BL","SAN GABRIEL BL",0.00,,Y,A,-,N,,,,,,,,,,N,3,0,1,2,A,-,03,22350,,F,D,G,A,A,H,-,A,A,0,,Y,,,Y,,-,99,0,1,0,0,0,0,1,0,0,"- ","- ",34.080169677734375,-118.09081268310547,"LOS ANGELES","SAN GABRIEL",-118.09075164794922,34.080154418945312
9599105,2023,2024-01-23,1913,2023-11-17,0809,4260,45,5,5,4,1913,0,0,0,,0,003,"W FOOTHILL BL","N MOUNTAIN AV",208.00,W,N,A,-,N,,,,,,,,,,N,3,0,1,2,B,-,22,,,N,D,G,A,A,H,-,A,A,0,,Y,,,Y,,L,04,0,1,0,0,0,0,1,0,0,"- ","- ",,,"LOS ANGELES",CLAREMONT,-117.72969818115234,34.106979370117188
9599581,2023,2023-07-25,1918,2023-05-05,0740,1223,,5,5,4,1918,0,0,0,,0,,"SEPULVEDA BL","CULVER BL",0.00,,Y,A,-,N,,,,,,,,,,N,4,0,1,2,A,-,05,21650,1,N,D,G,A,A,H,-,A,A,0,,Y,,,Y,,L,04,0,0,1,0,0,0,1,0,0,"- ","- ",34.004661560058594,-118.40982055664062,"LOS ANGELES","CULVER CITY",-118.41020202636719,34.004844665527344
9599931,2023,2023-07-31,1941,2023-06-18,1436,11546,WEST,7,5,7,1941,0,0,0,,0,003,"W 31ST ST","CHESTNUT AV",6.00,W,N,A,-,N,,,,,,,,,,N,2,0,1,2,A,-,12,22450,,N,H,G,A,A,H,-,A,D,0,,Y,,,Y,,A,01,1,0,0,0,0,0,1,0,0,"- ","- ",33.813468933105469,-118.19589996337891,"LOS ANGELES","LONG BEACH",-118.19593811035156,33.813468933105469
9600176,2023,2023-08-07,1900,2023-06-21,1239,648577,1368,3,5,5,1952,0,0,0,,0,136T1,"ADAMS ST","PARAMOUNT ST",0.00,,Y,A,-,N,,,,,,,,,,N,3,0,1,2,A,-,09,21802,A,N,D,G,A,A,H,-,A,D,0,,Y,,,Y,,D,22,0,1,0,0,0,0,1,0,0,"- ","- ",,,"LOS ANGELES",PARAMOUNT,-118.16018676757812,33.894817352294922
9600254,2023,2023-08-24,1900,2023-06-26,1321,653405,0530,1,5,5,1959,0,0,0,,0,53A/PM,"MISSION DR","ENCINITA AV",23.00,S,N,A,-,N,,,,,,,,,,N,3,0,1,2,A,-,05,21650,1,N,D,G,A,A,H,-,A,A,0,,Y,,,Y,,L,04,0,1,0,0,0,0,1,0,0,"- ","- ",34.082649230957031,-118.0677490234375,"LOS ANGELES",ROSEMEAD,-118.06757354736328,34.082504272460938
9600523,2023,2023-07-18,1931,2023-06-21,1101,5331,,3,5,5,1931,0,0,0,,0,,"FLORENCE AV","MARCONI ST",91.00,W,N,A,-,N,,,,,,,,,,N,3,0,1,2,A,-,08,22107,,N,D,G,A,A,H,-,A,A,0,,Y,,,Y,,L,04,0,1,0,0,0,0,1,0,0,"- ","- ",,,"LOS ANGELES","HUNTINGTON PARK",-118.21570587158203,33.973209381103516
9601021,2023,2023-08-08,1928,2023-07-04,1006,50415,520,2,5,5,1928,0,0,0,,0,503,"ROSECRANS AV","CORDARY AV",30.00,W,N,-,-,N,,,,,,,,,,Y,2,0,1,2,A,-,08,22107,,N,D,G,A,A,H,-,A,D,0,,Y,,,Y,,L,04,1,0,0,0,0,0,1,0,0,"- ","- ",33.901908874511719,-118.34178161621094,"LOS ANGELES",HAWTHORNE,-118.34181976318359,33.901908874511719
9601050,2023,2023-08-28,1900,2023-07-15,1950,617953,0541,6,5,3,1921,0,0,0,,0,58T1PM,"THREE RANCH RD","BUENA VISTA ST",2.00,E,N,A,-,N,,,,,,,,,,N,3,0,1,2,A,-,05,21650,1,N,D,G,A,A,H,-,B,A,0,,Y,,,Y,,L,04,0,1,0,0,0,0,1,0,0,"- ","- ",34.133159637451172,-117.97743988037109,"LOS ANGELES",DUARTE,-117.97754669189453,34.133140563964844
9601318,2023,2023-08-18,1900,2023-07-14,1730,652772,0617,5,5,6,1985,0,0,0,,0,61T1,"SIERRA HWY","RT 14",0.00,,Y,A,-,Y,LA,7,14,-,R,30.490,R,1,N,N,3,0,1,2,D,-,00,,,M,D,G,A,A,H,-,A,A,0,,Y,,,Y,Y,-,"- ",0,1,0,0,0,0,1,0,0,"- ",WF,34.407020568847656,-118.46240997314453,"LOS ANGELES","SANTA CLARITA",-118.46089935302734,34.399105072021484
9601547,2023,2023-09-08,1900,2023-06-18,2101,655591,1335,7,5,5,1908,0,0,0,,0,133T2,"CEDAR ST","LAKEWOOD BL",0.00,,Y,A,-,N,,,,,,,,,,N,4,0,1,2,D,-,00,,,N,D,G,A,A,H,-,C,A,0,,Y,,,Y,,-,"- ",0,0,1,0,0,0,1,0,0,"- ","- ",,,"LOS ANGELES",BELLFLOWER,-118.14257049560547,33.871086120605469
9601622,2023,2023-09-11,1941,2023-07-09,1534,10363,WEST,7,5,7,1941,0,0,0,,0,005,"E PACIFIC COAST HY","LEWIS AV",15.00,W,N,A,-,Y,LA,7,1,-,-,5.710,H,-,N,N,4,0,1,3,A,-,09,21804,A,N,D,G,A,A,H,-,A,D,0,,Y,,,Y,,L,04,0,0,1,0,0,0,1,0,0,"- ","- ",33.789859771728516,-118.79605102539062,"LOS ANGELES","LONG BEACH",-118.17974090576172,33.789913177490234
9601625,2023,2023-09-07,1900,2023-06-22,1906,643769,0331,4,5,4,1939,0,0,0,,0,35T1,"ROSECRANS AV","JEFFERSON AV",0.00,,Y,A,-,N,,,,,,,,,,N,4,0,1,2,A,-,04,21703,,N,G,G,A,A,H,-,A,A,0,,Y,,,Y,,A,07,0,0,1,0,0,0,1,0,0,"- ","- ",33.902061462402344,-118.34664916992188,"LOS ANGELES",LAWNDALE,-118.34671020507812,33.901912689208984
9601912,2023,2023-08-18,1900,2023-07-02,1320,648049,0263,7,5,4,1917,0,0,0,,0,26T,"ATLANTIC AV","CECILIA ST",0.00,,Y,A,-,N,,,,,,,,,,Y,4,0,1,2,A,-,03,22350,A,N,D,C,A,A,H,-,A,A,0,,Y,,Y,Y,,L,04,0,0,1,0,0,0,1,0,0,"- ","- ",,,"LOS ANGELES",CUDAHY,-118.18518829345703,33.958953857421875
9601985,2023,2023-08-09,1916,2023-07-10,1447,2936,E47C1,1,5,4,1916,0,0,0,,0,00E,"BARRANCA AV","SAN BERNARDINO RD",33.00,S,N,A,-,N,,,,,,,,,,N,3,0,1,2,A,-,11,21950,B,N,D,G,A,A,H,-,A,A,0,,Y,,,Y,,L,04,0,1,0,0,0,0,1,0,0,"- ","- ",34.090789794921875,-117.88133239746094,"LOS ANGELES",COVINA,-117.88134765625,34.0906982421875
9602030,2023,2023-08-08,1931,2023-07-10,1236,5349,1931,1,5,5,1931,0,0,0,,0,004,"FLORENCE AV","CEDAR ST",71.00,W,N,A,-,N,,,,,,,,,,N,4,0,1,2,A,-,08,22107,,N,C,G,A,A,H,-,A,D,0,,Y,Y,,Y,,L,04,0,0,1,0,0,0,1,0,0,"- ","- ",,,"LOS ANGELES","HUNTINGTON PARK",-118.21365356445312,33.972995758056641
9602564,2023,2023-08-16,1942,2023-07-26,1910,40972,1526,3,5,7,1942,0,0,0,O,0,26T37,"COLFAX AV","CALVERT ST",300.00,N,N,A,-,N,,,,,,,,,,N,3,0,1,2,A,-,01,21200,5,N,D,C,A,A,H,-,A,A,0,,Y,,,Y,Y,L,04,0,1,0,0,0,0,1,0,0,"- ","- ",,,"LOS ANGELES","LOS ANGELES",-118.38779449462891,34.182052612304688
9602802,2023,2023-12-18,1942,2023-07-07,1735,42487,1049,5,5,7,1942,0,0,0,J,0,10X98,"WOODLEY AV","VICTORY BL",45.00,S,N,A,-,,,,,,,,,,,N,3,0,1,2,A,-,08,22107,,F,D,-,A,A,H,-,A,D,0,,Y,,,Y,,A,01,0,1,0,0,0,0,1,0,0,"- ","- ",,,"LOS ANGELES","LOS ANGELES",-118.48365020751953,34.186496734619141
9602864,2023,2023-07-27,1900,2023-06-21,1626,658608,0244,3,5,3,1914,0,0,0,,0,27T,"WASHINGTON BL","ATLANTIC BL",0.00,,-,A,-,N,,,,,,,,,,N,3,0,1,2,A,-,05,21202,A,N,G,G,A,A,H,-,A,A,0,,Y,,,Y,,L,04,0,1,0,0,0,0,1,0,0,"- ","- ",,,"LOS ANGELES",COMMERCE,-118.16774749755859,34.003025054931641
9603026,2023,2024-01-02,1953,2023-07-18,1831,3553,1953,2,5,6,1953,0,0,0,,0,001,"CORDOVA ST","ARROYO PKWY",146.00,S,N,A,-,N,,,,,,,,,,N,3,0,1,2,A,-,09,21804,,F,G,G,A,A,H,-,A,D,0,,Y,,,Y,,A,01,0,1,0,0,0,0,1,0,0,"- ","- ",,,"LOS ANGELES",PASADENA,-118.14739990234375,34.142250061035156
9603028,2023,2024-01-02,1953,2023-07-15,1809,1515,1953,6,5,6,1953,0,0,0,,0,003,"MAPLE ST","CATALINA AV",0.00,,Y,A,-,N,,,,,,,,,,N,4,0,1,2,A,-,05,21650,,N,A,G,A,A,H,-,A,D,0,,Y,,,Y,,L,04,0,0,1,0,0,0,1,0,0,"- ","- ",,,"LOS ANGELES",PASADENA,-118.12947082519531,34.152336120605469
9603500,2023,2023-08-24,1900,2023-07-25,2100,640404,1366,2,5,5,1952,0,0,0,,0,136F1,"ALONDRA BL","GARFIELD AV",0.00,,Y,A,-,N,,,,,,,,,,N,4,0,1,2,D,-,00,,,N,D,G,A,-,H,-,C,A,0,,Y,,Y,Y,,-,"- ",0,0,1,0,0,0,1,0,0,"- ","- ",,,"LOS ANGELES",PARAMOUNT,-118.16879272460938,33.889102935791016
9604001,2023,2023-07-26,1933,2023-06-15,2215,41978,9999,4,5,6,1933,0,0,0,,0,27T31W,"LA CIENEGA BL","ARBOR VITAE ST",0.00,,Y,B,-,N,,,,,,,,,,N,3,0,1,2,A,-,12,21453,A,F,H,G,A,A,H,-,C,A,0,,Y,,,Y,,-,99,0,1,0,0,0,0,1,0,0,"- ","- ",,,"LOS ANGELES",INGLEWOOD,-118.37007141113281,33.952690124511719
9604198,2023,2023-11-17,1913,2023-08-02,1746,4256,90,3,5,4,1913,0,0,0,,0,002,"RT 10","S INDIAN HILL BL",2.00,E,N,A,-,Y,LA,7,10,-,-,47.856,R,1,W,N,3,0,1,2,A,-,21,22106,,N,D,G,A,A,H,-,A,A,0,,Y,,,Y,,A,01,0,1,0,0,0,0,1,0,0,WF,"- ",,,"LOS ANGELES",CLAREMONT,-117.71737670898438,34.081886291503906
9604365,2023,2024-03-01,1900,2023-10-09,1825,658343,1628,1,5,5,1977,0,0,0,,0,167T1,"CARSON ST","RT 405",0.00,,Y,A,-,Y,LA,7,405,-,-,10.587,R,1,N,N,4,0,1,2,A,-,21,22106,,N,D,G,A,A,H,-,A,A,0,,Y,,,Y,,A,01,0,0,1,0,0,0,1,0,0,"- ",SF,33.831588745117188,-118.25637054443359,"LOS ANGELES",CARSON,-118.25603485107422,33.831985473632812
9604419,2023,2023-08-17,1942,2023-07-23,1210,40165,1611,7,5,7,1942,0,0,0,P,0,26TL19,"LAUREL CANYON BL","RONALD REAGAN FWY",0.00,,Y,A,-,Y,LA,7,118,-,R,11.419,R,4,E,N,3,0,1,2,A,-,09,21453,B,F,D,G,A,A,H,-,A,A,0,,Y,,,Y,,-,99,0,1,0,0,0,0,1,0,0,"- ","- ",,,"LOS ANGELES","LOS ANGELES",-118.44399261474609,34.266494750976562
9604606,2023,2023-11-13,1976,2023-09-28,1340,546,,4,5,5,1976,0,0,0,,0,,"WHITTIER BL","MICHIGAN AV",0.00,,Y,A,-,Y,LA,7,72,-,-,3.227,I,5,N,N,4,0,1,2,A,-,09,21453,B,N,H,G,A,A,H,-,A,A,0,,Y,,,Y,,A,01,0,0,1,0,0,0,1,0,0,"- ","- ",,,"LOS ANGELES",WHITTIER,-118.026611328125,33.959659576416016
9605061,2023,2024-01-29,1900,2023-12-14,1556,519502,0523,4,5,4,1971,0,0,0,,0,52T1PM,"OLIVE ST","ENCINITA AV",2.00,E,N,A,-,N,,,,,,,,,,N,3,0,1,2,A,-,05,21650,1,N,D,G,A,A,H,-,A,A,0,,Y,,,Y,,L,04,0,1,0,0,0,0,1,0,0,"- ","- ",34.096668243408203,-118.06777954101562,"LOS ANGELES","TEMPLE CITY",-118.06787109375,34.096649169921875
9605155,2023,2024-02-22,1942,2023-12-24,2250,39409,1249,7,5,7,1942,0,0,0,L,0,18A63,"FIGUEROA ST","GAGE AV",0.00,,Y,A,-,N,,,,,,,,,,N,3,0,1,2,A,-,09,21801,A,F,B,G,A,A,H,-,C,A,0,,Y,,,Y,,L,04,0,1,0,0,0,0,1,0,0,"- ","- ",,,"LOS ANGELES","LOS ANGELES",-118.28266906738281,33.982379913330078
9605624,2023,2023-10-09,1942,2023-09-18,1030,40421,1352,1,5,7,1942,0,0,0,M,0,24T26W,"AVALON BL","VERNON AV",12.00,E,N,A,-,N,,,,,,,,,,N,2,0,1,2,A,-,09,21804,A,N,D,G,A,A,H,-,A,A,0,,Y,,Y,Y,,L,04,1,0,0,0,0,0,1,0,0,"- ","- ",,,"LOS ANGELES","LOS ANGELES",-118.26526641845703,34.003868103027344
9605641,2023,2023-10-03,1942,2023-08-28,1328,40024,0127,1,5,7,1942,0,0,0,A,0,24MQ53,"ALAMEDA ST","TEMPLE ST",0.00,,Y,A,-,N,,,,,,,,,,N,2,0,1,2,A,-,12,21453,A,N,D,G,A,A,D,-,A,D,0,,Y,,,Y,,A,01,1,0,0,0,0,0,1,0,0,"- ","- ",,,"LOS ANGELES","LOS ANGELES",-118.23805236816406,34.051105499267578
9606832,2023,2023-10-11,1941,2023-08-09,1917,11352,SOUTH,3,5,7,1941,0,0,0,,0,008,"E BROADWAY","ORANGE AV AND ESPERANZA AV",0.00,,N,A,-,N,,,,,,,,,,N,3,0,1,2,A,-,08,22107,,N,D,G,A,A,H,-,A,D,0,,Y,,,Y,,A,01,0,1,0,0,0,0,1,0,0,"- ","- ",33.768508911132812,-118.17562866210938,"LOS ANGELES","LONG BEACH",-118.17684173583984,33.768451690673828
9607158,2023,2023-09-21,1942,2023-08-02,2150,43913,1823,3,5,7,1942,0,0,0,R,0,25T39W,"103RD ST","AVALON BL",0.00,,Y,A,-,N,,,,,,,,,,Y,2,0,1,2,A,-,12,21453,A,N,D,G,A,A,H,-,C,A,0,,Y,,,Y,Y,L,04,1,0,0,0,0,0,1,0,0,"- ","- ",,,"LOS ANGELES","LOS ANGELES",-118.26518249511719,33.942852020263672
9607468,2023,2023-12-12,1900,2023-10-25,1930,628021,0815,3,5,4,1960,0,0,0,,0,81K2,"SAN DIMAS AV","COMMERCIAL ST",196.00,S,N,A,-,N,,,,,,,,,,N,3,0,1,2,A,-,08,22107,,N,H,G,A,A,D,-,B,A,0,,Y,,,Y,,L,04,0,1,0,0,0,0,1,0,0,"- ","- ",34.103988647460938,-117.80706024169922,"LOS ANGELES","SAN DIMAS",-117.80712890625,34.104103088378906
9607629,2023,2023-10-02,1953,2023-08-17,1919,8505,PASAD,4,5,6,1953,0,0,0,,0,001,"ROSEMONT AV","WASHINGTON BL",30.00,S,N,A,-,N,,,,,,,,,,N,3,0,2,2,A,-,08,22107,,N,B,-,A,A,H,-,-,D,0,,Y,,,Y,,-,"- ",0,1,1,0,0,0,2,0,0,"- ","- ",,,"LOS ANGELES",PASADENA,-118.16886138916016,34.174697875976562
9607643,2023,2023-09-25,1900,2023-08-28,1622,543338,0560,1,5,3,1968,0,0,0,,0,55T1PM,"GARVEY AV","HUMBERT AV",4.00,W,N,A,-,N,,,,,,,,,,N,3,0,1,2,A,-,09,21801,A,N,D,G,A,A,H,-,A,D,0,,Y,,,Y,,A,01,0,1,0,0,0,0,1,0,0,"- ","- ",34.062801361083984,-118.05789947509766,"LOS ANGELES","SOUTH EL MONTE",-118.05792236328125,34.062740325927734
9607964,2023,2023-09-27,1942,2023-08-16,1910,45439,0885,3,5,7,1942,0,0,0,H,0,8A95,"PUTNEY RD","ESTHER AV",80.00,N,N,A,-,N,,,,,,,,,,N,2,0,2,2,A,-,12,22450,A,N,A,G,A,A,H,-,A,D,0,,Y,,,Y,,L,04,1,1,0,0,0,0,2,0,0,"- ","- ",,,"LOS ANGELES","LOS ANGELES",-118.41900634765625,34.041145324707031
9608169,2023,2023-08-14,1900,2023-04-08,1810,643794,1332,6,5,5,1908,0,0,0,,0,133A,"CLARK AV","SOMERSET BL",0.00,,Y,A,-,N,,,,,,,,,,N,4,0,1,2,A,-,12,21453,,N,D,G,A,A,H,-,A,A,0,,Y,,,Y,,L,04,0,0,1,0,0,0,1,0,0,"- ","- ",,,"LOS ANGELES",BELLFLOWER,-118.13404846191406,33.896537780761719
9608214,2023,2023-09-13,1900,2023-06-26,1835,656409,1333,1,5,5,1908,0,0,0,,0,133A,"ALONDRA BL","MCNAB AV",118.00,W,N,A,-,N,,,,,,,,,,N,2,0,1,2,A,-,08,22107,,N,B,-,A,A,H,-,A,A,0,,Y,,,Y,,L,04,1,0,0,0,0,0,1,0,0,"- ","- ",,,"LOS ANGELES",BELLFLOWER,-118.11337280273438,33.888504028320312
9608449,2023,2023-08-15,1942,2023-07-08,1950,42863,1266,6,5,7,1942,0,0,0,L,0,25TL37,"81ST ST","VERMONT AV",160.00,W,N,A,-,N,,,,,,,,,,N,2,0,1,2,A,-,09,21804,A,F,D,G,A,A,H,-,A,D,0,,Y,,,Y,,L,04,1,0,0,0,0,0,1,0,0,"- ","- ",,,"LOS ANGELES","LOS ANGELES",-118.29236602783203,33.965469360351562
9608462,2023,2023-08-18,1942,2023-07-23,1545,42618,1454,7,5,7,1942,0,0,0,N,0,27T44,"BEETHOVEN ST","GREENE AV",55.00,S,N,A,-,N,,,,,,,,,,N,2,0,1,2,A,-,03,22350,,F,H,G,A,A,H,-,A,D,0,,Y,,,Y,,-,99,1,0,0,0,0,0,1,0,0,"- ","- ",,,"LOS ANGELES","LOS ANGELES",-118.43052673339844,33.987384796142578
9608474,2023,2023-08-29,1942,2023-07-14,0130,41957,1444,5,5,7,1942,0,0,0,N,0,27T33,"LINCOLN BL","JEFFERSON WY",0.00,,Y,A,-,Y,LA,7,1,-,-,30.163,I,5,S,N,2,0,1,2,A,-,03,22350,,F,H,G,A,A,H,-,C,A,0,,Y,,,Y,,-,99,1,0,0,0,0,0,1,0,0,"- ","- ",,,"LOS ANGELES","LOS ANGELES",-118.43041229248047,33.972042083740234
9608668,2023,2023-08-22,1900,2023-07-21,1716,646909,1366,5,5,5,1952,0,0,0,,0,136D,"ORANGE AV","MYRRH ST",200.00,S,N,A,-,N,,,,,,,,,,N,3,0,1,2,A,-,03,22350,,N,G,G,A,A,H,-,A,D,0,,Y,,,Y,,A,01,0,1,0,0,0,0,1,0,0,"- ","- ",,,"LOS ANGELES",PARAMOUNT,-118.17755126953125,33.892189025878906
9608670,2023,2023-08-22,1900,2023-07-02,1431,613235,1320,7,5,5,1935,0,0,0,,0,132T1,"SOUTH ST","HAYTER AV",240.00,W,N,A,-,N,,,,,,,,,,N,3,0,1,2,A,-,05,21202,A,N,D,G,A,-,H,-,A,D,0,,Y,,,Y,,L,04,0,1,0,0,0,0,1,0,0,"- ","- ",33.860378265380859,-118.14704132080078,"LOS ANGELES",LAKEWOOD,-118.14695739746094,33.860240936279297
9608845,2023,2023-08-25,1953,2023-08-14,1054,7601,1953,1,5,6,1953,0,0,0,,0,001,"LIDA ST","MACMINN DR",100.00,N,N,A,-,N,,,,,,,,,,N,3,0,1,1,A,-,03,22350,,N,H,J,A,A,H,-,A,A,0,,Y,,,Y,,L,04,0,1,0,0,0,0,1,0,0,"- ","- ",,,"LOS ANGELES",PASADENA,-118.18711090087891,34.171073913574219
9609251,2023,2023-08-29,1942,2023-06-25,2150,42901,0895,7,5,7,1942,0,0,0,H,0,27T33W,"NATIONAL BL","MANNING AV",0.00,,Y,A,-,N,,,,,,,,,,N,4,0,1,2,A,-,09,21801,A,F,H,G,A,A,H,-,C,A,0,,Y,,,Y,,-,99,0,0,1,0,0,0,1,0,0,"- ","- ",,,"LOS ANGELES","LOS ANGELES",-118.40283203125,34.030006408691406
9609475,2023,2023-09-08,1942,2023-08-20,1815,40008,0166,7,5,7,1942,0,0,0,A,0,24TL56,"S SAN PEDRO ST","EAST 6TH ST",150.00,S,N,B,C,N,,,,,,,,,,N,3,0,1,2,A,-,00,21760,B,F,B,G,A,B,H,-,B,D,0,,Y,,,Y,,-,99,0,1,0,0,0,0,1,0,0,"- ","- ",,,"LOS ANGELES","LOS ANGELES",-118.24553680419922,34.041915893554688
9609481,2023,2023-09-07,1942,2023-08-17,0958,36527,0271,4,5,7,1942,0,0,0,B,0,24MQ42,"JAME M WOOD BL","HOOVER ST",20.00,E,N,A,-,N,,,,,,,,,,N,2,0,1,2,A,-,12,21453,A,N,D,G,A,A,G,-,A,A,0,,Y,,,Y,,L,04,1,0,0,0,0,0,1,0,0,"- ","- ",,,"LOS ANGELES","LOS ANGELES",-118.28419494628906,34.055831909179688
9609740,2023,2023-08-29,1900,2023-08-11,1720,628017,2928,5,5,5,1990,0,0,0,,0,292K1,"WASHINGTON AV","BREA CANYON RD",280.00,E,N,A,-,N,,,,,,,,,,N,3,0,1,2,A,-,09,21804,A,N,H,G,A,A,H,-,A,D,0,,Y,,,Y,,I,11,0,1,0,0,0,0,1,0,0,"- ","- ",34.006538391113281,-117.84536743164062,"LOS ANGELES","DIAMOND BAR",-117.84561920166016,34.006481170654297
9609763,2023,2023-08-25,1928,2023-07-19,1647,50384,509,3,5,5,1928,0,0,0,,0,503,"EL SEGUNDO BL","CERISE AV E",0.00,,Y,A,-,N,,,,,,,,,,,3,0,1,2,A,-,07,21658,A,N,D,G,A,A,H,-,A,A,0,,Y,,,Y,,L,04,0,1,0,0,0,0,1,0,0,"- ","- ",33.916389465332031,-118.33226013183594,"LOS ANGELES",HAWTHORNE,-118.33251953125,33.916427612304688
9609810,2023,2023-09-29,1900,2023-06-26,1605,635395,2115,1,5,5,1943,0,0,0,,0,212E1,"LOUISE AV","SANBORN AV",131.00,N,N,A,-,N,,,,,,,,,,N,4,0,1,2,A,-,05,21202,A,N,D,G,A,A,H,-,A,D,0,,Y,,,Y,,L,04,0,0,1,0,0,0,1,0,0,"- ","- ",,,"LOS ANGELES",LYNWOOD,-118.18177032470703,33.922328948974609
9609961,2023,2023-08-17,1900,2023-07-11,0731,635346,0455,2,5,6,1949,0,0,0,,0,43T1D,"PIONEER BL","MAPLEDALE ST",0.00,,Y,A,-,N,,,,,,,,,,N,3,0,1,2,A,-,08,22107,,N,D,G,A,A,H,-,A,A,0,,Y,,,Y,,A,01,0,1,0,0,0,0,1,0,0,"- ","- ",,,"LOS ANGELES",NORWALK,-118.08280181884766,33.89849853515625
9610541,2023,2023-09-01,1976,2023-07-01,1300,410,,6,5,3,1964,0,0,0,,0,001,"WASHINGTON AV","DUTCHESS DR",139.00,E,N,A,-,N,,,,,,,,,,N,3,0,2,2,A,-,08,22107,,N,H,G,A,A,H,-,A,D,0,,Y,Y,,Y,,C,02,0,2,0,0,0,0,1,0,1,"- ","- ",,,"LOS ANGELES","SANTA FE SPRINGS",-118.07041168212891,33.971698760986328
9610554,2023,2023-09-01,1900,2023-07-31,1615,656785,2610,1,5,6,1950,0,0,0,,0,262T1,"10TH ST WEST","SIERRA COMMONS/AV MALL",0.00,,Y,A,-,N,,,,,,,,,,N,3,0,1,2,A,-,05,21202,A,N,A,G,A,A,H,-,A,A,0,,Y,,,Y,,L,04,0,1,0,0,0,0,1,0,0,"- ","- ",34.603618621826172,-118.14756011962891,"LOS ANGELES",PALMDALE,-121.58718109130859,39.508884429931641