CASE_ID,ACCIDENT_YEAR,PROC_DATE,JURIS,COLLISION_DATE,COLLISION_TIME,OFFICER_ID,REPORTING_DISTRICT,DAY_OF_WEEK,CHP_SHIFT,POPULATION,CNTY_CITY_LOC,SPECIAL_COND,BEAT_TYPE,CHP_BEAT_TYPE,CITY_DIVISION_LAPD,CHP_BEAT_CLASS,BEAT_NUMBER,PRIMARY_RD,SECONDARY_RD,DISTANCE,DIRECTION,INTERSECTION,WEATHER_1,WEATHER_2,STATE_HWY_IND,CALTRANS_COUNTY,CALTRANS_DISTRICT,STATE_ROUTE,ROUTE_SUFFIX,POSTMILE_PREFIX,POSTMILE,LOCATION_TYPE,RAMP_INTERSECTION,SIDE_OF_HWY,TOW_AWAY,COLLISION_SEVERITY,NUMBER_KILLED,NUMBER_INJURED,PARTY_COUNT,PRIMARY_COLL_FACTOR,PCF_CODE_OF_VIOL,PCF_VIOL_CATEGORY,PCF_VIOLATION,PCF_VIOL_SUBSECTION,HIT_AND_RUN,TYPE_OF_COLLISION,MVIW,PED_ACTION,ROAD_SURFACE,ROAD_COND_1,ROAD_COND_2,LIGHTING,CONTROL_DEVICE,CHP_ROAD_TYPE,PEDESTRIAN_ACCIDENT,BICYCLE_ACCIDENT,MOTORCYCLE_ACCIDENT,TRUCK_ACCIDENT,NOT_PRIVATE_PROPERTY,ALCOHOL_INVOLVED,STWD_VEHTYPE_AT_FAULT,CHP_VEHTYPE_AT_FAULT,COUNT_SEVERE_INJ,COUNT_VISIBLE_INJ,COUNT_COMPLAINT_PAIN,COUNT_PED_KILLED,COUNT_PED_INJURED,COUNT_BICYCLIST_KILLED,COUNT_BICYCLIST_INJURED,COUNT_MC_KILLED,COUNT_MC_INJURED,PRIMARY_RAMP,SECONDARY_RAMP,LATITUDE,LONGITUDE,COUNTY,CITY,POINT_X,POINT_Y
9611076,2023,2023-11-17,1900,2023-09-06,1820,543272,1327,3,5,5,1935,0,0,0,,0,132T1,"CARSON ST","NECTAR AV",98.00,E,N,A,-,N,,,,,,,,,,N,4,0,1,2,A,-,08,22107,,N,D,G,A,A,H,-,A,D,0,,Y,,,Y,,A,01,0,0,1,0,0,0,1,0,0,"- ","- ",,,"LOS ANGELES",LAKEWOOD,-118.087646484375,33.831501007080078
9611347,2023,2023-10-04,1913,2023-07-18,2031,4252,41,2,5,4,1913,0,0,0,,0,003,FOOTHILL,"MOUNTAIN AV",188.00,W,N,A,-,N,,,,,,,,,,N,4,0,1,2,A,-,08,22107,,N,D,G,A,A,H,-,C,D,0,,Y,,,Y,,A,07,0,0,1,0,0,0,1,0,0,"- ","- ",,,"LOS ANGELES",CLAREMONT,-117.72962951660156,34.106979370117188
9611531,2023,2023-09-01,1906,2023-08-07,1807,4452,,1,5,5,1906,0,0,0,,0,002,"JOANBRIDGE ST","BLEEKER AV",496.00,W,N,A,-,N,,,,,,,,,,N,4,0,1,2,A,-,08,22107,,F,B,G,A,A,H,-,A,D,0,,Y,,,Y,,-,"- ",0,0,1,0,0,0,1,0,0,"- ","- ",,,"LOS ANGELES","BALDWIN PARK",-117.95668792724609,34.105575561523438
9612007,2023,2023-09-14,1929,2023-08-22,1838,246,1929,2,5,3,1929,0,0,0,,0,001,"10TH ST","MANHATTAN AV",10.00,W,N,A,-,N,,,,,,,,,,,4,0,1,2,A,-,10,21950,C,N,D,G,A,A,H,-,A,A,0,,Y,,,Y,,D,22,0,0,1,0,0,0,1,0,0,"- ","- ",33.860858917236328,-118.39866638183594,"LOS ANGELES","HERMOSA BEACH",-118.39873504638672,33.860885620117188
9612356,2023,2023-09-18,1900,2023-05-13,1029,641155,1320,6,5,5,1935,0,0,0,,0,132T1,"ACACIA LN","SOUTH ST",0.00,,Y,A,-,N,,,,,,,,,,N,4,0,1,2,A,-,09,21804,A,N,-,G,A,A,H,-,A,D,0,,Y,,,Y,,A,07,0,0,1,0,0,0,1,0,0,"- ","- ",,,"LOS ANGELES",LAKEWOOD,-118.15644073486328,33.860092163085938
9612966,2023,2023-09-05,1942,2023-08-14,1230,42118,1361,1,5,7,1942,0,0,0,M,0,24TL27,"51ST ST","MAIN ST",200.00,W,N,A,-,N,,,,,,,,,,N,3,0,1,2,A,-,05,21651,A,F,G,B,D,A,H,-,A,D,0,Y,Y,,,Y,,L,04,0,1,0,0,1,0,0,0,0,"- ","- ",,,"LOS ANGELES","LOS ANGELES",-118.27462768554688,33.996490478515625
9612990,2023,2023-09-05,1942,2023-08-20,2010,42633,1881,7,5,7,1942,0,0,0,R,0,25T31,"W REDONDO BEACH BL","S FIGUEROA ST",51.00,E,N,C,-,N,,,,,,,,,,N,2,0,1,2,A,-,12,21453,A,F,H,G,A,B,H,-,C,A,0,,Y,,,Y,,L,04,1,0,0,0,0,0,1,0,0,"- ","- ",,,"LOS ANGELES","LOS ANGELES",-118.28288269042969,33.892719268798828
9613552,2023,2023-09-05,1956,2023-07-21,1651,1384,35,5,5,5,1956,0,0,0,,0,003,"STANFORD AV","AVIATION BL",6.00,N,N,A,-,N,,,,,,,,,,,4,0,1,2,A,-,03,22350,,N,D,G,A,A,H,-,A,A,0,,Y,,,Y,,L,04,0,0,1,0,0,0,1,0,0,"- ","- ",,,"LOS ANGELES","REDONDO BEACH",-118.38609313964844,33.865913391113281
9613705,2023,2023-08-24,1942,2023-07-29,2245,40726,0321,6,5,7,1942,0,0,0,C,0,25MX85,"LA BREA AV","OBAMA BL",20.00,N,N,A,-,N,,,,,,,,,,N,3,0,1,2,A,-,03,22350,,F,C,G,A,A,H,-,C,D,0,,Y,,,Y,,-,99,0,1,0,0,0,0,1,0,0,"- ","- ",,,"LOS ANGELES","LOS ANGELES",-118.35561370849609,34.021583557128906
9614627,2023,2023-10-04,1942,2023-07-20,0010,39151,1243,4,5,7,1942,0,0,0,L,0,25T37,"WESTERN AV","GAGE AV",90.00,N,N,A,-,N,,,,,,,,,,N,3,0,1,2,A,-,00,21760,B,F,B,G,A,A,H,-,C,D,0,,Y,,,Y,,-,99,0,1,0,0,0,0,1,0,0,"- ","- ",,,"LOS ANGELES","LOS ANGELES",-118.30896759033203,33.98260498046875
9614736,2023,2023-10-19,1972,2023-09-04,1833,21239,,1,5,6,1972,0,0,0,,0,,"LOMITA BL","ANZA AV",0.00,,Y,A,-,N,,,,,,,,,,N,4,0,1,2,A,-,09,21453,B,N,D,G,A,A,H,-,A,A,0,,Y,,,Y,,A,,0,0,1,0,0,0,1,0,0,"- ","- ",,,"LOS ANGELES",TORRANCE,-118.35991668701172,33.820415496826172
9615264,2023,2023-08-31,1956,2023-07-27,2055,1360,58,4,5,5,1956,0,0,0,,0,004,"AVIATION BL","FARRELL AV",0.00,,Y,A,-,N,,,,,,,,,,N,4,0,1,2,A,-,11,21954,A,N,D,G,A,A,H,-,C,D,0,,Y,,,Y,,L,04,0,0,1,0,0,0,1,0,0,"- ","- ",33.883739471435547,-118.37860870361328,"LOS ANGELES","REDONDO BEACH",-118.37860870361328,33.883712768554688
9615279,2023,2023-08-31,1970,2023-07-05,0906,223,SPB2,3,5,4,1970,0,0,0,,0,002,"MISSION ST","STRATFORD AV",0.00,,Y,A,-,N,,,,,,,,,,N,3,0,1,2,A,-,09,21801,A,N,D,G,A,A,H,-,A,D,0,,Y,,,Y,,A,01,0,1,0,0,0,0,1,0,0,"- ","- ",,,"LOS ANGELES","SOUTH PASADENA",-118.14613342285156,34.115554809570312
9615413,2023,2023-09-11,1942,2023-07-19,2025,42720,1259,3,5,7,1942,0,0,0,L,0,25T35W,"79TH ST","TOWNE AV",0.00,,Y,A,-,N,,,,,,,,,,N,2,0,1,2,A,-,12,22450,A,N,D,G,A,A,H,-,C,D,0,,Y,,,Y,,-,99,1,0,0,0,0,0,1,0,0,"- ","- ",,,"LOS ANGELES","LOS ANGELES",-118.26734924316406,33.967376708984375
9615688,2023,2023-09-29,1942,2023-08-18,1455,44035,0749,5,5,7,1942,0,0,0,G,0,27TL44,"OLYMPIC BL","WINDSOR BL",0.00,,Y,A,-,N,,,,,,,,,,N,2,0,1,2,A,-,09,21804,A,N,H,G,A,A,H,-,A,A,0,,Y,,,Y,,L,04,1,0,0,0,0,0,1,0,0,"- ","- ",,,"LOS ANGELES","LOS ANGELES",-118.32569122314453,34.055000305175781
9615701,2023,2023-09-29,1942,2023-08-09,1715,42720,1803,3,5,7,1942,0,0,0,R,0,25T35W,"87TH PL","CROCKER ST",30.00,E,N,A,-,N,,,,,,,,,,N,2,0,1,2,A,-,05,21650,,F,A,G,A,A,H,-,A,D,0,,Y,,,Y,,-,99,1,0,0,0,0,0,1,0,0,"- ","- ",,,"LOS ANGELES","LOS ANGELES",-118.26795196533203,33.958061218261719
9615951,2023,2023-09-27,1941,2023-08-21,1429,11530,NORTH,1,5,7,1941,0,0,0,,0,020,"E CARSON ST","E CARSON ST 2270",0.00,,N,A,-,N,,,,,,,,,,N,2,0,1,2,A,-,05,21650,,N,D,G,A,A,H,-,A,D,0,,Y,,,Y,,L,04,1,0,0,0,0,0,1,0,0,"- ","- ",33.832061767578125,-118.16443634033203,"LOS ANGELES","LONG BEACH",-118.11487579345703,33.832225799560547
9616199,2023,2023-10-17,1910,2023-08-31,1403,04971,,4,5,4,1910,0,0,0,,0,006,"W N SANTA MONICA BL","FOOTHILL RD",50.00,E,N,A,-,N,,,,,,,,,,N,4,0,1,2,A,-,03,22350,,N,B,G,A,A,H,-,A,D,0,,Y,,,Y,,L,04,0,0,1,0,0,0,1,0,0,"- ","- ",34.075321197509766,-118.39848327636719,"LOS ANGELES","BEVERLY HILLS",-118.39847564697266,34.075229644775391
9616222,2023,2023-11-03,1929,2023-09-25,1646,201,1929,1,5,3,1929,0,0,0,,0,003,"PACIFIC COAST HWY","1ST PL",0.00,,Y,A,-,Y,LA,7,1,-,-,20.701,I,5,S,N,4,0,1,2,A,-,08,22107,,N,A,G,A,A,H,-,A,D,0,,Y,,,Y,,D,22,0,0,1,0,0,0,1,0,0,"- ","- ",33.855850219726562,-118.39051818847656,"LOS ANGELES","HERMOSA BEACH",-118.39055633544922,33.855804443359375
9616541,2023,2023-10-16,1941,2023-06-27,1151,11831,EAS,2,5,7,1941,0,0,0,,0,013,"EAST PACIFIC COAST HWY","CHANNEL DR",0.00,,Y,A,-,Y,LA,7,1,-,-,1.710,H,-,S,N,3,0,1,2,A,-,07,21658,A,N,A,J,A,A,H,-,A,D,0,,Y,,,Y,,A,01,0,1,0,0,0,0,1,0,0,"- ","- ",33.77294921875,-118.11952972412109,"LOS ANGELES","LONG BEACH",-118.11920928955078,33.772525787353516
9616599,2023,2023-10-06,1942,2023-09-08,1104,45052,1453,5,5,7,1942,0,0,0,N,0,14A45,"SHORT AV","MOORE ST",5.00,E,N,A,-,N,,,,,,,,,,N,3,0,1,2,A,-,17,21208,B,N,H,G,A,A,H,-,A,D,0,,Y,,,Y,,L,04,0,1,0,0,0,0,1,0,0,"- ","- ",,,"LOS ANGELES","LOS ANGELES",-118.43088531494141,33.989208221435547
9616885,2023,2023-10-11,1929,2023-09-14,1808,241,1929,4,5,3,1929,0,0,0,,0,001,"ARDMORE AV","11TH ST",36.00,S,N,A,-,N,,,,,,,,,,N,3,0,1,2,A,-,03,22350,,N,C,G,A,A,H,-,A,A,0,,Y,,,Y,,L,04,0,1,0,0,0,0,1,0,0,"- ","- ",33.862739562988281,-118.39459228515625,"LOS ANGELES","HERMOSA BEACH",-118.39455413818359,33.862674713134766
9618474,2023,2024-03-09,1941,2023-09-10,1439,10968,WEST,7,5,7,1941,0,0,0,,0,005,"E 19TH ST","MARTIN LUTHER KING JR AV",0.00,,Y,A,-,N,,,,,,,,,,N,3,0,1,2,D,-,00,,,N,A,G,A,A,H,-,A,D,0,,Y,,,Y,,-,"- ",0,1,0,0,0,0,1,0,0,"- ","- ",33.791259765625,-118.18067932128906,"LOS ANGELES","LONG BEACH",-118.1806640625,33.791282653808594
9618478,2023,2024-03-09,1900,2023-09-04,1730,642730,1351,1,5,3,1927,0,0,0,,0,135B,"NORWALK BL","223RD ST",0.00,,Y,A,-,N,,,,,,,,,,N,4,0,1,2,D,-,00,,,M,D,G,A,A,H,-,A,A,0,,Y,,,Y,,-,"- ",0,0,1,0,0,0,1,0,0,"- ","- ",,,"LOS ANGELES","HAWAIIAN GARDENS",-118.07192993164062,33.82598876953125
9618897,2023,2023-12-13,1900,2023-09-20,0850,636542,0976,3,5,4,1979,0,0,0,,0,92A,"SANTA MONICA BL","ORLANDO AV",55.00,N,N,A,-,N,,,,,,,,,,N,2,0,1,2,D,-,00,,,N,B,G,A,A,D,-,A,D,0,,Y,,,Y,,-,"- ",1,0,0,0,0,0,1,0,0,"- ","- ",34.09075927734375,-118.373291015625,"LOS ANGELES","WEST HOLLYWOOD",-118.37300872802734,34.090667724609375
9619146,2023,2023-12-18,1942,2023-07-19,2130,41773,0667,3,5,7,1942,0,0,0,F,0,6A67,"LELAND WY","VINE ST",100.00,E,N,A,-,N,,,,,,,,,,N,3,0,1,2,A,-,08,22107,,N,D,G,A,A,H,-,C,D,0,,Y,,,Y,,L,04,0,1,0,0,0,0,1,0,0,"- ","- ",,,"LOS ANGELES","LOS ANGELES",-118.32630920410156,34.097038269042969
9619155,2023,2023-12-18,1942,2023-06-03,1052,34959,0678,6,5,7,1942,0,0,0,F,0,27TL23,"WESTERN AV","MELROSE AV",0.00,,Y,A,-,N,,,,,,,,,,N,3,0,1,2,A,-,12,21453,A,F,H,G,A,A,H,-,A,A,0,,Y,,,Y,,-,99,0,1,0,0,0,0,1,0,0,"- ","- ",,,"LOS ANGELES","LOS ANGELES",-118.30912780761719,34.083511352539062
9619165,2023,2023-12-21,1942,2023-05-13,1950,42277,0625,6,5,7,1942,0,0,0,F,0,27T31,"CAHUENGA BL","HILLPARK DR",190.00,N,N,A,-,N,,,,,,,,,,N,4,0,1,1,A,-,03,22350,,N,H,J,A,A,G,-,A,A,0,,Y,,,Y,,L,04,0,0,1,0,0,0,1,0,0,"- ","- ",,,"LOS ANGELES","LOS ANGELES",-118.33805084228516,34.117664337158203
9619284,2023,2024-01-04,1931,2023-11-28,2140,5326,1931,2,5,5,1931,0,0,0,,0,003,"MALABAR ST","FLORENCE AV",8.00,N,N,A,-,N,,,,,,,,,,N,4,0,1,2,A,-,05,21650,1,F,D,G,A,A,H,-,C,A,0,,Y,,,Y,,L,04,0,0,1,0,0,0,1,0,0,"- ","- ",,,"LOS ANGELES","HUNTINGTON PARK",-118.22776031494141,33.974491119384766
9619602,2023,2023-12-30,1941,2023-01-20,1541,11365,1,5,5,7,1941,0,0,0,,0,008,"3RD ST","ALAMO CT",0.00,,Y,F,-,N,,,,,,,,,,,3,0,1,2,A,-,09,21804,A,F,D,G,A,A,H,-,A,D,0,,Y,,,Y,,D,22,0,1,0,0,0,0,1,0,0,"- ","- ",33.7724609375,-118.19969940185547,"LOS ANGELES","LONG BEACH",-118.18831634521484,33.770511627197266
9619889,2023,2023-12-27,1900,2023-09-11,1445,625912,1322,1,5,5,1935,0,0,0,,0,132T1,"CLARK AV","HEDDA ST",0.00,,Y,A,-,N,,,,,,,,,,N,4,0,1,2,A,-,08,22107,A,M,D,G,A,A,H,-,A,A,0,,Y,,,Y,,A,01,0,0,1,0,0,0,1,0,0,"- ","- ",,,"LOS ANGELES",LAKEWOOD,-118.13381195068359,33.864147186279297
9620019,2023,2024-02-27,1972,2023-12-02,1702,21947,,6,5,6,1972,0,0,0,,0,,"PALOS VERDES BL","CALLE MIRAMAR",800.00,N,N,A,-,N,,,,,,,,,,N,3,0,2,2,A,-,05,21650,,N,A,G,A,A,H,-,B,D,0,,Y,Y,,Y,,L,,0,1,1,0,0,0,1,0,1,"- ","- ",,,"LOS ANGELES",TORRANCE,-118.38687896728516,33.813434600830078
9620741,2023,2023-10-23,1900,2023-09-29,1315,548796,1321,5,5,5,1935,0,0,0,,0,132T1,"BELLFLOWER BL","SOUTH ST",75.00,S,N,A,-,N,,,,,,,,,,N,3,0,1,2,A,-,05,21650,1,N,D,G,A,A,H,-,A,D,0,,Y,,,Y,,L,04,0,1,0,0,0,0,1,0,0,"- ","- ",33.859870910644531,-118.12510681152344,"LOS ANGELES",LAKEWOOD,-118.12516021728516,33.860122680664062
9620746,2023,2023-10-23,1900,2023-09-24,0600,616065,1323,7,5,5,1935,0,0,0,,0,132BE,"MAYBANK AV","CARSON ST",0.00,,Y,A,-,N,,,,,,,,,,N,3,0,1,2,A,-,12,22450,A,M,D,G,A,A,H,-,C,A,0,,Y,,,Y,,A,08,0,1,0,0,0,0,1,0,0,"- ","- ",,,"LOS ANGELES",LAKEWOOD,-118.1610107421875,33.832477569580078
9620867,2023,2023-10-23,1944,2023-09-18,2040,391,M13,1,5,4,1944,0,0,0,,0,0M2,"ARDMORE AV","19TH ST",20.00,S,N,A,-,N,,,,,,,,,,N,3,0,1,2,A,-,08,22107,,N,C,G,A,A,H,-,C,D,0,,Y,,,Y,,L,04,0,1,0,0,0,0,1,0,0,"- ","- ",33.891120910644531,-118.40933990478516,"LOS ANGELES","MANHATTAN BEACH",-118.40938568115234,33.891159057617188
9621057,2023,2024-02-24,1900,2023-10-03,0332,643822,1335,2,5,5,1908,0,0,0,,0,136A,"DOWNEY AV","69TH ST",100.00,S,N,A,-,N,,,,,,,,,,N,2,0,1,2,A,-,07,21658,A,M,C,G,A,A,H,-,C,D,0,,Y,,,Y,,L,04,1,0,0,0,0,0,1,0,0,"- ","- ",,,"LOS ANGELES",BELLFLOWER,-118.15129852294922,33.879886627197266
9621206,2023,2023-11-30,1900,2023-10-13,1635,551881,1412,5,5,1,1932,0,0,0,,0,141T5,"TEMPLE AV","BALDWIN PARK BL",1605.00,W,N,A,-,N,,,,,,,,,,N,2,0,1,2,A,-,09,21804,A,N,D,G,A,A,H,-,A,A,0,,Y,,,Y,,A,07,1,0,0,0,0,0,1,0,0,"- ","- ",34.059249877929688,-117.99629974365234,"LOS ANGELES",INDUSTRY,-117.99620819091797,34.059158325195312
9621354,2023,2023-11-16,1906,2023-10-17,1648,4461,,2,5,5,1906,0,0,0,,0,003,"RAMONA BL","DOWNING AV",78.00,W,N,A,-,N,,,,,,,,,,N,3,0,1,2,A,-,05,21202,,N,D,G,A,A,H,-,A,A,0,,Y,,,Y,,L,04,0,1,0,0,0,0,1,0,0,"- ","- ",,,"LOS ANGELES","BALDWIN PARK",-117.95668792724609,34.087604522705078
9621550,2023,2023-11-17,1900,2023-09-27,2121,638935,1368,3,5,5,1952,0,0,0,,0,136D,"ADAMS ST","GEORGIA AV",6.00,S,N,A,-,N,,,,,,,,,,N,3,0,1,2,A,-,03,22350,,F,G,B,A,A,H,-,C,D,0,,Y,,,Y,Y,A,01,0,1,0,0,0,0,1,0,0,"- ","- ",,,"LOS ANGELES",PARAMOUNT,-118.1561279296875,33.894828796386719
9621582,2023,2023-11-29,1976,2023-10-20,0727,593,,5,5,3,1964,0,0,0,,0,002,"FLORENCE AV","ORR AND DAY RD",0.00,,Y,A,-,N,,,,,,,,,,N,3,0,1,2,A,-,12,21453,A,M,H,G,A,A,H,-,A,A,0,,Y,,,Y,,L,04,0,1,0,0,0,0,1,0,0,"- ","- ",,,"LOS ANGELES","SANTA FE SPRINGS",-118.09062957763672,33.935382843017578
9621762,2023,2023-10-26,1928,2023-09-16,1550,50435,505,6,5,5,1928,0,0,0,,0,502,"IMPERIAL HWY","HAWTHORNE BL",0.00,,Y,B,-,N,,,,,,,,,,Y,2,0,1,2,A,-,12,21453,A,N,D,G,A,A,H,-,A,A,0,,Y,,,Y,Y,L,04,1,0,0,0,0,0,1,0,0,"- ","- ",33.930938720703125,-118.35256958007812,"LOS ANGELES",HAWTHORNE,-118.35270690917969,33.930961608886719
9621775,2023,2023-09-28,1900,2023-08-30,1015,532039,1264,3,5,3,1991,0,0,0,,0,121T1,"BERKSHIRE AV","OAKWOOD AV",0.00,,Y,-,-,N,,,,,,,,,,N,3,0,1,2,A,-,09,21801,A,N,D,G,A,A,H,-,A,D,0,,Y,,,Y,,A,01,0,1,0,0,0,0,1,0,0,"- ","- ",34.193550109863281,-118.19394683837891,"LOS ANGELES","LA CANADA-FLINTRIDGE",-118.19389343261719,34.193492889404297
9621806,2023,2023-10-18,1910,2023-09-29,1657,03494,,5,5,4,1910,0,0,0,,0,005,"WILSHIRE BL","SPALDING DR",32.00,E,N,A,-,N,,,,,,,,,,N,3,0,1,2,A,-,08,22107,,N,B,G,A,A,H,-,A,D,0,,Y,,,Y,,I,20,0,1,0,0,0,0,1,0,0,"- ","- ",34.067001342773438,-118.40872192382812,"LOS ANGELES","BEVERLY HILLS",-118.4088134765625,34.067081451416016
9622407,2023,2023-11-02,1900,2023-09-14,1920,658608,0246,4,5,3,1914,0,0,0,,0,27T,"SLAUSON AV","EASTERN AV",0.00,,Y,A,-,N,,,,,,,,,,N,4,0,1,2,A,-,12,21453,,N,G,G,A,A,H,-,B,A,0,,Y,,,Y,,L,04,0,0,1,0,0,0,1,0,0,"- ","- ",,,"LOS ANGELES",COMMERCE,-118.16213226318359,33.985790252685547
9622448,2023,2023-12-13,1909,2023-10-17,1752,632,1909,2,5,4,1909,0,0,0,,0,NORTH,"LOVELAND ST","PERRY RD",0.00,,Y,A,-,N,,,,,,,,,,N,4,0,1,2,A,-,12,22450,A,N,G,G,A,A,H,-,A,D,0,,Y,,,Y,,L,04,0,0,1,0,0,0,1,0,0,"- ","- ",,,"LOS ANGELES","BELL GARDENS",-118.14652252197266,33.969150543212891
9622571,2023,2023-11-29,1900,2023-10-16,0730,635564,0454,1,5,6,1949,0,0,0,,0,43K3,"SAN ANTONIO DR","WALNUT ST",0.00,,Y,A,-,N,,,,,,,,,,Y,2,0,1,2,A,-,03,22350,,N,B,G,A,A,H,-,A,D,0,,Y,,,Y,,A,01,1,0,0,0,0,0,1,0,0,"- ","- ",,,"LOS ANGELES",NORWALK,-118.07859802246094,33.905887603759766
9623456,2023,2024-02-01,1900,2023-11-06,0657,660059,1155,1,5,6,1992,0,0,0,,0,112T2,"AVENUE K","13TH ST",26.00,W,N,A,-,N,,,,,,,,,,N,3,0,1,3,A,-,07,21658,A,M,D,-,A,A,H,-,A,D,0,,Y,,,Y,,L,04,0,1,0,0,0,0,1,0,0,"- ","- ",,,"LOS ANGELES",LANCASTER,-118.15415954589844,34.674858093261719
9624239,2023,2023-11-13,1942,2023-09-29,0115,39360,1273,5,5,7,1942,0,0,0,L,0,25T31-,"MANCHESTER AV","WILTON PL",80.00,W,N,A,-,Y,,,,,,,,,,N,1,1,0,2,A,-,09,21802,A,N,D,G,A,A,H,-,C,A,0,,Y,,,Y,,L,04,0,0,0,0,0,1,0,0,0,"- ","- ",,,"LOS ANGELES","LOS ANGELES",-118.31532287597656,33.959949493408203
9624287,2023,2023-10-02,1902,2023-08-25,0820,825,30,5,5,5,1902,0,0,0,,0,005,"W LONGDEN AV","EL MONTE AV",175.00,W,N,A,-,N,,,,,,,,,,N,3,0,1,2,A,-,05,21650,,N,D,-,A,A,H,-,A,D,0,,Y,,,Y,,L,04,0,1,0,0,0,0,1,0,0,"- ","- ",,,"LOS ANGELES",ARCADIA,-118.03891754150391,34.114273071289062
9624891,2023,2023-09-26,1953,2023-08-30,0747,3775,1953,3,5,6,1953,0,0,0,,0,001,"ROSEMONT AV","ROSE BOWL DR",800.00,N,N,A,-,N,,,,,,,,,,N,3,0,1,2,A,-,08,22102,,N,B,G,A,A,H,-,A,A,0,,Y,,,Y,,A,01,0,1,0,0,0,0,1,0,0,"- ","- ",,,"LOS ANGELES",PASADENA,-118.1666259765625,34.165172576904297
9624961,2023,2023-09-21,1900,2023-08-17,2130,611176,2610,4,5,6,1950,0,0,0,,0,263T1,"PALMDALE BL","12TH ST EAST",0.00,,Y,A,-,Y,LA,7,138,-,-,44.941,I,5,E,Y,3,0,1,2,A,-,05,21650,1,N,G,G,A,A,H,-,C,A,0,,Y,,,Y,,L,04,0,1,0,0,0,0,1,0,0,"- ","- ",34.579460144042969,-118.10752868652344,"LOS ANGELES",PALMDALE,-118.10749816894531,34.579547882080078
9625120,2023,2023-10-06,1942,2023-08-13,2045,37839,1494,7,5,7,1942,0,0,0,N,0,14ZL94,"IMPERIAL HWY","SEPULVEDA BL",0.00,,Y,A,-,Y,LA,7,1,-,-,25.921,I,5,N,N,3,0,2,3,A,-,05,21650,1,F,H,G,A,-,H,-,C,A,0,,Y,,,Y,,L,04,0,2,0,0,0,0,2,0,0,"- ","- ",,,"LOS ANGELES","LOS ANGELES",-118.39602661132812,33.931064605712891
9625838,2023,2023-10-17,1942,2023-09-13,1925,42633,0317,3,5,7,1942,0,0,0,C,0,25731,"S VERMONT AV","W ADAMS BL",10.00,S,N,A,-,N,,,,,,,,,,N,2,0,1,2,A,-,05,21650,1,F,A,G,A,A,H,-,B,A,0,,Y,,,Y,,L,04,1,0,0,0,0,0,1,0,0,"- ","- ",,,"LOS ANGELES","LOS ANGELES",-118.29155731201172,34.032722473144531
9625846,2023,2023-10-06,1909,2023-09-02,1309,623,1909,6,5,4,1909,0,0,0,,0,NORTH,"GAGE AV","AGRA ST",79.00,E,N,A,-,N,,,,,,,,,,N,4,0,1,2,A,-,05,21650,1,N,D,G,A,A,H,-,A,D,0,,Y,,,Y,,L,04,0,0,1,0,0,0,1,0,0,"- ","- ",33.972469329833984,-118.13294219970703,"LOS ANGELES","BELL GARDENS",-118.13271331787109,33.972499847412109
9625856,2023,2023-10-06,1938,2023-09-11,1554,1132,,1,5,4,1938,0,0,0,,0,003,"BONITA AV","D ST",136.00,E,N,A,-,N,,,,,,,,,,N,3,0,1,2,A,-,08,22107,,N,D,G,A,A,H,-,A,D,0,,Y,,,Y,,A,07,0,1,0,0,0,0,1,0,0,"- ","- ",34.101490020751953,-117.76979827880859,"LOS ANGELES","LA VERNE",-117.76937103271484,34.101413726806641
9626093,2023,2023-10-11,1942,2023-08-31,1730,37653,2159,4,5,7,1942,0,0,0,,0,10A17,"VICTORY BL","CORBIN AV",0.00,W,N,A,-,N,,,,,,,,,,N,2,0,1,2,D,-,00,,,F,H,G,A,A,H,-,A,D,0,,Y,,,Y,,-,"- ",1,0,0,0,0,0,1,0,0,"- ","- ",,,"LOS ANGELES","LOS ANGELES",-118.56221008300781,34.186580657958984
9626147,2023,2023-10-03,1942,2023-01-22,0122,42624,0646,7,5,7,1942,0,0,0,F,0,27T35,"SCHRADER BL","SELMA AV",190.00,N,N,A,-,N,,,,,,,,,,N,4,0,1,2,A,-,05,21460,,N,H,G,A,A,H,-,C,A,0,,Y,,,Y,,L,04,0,0,1,0,0,0,1,0,0,"- ","- ",,,"LOS ANGELES","LOS ANGELES",-118.33245849609375,34.10028076171875
9626158,2023,2024-01-09,1900,2023-04-16,2014,643769,0331,7,5,4,1939,0,0,0,,0,35T1,"PRAIRIE AV","ROSECRANS AV",14.00,N,N,A,-,N,,,,,,,,,,N,4,0,1,2,A,-,09,21453,B,N,B,-,A,A,H,-,C,A,0,,Y,,,Y,,A,01,0,0,1,0,0,0,1,0,0,"- ","- ",33.902061462402344,-118.34400177001953,"LOS ANGELES",LAWNDALE,-118.3438720703125,33.901947021484375