CASE_ID,ACCIDENT_YEAR,PROC_DATE,JURIS,COLLISION_DATE,COLLISION_TIME,OFFICER_ID,REPORTING_DISTRICT,DAY_OF_WEEK,CHP_SHIFT,POPULATION,CNTY_CITY_LOC,SPECIAL_COND,BEAT_TYPE,CHP_BEAT_TYPE,CITY_DIVISION_LAPD,CHP_BEAT_CLASS,BEAT_NUMBER,PRIMARY_RD,SECONDARY_RD,DISTANCE,DIRECTION,INTERSECTION,WEATHER_1,WEATHER_2,STATE_HWY_IND,CALTRANS_COUNTY,CALTRANS_DISTRICT,STATE_ROUTE,ROUTE_SUFFIX,POSTMILE_PREFIX,POSTMILE,LOCATION_TYPE,RAMP_INTERSECTION,SIDE_OF_HWY,TOW_AWAY,COLLISION_SEVERITY,NUMBER_KILLED,NUMBER_INJURED,PARTY_COUNT,PRIMARY_COLL_FACTOR,PCF_CODE_OF_VIOL,PCF_VIOL_CATEGORY,PCF_VIOLATION,PCF_VIOL_SUBSECTION,HIT_AND_RUN,TYPE_OF_COLLISION,MVIW,PED_ACTION,ROAD_SURFACE,ROAD_COND_1,ROAD_COND_2,LIGHTING,CONTROL_DEVICE,CHP_ROAD_TYPE,PEDESTRIAN_ACCIDENT,BICYCLE_ACCIDENT,MOTORCYCLE_ACCIDENT,TRUCK_ACCIDENT,NOT_PRIVATE_PROPERTY,ALCOHOL_INVOLVED,STWD_VEHTYPE_AT_FAULT,CHP_VEHTYPE_AT_FAULT,COUNT_SEVERE_INJ,COUNT_VISIBLE_INJ,COUNT_COMPLAINT_PAIN,COUNT_PED_KILLED,COUNT_PED_INJURED,COUNT_BICYCLIST_KILLED,COUNT_BICYCLIST_INJURED,COUNT_MC_KILLED,COUNT_MC_INJURED,PRIMARY_RAMP,SECONDARY_RAMP,LATITUDE,LONGITUDE,COUNTY,CITY,POINT_X,POINT_Y
9626369,2023,2023-10-16,1956,2023-09-27,1809,1395,64,3,5,5,1956,0,0,0,,0,005,"ROBINSON ST","PHELAN LN",163.00,E,N,A,-,N,,,,,,,,,,N,3,0,1,2,A,-,12,22450,A,N,D,G,A,A,H,-,B,D,0,,Y,,,Y,,L,04,0,1,0,0,0,0,1,0,0,"- ","- ",33.880100250244141,-119.36585998535156,"LOS ANGELES","REDONDO BEACH",-118.36591339111328,33.880100250244141
9626384,2023,2023-10-16,1942,2023-08-09,1610,40099,0329,3,5,7,1942,0,0,0,C,0,25MQ56,"FLOWER ST","29TH ST",7.00,N,N,A,-,N,,,,,,,,,,N,4,0,1,2,A,-,00,21450,1,F,D,G,A,A,H,-,A,A,0,,Y,,,Y,Y,L,04,0,0,1,0,0,0,1,0,0,"- ","- ",,,"LOS ANGELES","LOS ANGELES",-118.27626037597656,34.025276184082031
9626571,2023,2023-10-19,1900,2023-09-19,1819,611688,2246,2,5,3,1989,0,0,0,,0,224T2,"CALABASAS RD","PARKWAY CALABASAS",1170.00,E,N,A,-,N,,,,,,,,,,Y,2,0,1,2,A,-,03,22350,,N,C,G,A,A,H,-,A,D,0,,Y,,,Y,,A,01,1,0,0,0,0,0,1,0,0,"- ","- ",34.151470184326172,-118.65531921386719,"LOS ANGELES",CALABASAS,-118.65550994873047,34.152107238769531
9626714,2023,2023-11-06,1900,2023-09-20,1634,635346,0455,3,5,6,1949,0,0,0,,0,43T1O,"EXCELSIOR DR","GRIDLEY RD",0.00,,Y,A,-,N,,,,,,,,,,N,2,0,1,2,A,-,12,22450,A,N,D,G,A,A,H,-,A,A,0,,Y,,,Y,,L,04,1,0,0,0,0,0,1,0,0,"- ","- ",,,"LOS ANGELES",NORWALK,-118.09125518798828,33.89483642578125
9626821,2023,2023-10-20,1970,2023-08-23,0742,195,SPB4,3,5,4,1970,0,0,0,,0,004,"FREMONT AV","ROLLIN ST",0.00,,Y,A,-,N,,,,,,,,,,N,4,0,1,2,A,-,09,21801,A,N,D,G,A,A,H,-,A,A,0,,Y,,,Y,,L,04,0,0,1,0,0,0,1,0,0,"- ","- ",,,"LOS ANGELES","SOUTH PASADENA",-118.15317535400391,34.108894348144531
9627165,2023,2023-10-02,1942,2023-08-25,0520,42011,0569,5,5,7,1942,0,0,0,E,0,025,"S CRESCENT AV","MINER ST",0.00,,Y,A,-,N,,,,,,,,,,N,2,0,1,2,A,-,12,22450,A,N,D,G,A,A,H,-,C,A,0,,Y,,,Y,,A,01,1,0,0,0,0,0,1,0,0,"- ","- ",,,"LOS ANGELES","LOS ANGELES",-118.27983093261719,33.729389190673828
9627410,2023,2023-10-04,1962,2023-08-29,1659,110,1962,2,5,4,1962,0,0,0,,0,002,"SAN GABRIEL BL",BROADWAY,10.00,S,N,A,-,N,,,,,,,,,,N,3,0,1,2,A,-,05,21651,B,N,A,G,A,A,H,-,A,A,0,,Y,,,Y,,L,04,0,1,0,0,0,0,1,0,0,"- ","- ",34.09906005859375,-118.09098052978516,"LOS ANGELES","SAN GABRIEL",-118.09095001220703,34.099014282226562
9627509,2023,2023-10-12,1902,2023-09-22,1813,800,34,5,5,5,1902,0,0,0,,0,,"WINTROP AV","LAS TUNAS AV",0.00,,Y,A,-,N,,,,,,,,,,N,4,0,1,2,A,-,08,22107,,N,C,G,A,A,H,-,A,D,0,,Y,Y,,Y,,L,04,0,0,1,0,0,0,1,0,0,"- ","- ",,,"LOS ANGELES",ARCADIA,-118.04682922363281,34.1075439453125
9627557,2023,2023-10-06,1941,2023-08-14,0646,5745,NORTH,1,5,7,1941,0,0,0,,0,024,"CADE ST","PARAMOUNT BL",4.00,E,N,A,-,N,,,,,,,,,,N,2,0,1,2,A,-,09,21804,A,N,D,G,A,A,H,-,A,A,0,,Y,,,Y,Y,A,01,1,0,0,0,0,0,1,0,0,"- ","- ",33.871711730957031,-118.15998077392578,"LOS ANGELES","LONG BEACH",-118.15995788574219,33.871711730957031
9627568,2023,2023-10-06,1902,2023-09-14,1813,838,15,4,5,5,1902,0,0,0,,0,002,"CAMPUS DR","EL MONTE AV",97.00,E,N,A,-,N,,,,,,,,,,N,3,0,1,2,A,-,03,22350,,N,H,G,A,A,H,-,A,D,0,,Y,,,Y,,A,01,0,1,0,0,0,0,1,0,0,"- ","- ",,,"LOS ANGELES",ARCADIA,-118.04071807861328,34.130691528320312
9627900,2023,2023-10-13,1926,2023-09-26,2101,0043,,2,5,5,1926,0,0,0,,0,004,"LONE HILL AV","GLADSTONE ST",0.00,,Y,A,-,N,,,,,,,,,,N,4,0,1,2,A,-,09,21804,A,N,D,G,A,A,H,-,C,A,0,,Y,,,Y,,L,04,0,0,1,0,0,0,1,0,0,"- ","- ",34.113918304443359,-117.82884979248047,"LOS ANGELES",GLENDORA,-117.82898712158203,34.113941192626953
9627992,2023,2023-10-17,1900,2023-05-22,1200,652431,0332,1,5,4,1939,0,0,0,,0,35T1,"MANHATTAN BEACH BL","INGLEWOOD AV",60.00,E,N,B,-,N,,,,,,,,,,N,3,0,1,2,A,-,08,22107,,N,H,G,A,A,H,-,A,D,0,,Y,,,Y,,A,07,0,1,0,0,0,0,1,0,0,"- ","- ",33.887279510498047,-118.36096954345703,"LOS ANGELES",LAWNDALE,-118.36114501953125,33.887302398681641
9628039,2023,2023-10-19,1900,2023-09-28,1530,642979,0641,4,5,6,1985,0,0,0,,0,64T1,"BOUQUET CANYON RD","CENTURION WY",252.00,S,N,A,-,N,,,,,,,,,,N,4,0,1,2,A,-,05,21650,,N,A,G,A,A,C,-,A,D,0,,Y,,,Y,,L,04,0,0,1,0,0,0,1,0,0,"- ","- ",34.439430236816406,-118.51534271240234,"LOS ANGELES","SANTA CLARITA",-118.51521301269531,34.439414978027344
9628725,2023,2023-10-24,1900,2023-08-25,0944,644628,0466,5,5,4,1936,0,0,0,,0,46T1D,"FIRESTONE BL","ARTESIA BL",1290.00,N,N,A,-,N,,,,,,,,,,N,3,0,1,2,A,-,09,21804,A,N,D,G,A,A,H,-,A,D,0,,Y,,,Y,,L,04,0,1,0,0,0,0,1,0,0,"- ","- ",,,"LOS ANGELES","LA MIRADA",-118.01429748535156,33.875934600830078
9628816,2023,2023-11-01,1900,2023-09-12,1227,635663,2117,2,5,5,1943,0,0,0,,0,212T4A,"LONGBEACH BL","CARLIN AV",90.00,N,N,A,-,N,,,,,,,,,,N,4,0,1,2,A,-,21,22106,,N,G,B,A,A,H,-,A,D,0,,Y,,,Y,,-,,0,0,1,0,0,0,1,0,0,"- ","- ",,,"LOS ANGELES",LYNWOOD,-118.20929718017578,33.915035247802734
9629271,2023,2023-11-20,1942,2023-10-03,1510,37952,1309,2,5,7,1942,0,0,0,M,0,24TL58,"ALAMEDA ST","CENTER ST",0.00,,Y,A,-,N,,,,,,,,,,N,2,0,1,2,C,-,18,,,N,D,-,A,A,H,-,A,A,0,,Y,,Y,Y,,-,"- ",1,0,0,0,0,0,1,0,0,"- ","- ",,,"LOS ANGELES","LOS ANGELES",-118.23873138427734,34.033561706542969
9629424,2023,2023-10-24,1942,2023-09-25,2100,44443,1391,1,5,7,1942,0,0,0,M,0,12A69W,"FLORENCE AV",BROADWAY,0.00,,Y,A,-,N,,,,,,,,,,Y,3,0,1,2,A,-,10,21950,A,F,D,G,A,A,H,-,C,A,0,,Y,,,Y,Y,A,01,0,1,0,0,0,0,1,0,0,"- ","- ",,,"LOS ANGELES","LOS ANGELES",-118.27832794189453,33.974658966064453
9629615,2023,2024-04-25,1972,2023-10-02,2026,22776,,1,5,6,1972,0,0,0,,0,,WESTERN,CARSON,25.00,S,N,A,-,N,,,,,,,,,,N,4,0,1,2,A,-,09,21804,A,N,D,G,A,A,H,-,C,A,0,,Y,,,Y,,L,04,0,0,1,0,0,0,1,0,0,"- ","- ",,,"LOS ANGELES",TORRANCE,-118.30902862548828,33.831432342529297
9629804,2023,2023-10-27,1929,2023-09-26,1905,237,1929,2,5,3,1929,0,0,0,,0,001,"VALLEY DR","8TH ST",0.00,,Y,A,-,N,,,,,,,,,,N,3,0,2,3,A,-,12,22450,A,N,D,G,E,A,H,-,C,A,0,Y,Y,,,Y,,L,04,0,2,0,0,1,0,1,0,0,"- ","- ",33.860118865966797,-118.39434814453125,"LOS ANGELES","HERMOSA BEACH",-118.39427947998047,33.860149383544922
9630013,2023,2023-10-30,1941,2023-08-18,0820,11428,EAST,5,5,7,1941,0,0,0,,0,012,"REDONDO AV","11TH ST",4.80,N,N,A,-,N,,,,,,,,,,N,4,0,1,2,A,-,09,21802,A,N,G,G,A,A,H,-,A,A,0,,Y,,,Y,,A,01,0,0,1,0,0,0,1,0,0,"- ","- ",33.780788421630859,-118.15242004394531,"LOS ANGELES","LONG BEACH",-118.15242004394531,33.78082275390625
9630279,2023,2023-11-01,1941,2023-07-05,1240,11246,EAST,3,5,7,1941,0,0,0,,0,009,"GLADYS AV","EAST 4TH ST",0.00,S,N,A,-,N,,,,,,,,,,N,4,0,1,2,D,-,00,,,N,G,G,A,A,H,-,A,D,0,,Y,,,Y,,-,"- ",0,0,1,0,0,0,1,0,0,"- ","- ",33.771709442138672,-118.15785217285156,"LOS ANGELES","LONG BEACH",-118.15785980224609,33.771690368652344
9630491,2023,2023-10-24,1900,2023-08-19,0010,49039,1513,6,5,5,1954,0,0,0,,0,151T2,"WHITTIER BL","ROSEMEAD BL",0.00,,Y,A,-,N,,,,,,,,,,N,2,0,1,2,A,-,11,21950,B,F,D,G,A,A,H,-,C,A,0,,Y,,,Y,Y,A,01,1,0,0,0,0,0,1,0,0,"- ","- ",34.001258850097656,-118.08406066894531,"LOS ANGELES","PICO RIVERA",-118.08383941650391,34.001251220703125
9630643,2023,2023-11-28,1931,2023-10-06,0941,5351,1931,5,5,5,1931,0,0,0,,0,001,"GAGE AV","RITA AV",0.00,,Y,A,-,N,,,,,,,,,,N,3,0,1,2,A,-,09,21800,A,N,D,G,A,A,H,-,A,A,0,,Y,,,Y,,L,04,0,1,0,0,0,0,1,0,0,"- ","- ",,,"LOS ANGELES","HUNTINGTON PARK",-118.223876953125,33.981632232666016
9630745,2023,2023-11-01,1900,2023-09-20,1405,476477,0641,3,5,6,1985,0,0,0,,0,62T1P,"SECO CANYON RD","GARZOTA DR",0.00,,Y,A,-,N,,,,,,,,,,N,4,0,1,2,D,-,00,,,M,D,G,A,A,H,-,A,A,0,,Y,,,Y,,-,"- ",0,0,1,0,0,0,1,0,0,"- ","- ",34.437599182128906,-118.53279876708984,"LOS ANGELES","SANTA CLARITA",-118.53279113769531,34.437519073486328
9630779,2023,2023-11-30,1942,2023-10-12,1735,45521,0192,4,5,7,1942,0,0,0,A,0,1A2,"GRAND AV","17TH ST",0.00,,Y,A,-,N,,,,,,,,,,N,4,0,1,2,A,-,17,21658,B,N,H,G,A,A,H,-,A,A,0,,Y,,,Y,,L,04,0,0,1,0,0,0,1,0,0,"- ","- ",,,"LOS ANGELES","LOS ANGELES",-118.29022216796875,33.728778839111328
9631478,2023,2023-11-30,1942,2023-10-03,2135,39062,0162,2,5,7,1942,0,0,0,A,0,24T33,"8TH ST","GRAND AV",0.00,,Y,A,-,N,,,,,,,,,,N,2,0,1,1,A,-,03,22350,,N,H,G,A,A,H,-,C,A,0,,Y,,,Y,,L,04,1,0,0,0,0,0,1,0,0,"- ","- ",,,"LOS ANGELES","LOS ANGELES",-118.2901611328125,33.736968994140625
9631516,2023,2023-11-07,1942,2023-09-26,1855,42788,2097,2,5,7,1942,0,0,0,,0,27T33W,MARIPOSA,"WASHINGTON BL",102.00,S,N,A,-,N,,,,,,,,,,N,4,0,1,2,A,-,05,21651,B,N,A,G,A,A,H,-,B,A,0,,Y,,,Y,,L,04,0,0,1,0,0,0,1,0,0,"- ","- ",,,"LOS ANGELES","LOS ANGELES",-118.29836273193359,34.039718627929688
9631551,2023,2023-11-27,1902,2023-10-31,1956,831,31,2,5,5,1902,0,0,0,,0,005,"LEMON AV","BALDWIN AV",325.00,E,N,A,-,N,,,,,,,,,,N,3,0,1,2,A,-,08,22107,,N,B,E,A,A,H,-,C,D,0,,Y,,,Y,,L,04,0,1,0,0,0,0,1,0,0,"- ","- ",,,"LOS ANGELES",ARCADIA,-118.05438232421875,34.118640899658203
9632388,2023,2023-11-15,1942,2023-07-05,1900,42543,1837,3,5,7,1942,0,0,0,R,0,,"103RD ST","COMPTON BL",0.00,,Y,A,-,N,,,,,,,,,,N,4,0,1,2,A,-,10,21950,,F,G,G,A,A,H,-,A,A,0,,Y,,,Y,Y,-,99,0,0,1,0,0,0,1,0,0,"- ","- ",,,"LOS ANGELES","LOS ANGELES",-118.24620819091797,33.943229675292969
9632466,2023,2023-11-22,1953,2023-09-26,0826,5651,1953,2,5,6,1953,0,0,0,,0,003,"DEL MAR BL","CHESTER AV",0.00,,Y,A,-,N,,,,,,,,,,Y,4,0,1,2,A,-,09,21804,A,N,A,G,A,A,H,-,A,A,0,,Y,,,Y,,L,04,0,0,1,0,0,0,1,0,0,"- ","- ",,,"LOS ANGELES",PASADENA,-118.12445831298828,34.140995025634766
9632570,2023,2023-11-09,1931,2023-10-31,0951,5315,1931,2,5,5,1931,0,0,0,,0,003,"GAGE AV","MIDDLETON ST",0.00,,Y,A,-,N,,,,,,,,,,N,3,0,1,2,A,-,08,22107,,N,B,G,A,A,H,-,A,D,0,,Y,,,Y,,A,07,0,1,0,0,0,0,1,0,0,"- ","- ",,,"LOS ANGELES","HUNTINGTON PARK",-118.22903442382812,33.981643676757812
9632574,2023,2023-11-09,1931,2023-10-25,1405,5315,1931,3,5,5,1931,0,0,0,,0,002,"RANDOLPH ST","FISHBURN AV",0.00,,Y,A,-,N,,,,,,,,,,N,3,0,1,2,A,-,12,22450,A,F,D,G,A,A,H,-,A,A,0,,Y,,,Y,,A,07,0,1,0,0,0,0,1,0,0,"- ","- ",,,"LOS ANGELES","HUNTINGTON PARK",-118.19088745117188,33.982120513916016
9632805,2023,2023-11-06,1900,2023-09-18,1810,624453,0532,1,5,5,1959,0,0,0,,0,53T1PM,"DOROTHY ST","BRIGHTON ST",45.00,E,N,A,-,N,,,,,,,,,,N,4,0,1,2,A,-,08,22107,,N,D,G,A,A,H,-,A,D,0,,Y,,,Y,,A,01,0,0,1,0,0,0,1,0,0,"- ","- ",34.068000793457031,-118.097900390625,"LOS ANGELES",ROSEMEAD,-118.09793853759766,34.068031311035156
9632942,2023,2023-11-17,1900,2023-07-14,1130,610427,1337,5,5,5,1908,0,0,0,,0,133T1,"ALONDRA BL","EUCALYPTUS AV",25.00,W,N,A,-,N,,,,,,,,,,N,2,0,1,2,A,-,09,21804,A,N,B,G,A,A,H,-,A,D,0,,Y,,,Y,,L,04,1,0,0,0,0,0,1,0,0,"- ","- ",,,"LOS ANGELES",BELLFLOWER,-118.12212371826172,33.889369964599609
9632946,2023,2023-11-17,1941,2023-06-26,1350,10931,WEST,1,5,7,1941,0,0,0,,0,011,"EAST PACIFIC COAST HWY","CHERRY AV",0.00,,N,A,-,N,,,,,,,,,,N,4,0,1,2,A,-,05,21650,1,N,D,G,A,A,H,-,A,D,0,,Y,,,Y,,L,04,0,0,1,0,0,0,1,0,0,"- ","- ",33.789848327636719,-118.16764831542969,"LOS ANGELES","LONG BEACH",-118.16766357421875,33.789859771728516
9633132,2023,2023-11-17,1966,2023-10-07,1410,10831,3,6,5,3,1966,0,0,0,,0,,"W ORANGE GROVE AV","N BALDWIN AV",0.00,,Y,A,-,N,,,,,,,,,,N,2,0,1,2,A,-,12,22450,A,N,D,G,A,A,H,-,A,A,0,,Y,,,Y,,L,04,1,0,0,0,0,0,1,0,0,"- ","- ",,,"LOS ANGELES","SIERRA MADRE",-118.052978515625,34.157062530517578
9633367,2023,2023-11-17,1962,2023-10-14,1754,167,1962,6,5,4,1962,0,0,0,,0,003,"VALLEY BL","DEL MAR AV",0.00,,Y,A,-,N,,,,,,,,,,N,3,0,1,2,A,-,05,21202,,M,D,G,A,A,H,-,A,A,0,,Y,,,Y,,L,04,0,1,0,0,0,0,1,0,0,"- ","- ",34.079769134521484,-118.099609375,"LOS ANGELES","SAN GABRIEL",-118.09956359863281,34.079750061035156
9633370,2023,2023-11-20,1931,2023-10-13,1606,5264,1931,5,5,5,1931,0,0,0,,0,003,"ALAMEDA ST","ZOE AV",4.00,S,N,A,-,N,,,,,,,,,,N,2,0,1,2,A,-,17,21200,A,N,D,G,A,A,H,-,A,A,0,,Y,,,Y,,L,04,1,0,0,0,0,0,1,0,0,"- ","- ",,,"LOS ANGELES","HUNTINGTON PARK",-118.23540496826172,33.979480743408203
9633611,2023,2024-01-24,1941,2023-01-27,1748,10915,WEST,5,5,7,1941,0,0,0,,0,003,"CHESTNUT AV","W 23RD ST",0.00,,Y,A,-,N,,,,,,,,,,N,3,0,1,2,A,-,10,21950,A,F,D,G,A,A,H,-,C,A,0,,Y,,,Y,Y,A,01,0,1,0,0,0,0,1,0,0,"- ","- ",33.799228668212891,-118.19612884521484,"LOS ANGELES","LONG BEACH",-118.1959228515625,33.798942565917969
9633619,2023,2023-11-07,1951,2023-11-01,1024,755,705,3,5,3,1951,0,0,0,,0,001,"VIA ZURITA","VIA LANDETA",241.00,N,N,A,-,N,,,,,,,,,,N,3,0,1,1,C,-,18,,,N,F,A,A,A,A,B,A,D,0,,Y,,,Y,,-,"- ",0,1,0,0,0,0,1,0,0,"- ","- ",,,"LOS ANGELES","PALOS VERDES EST",-118.40728759765625,33.782073974609375
9634874,2023,2023-12-12,1900,2023-10-18,1520,673096,1133,3,5,6,1992,0,0,0,,0,113B,"KETTERING ST","3RD ST EAST",135.00,E,N,A,-,N,,,,,,,,,,N,3,0,1,2,A,-,08,22107,,N,G,G,A,A,G,-,A,D,0,,Y,,,Y,,L,04,0,1,0,0,0,0,1,0,0,"- ","- ",34.70037841796875,-118.12542724609375,"LOS ANGELES",LANCASTER,-118.12553405761719,34.700359344482422
9635409,2023,2024-02-28,1900,2023-11-09,1825,629461,1137,4,5,6,1992,0,0,0,,0,112A,"AVENUE J 14","CHALLENGER WY",0.00,,Y,A,-,N,,,,,,,,,,N,4,0,1,2,A,-,05,21650,1,N,D,G,A,A,H,-,C,D,0,,Y,,,Y,,L,04,0,0,1,0,0,0,1,0,0,"- ","- ",,,"LOS ANGELES",LANCASTER,-118.11266326904297,34.689483642578125
9635753,2023,2023-12-30,1900,2023-10-27,0923,629508,1134,5,5,6,1992,0,0,0,,0,112T1,"AVENUE J","5TH ST EAST",0.00,,Y,A,-,N,,,,,,,,,,N,4,0,1,2,A,-,10,21950,A,N,D,G,A,A,H,-,A,A,0,,Y,,,Y,,A,01,0,0,1,0,0,0,1,0,0,"- ","- ",,,"LOS ANGELES",LANCASTER,-118.12149810791016,34.689472198486328
9635945,2023,2024-03-08,1900,2023-12-03,1330,627964,0820,7,5,4,1960,0,0,0,,0,81K3,"VIA VERDE","RT 57",25.00,E,N,A,-,Y,LA,7,57,-,R,8.672,R,4,N,N,3,0,1,2,A,-,05,21650,,N,H,G,A,A,H,-,A,A,0,,Y,,,Y,,L,04,0,1,0,0,0,0,1,0,0,"- ",NF,34.078090667724609,-117.81320953369141,"LOS ANGELES","SAN DIMAS",-117.81340789794922,34.077537536621094
9636135,2023,2023-12-28,1946,2023-10-20,2034,P49,1946,5,5,4,1946,0,0,0,,0,001,LEMON,"PARK ROSE AV",0.00,,Y,A,-,N,,,,,,,,,,N,2,0,1,2,A,-,09,21801,A,N,D,G,A,A,H,-,C,D,0,,Y,,,Y,,A,01,1,0,0,0,0,0,1,0,0,"- ","- ",,,"LOS ANGELES",MONROVIA,-117.98397064208984,34.146873474121094
9636426,2023,2023-12-23,1900,2023-10-19,1545,625597,2603,4,5,6,1950,0,0,0,,0,264T1,"AVENUE S","SHEFFIELD DR",0.00,,Y,A,-,N,,,,,,,,,,N,3,0,1,2,A,-,05,21202,A,N,D,G,A,A,H,-,A,D,0,,Y,,,Y,,L,04,0,1,0,0,0,0,1,0,0,"- ","- ",34.557929992675781,-118.10310363769531,"LOS ANGELES",PALMDALE,-118.10311889648438,34.557964324951172
9636441,2023,2023-11-29,1900,2023-10-02,0815,622922,0972,1,5,4,1979,0,0,0,,0,92T3,"SAN VICENTE BL","SANTA MONICA BL",140.00,S,N,A,-,N,,,,,,,,,,N,3,0,1,2,A,-,08,22107,,M,B,C,A,A,H,-,A,D,0,,Y,,,Y,,A,07,0,1,0,0,0,0,1,0,0,"- ","- ",34.0843505859375,-118.38388061523438,"LOS ANGELES","WEST HOLLYWOOD",-118.38388061523438,34.084602355957031
9636619,2023,2023-11-14,1942,2023-09-30,0250,43590,2046,6,5,7,1942,0,0,0,,0,20A97,"JAMES M WOOD BL","VERMONT AV",40.00,W,N,C,-,N,,,,,,,,,,N,4,0,1,2,A,-,03,22350,,F,H,G,A,B,H,-,C,A,0,,Y,,,Y,,-,99,0,0,1,0,0,0,1,0,0,"- ","- ",,,"LOS ANGELES","LOS ANGELES",-118.29176330566406,34.055938720703125
9636620,2023,2023-11-14,1942,2023-09-24,1915,45124,2005,7,5,7,1942,0,0,0,,0,20A39,"OAKWOOD AV","ARDMORE AV",150.00,W,N,A,-,N,,,,,,,,,,N,3,0,1,2,A,-,14,21201,D,N,H,G,A,A,H,-,C,D,0,,Y,,,Y,,L,04,0,1,0,0,0,0,1,0,0,"- ","- ",,,"LOS ANGELES","LOS ANGELES",-118.30282592773438,34.077659606933594
9637390,2023,2024-02-02,1976,2023-10-08,1617,595,,7,5,5,1976,0,0,0,,0,002,"GREENLEAF AV","MAR VISTA ST",0.00,,Y,A,-,Y,,,,,,,,,,N,3,0,1,2,A,-,09,21801,A,N,H,G,A,A,H,-,A,A,0,,Y,,,Y,Y,A,01,0,1,0,0,0,0,1,0,0,"- ","- ",,,"LOS ANGELES",WHITTIER,-118.03736877441406,33.973659515380859
9637484,2023,2024-01-25,1900,2023-09-28,1334,529141,520,4,5,5,1954,0,0,0,,0,151T1,"ROSEMEAD BL","WASHINGTON BL",486.00,S,N,A,-,N,,,,,,,,,,N,4,0,1,2,A,-,09,21801,A,N,D,G,A,A,H,-,A,D,0,,Y,,,Y,,A,07,0,0,1,0,0,0,1,0,0,"- ","- ",33.982021331787109,-118.09815979003906,"LOS ANGELES","PICO RIVERA",-118.09786987304688,33.982021331787109
9637714,2023,2023-12-19,1920,2023-10-17,1630,14050,1920,2,5,6,1920,0,0,0,,0,006,"LAKEWOOD BL","DEMING AV",130.00,N,N,A,-,N,,,,,,,,,,N,3,0,1,2,D,-,00,,,F,A,G,A,A,H,-,A,D,0,,Y,,,Y,,-,"- ",0,1,0,0,0,0,1,0,0,"- ","- ",,,"LOS ANGELES",DOWNEY,-118.14308166503906,33.908256530761719
9637718,2023,2023-12-19,1920,2023-10-18,1940,14050,1920,3,5,6,1920,0,0,0,,0,001,"BELLFLOWER BL","STEWART AND GRAY RD",0.00,,Y,A,-,N,,,,,,,,,,N,3,0,1,2,A,-,09,21801,A,M,D,G,A,A,H,-,C,A,0,,Y,,,Y,,A,01,0,1,0,0,0,0,1,0,0,"- ","- ",,,"LOS ANGELES",DOWNEY,-118.12541198730469,33.927829742431641
9638059,2023,2023-12-14,1942,2023-10-31,0505,34350,0155,2,5,7,1942,0,0,0,A,0,1942,"5TH ST","MAPLE AV",28.00,E,N,A,-,N,,,,,,,,,,N,4,0,1,2,A,-,08,22107,,N,D,-,A,A,H,-,C,A,0,,Y,,,Y,,L,04,0,0,1,0,0,0,1,0,0,"- ","- ",,,"LOS ANGELES","LOS ANGELES",-118.24645233154297,34.045330047607422
9638938,2023,2024-01-23,1942,2023-04-25,0820,43723,1433,2,5,7,1942,0,0,0,N,0,14A13,"LINCOLN BL","AMOROSO PL",0.00,,Y,B,-,N,,,,,,,,,,N,3,0,1,2,A,-,09,21802,,N,D,G,A,A,H,-,A,D,0,,Y,,,Y,,A,07,0,1,0,0,0,0,1,0,0,"- ","- ",,,"LOS ANGELES","LOS ANGELES",-118.45632171630859,33.995780944824219
9639226,2023,2023-12-02,1942,2023-10-04,1640,35393,0325,3,5,7,1942,0,0,0,C,0,25TL21,"HOOVER ST","24TH ST",40.00,S,N,A,-,N,,,,,,,,,,N,2,0,1,2,A,-,17,22517,,F,D,G,A,A,H,-,A,D,0,,Y,,,Y,,L,04,1,0,0,0,0,0,1,0,0,"- ","- ",,,"LOS ANGELES","LOS ANGELES",-118.28398895263672,34.034278869628906
9639406,2023,2023-12-16,1900,2023-10-25,1128,467578,2608,3,5,6,1950,0,0,0,,0,264T1,"25TH ST E","AVENUE R-14",183.00,S,N,A,-,N,,,,,,,,,,N,3,0,1,2,A,-,09,21804,A,N,D,G,A,A,H,-,A,D,0,,Y,,,Y,,L,04,0,1,0,0,0,0,1,0,0,"- ","- ",34.5594482421875,-118.08495330810547,"LOS ANGELES",PALMDALE,-118.0849609375,34.572227478027344
9639410,2023,2023-12-16,1900,2023-02-02,1702,602259,0458,4,5,6,1949,0,0,0,,0,45T1,"ALONDRA BL","CLARKDALE AV",0.00,,Y,A,-,N,,,,,,,,,,N,3,0,1,2,A,-,09,21801,A,N,D,G,A,A,H,-,A,D,0,,Y,,,Y,,A,07,0,1,0,0,0,0,1,0,0,"- ","- ",,,"LOS ANGELES",NORWALK,-118.08004760742188,33.887718200683594
9639553,2023,2023-11-20,1942,2023-10-20,1030,39859,1361,5,5,7,1942,0,0,0,M,0,24MQ72,"W VERNON AV","BROADWAY AV",230.00,E,N,A,-,N,,,,,,,,,,N,2,0,1,2,A,-,00,21650,A,N,H,G,A,A,H,-,A,D,0,,Y,,Y,Y,,L,04,1,0,0,0,0,0,1,0,0,"- ","- ",,,"LOS ANGELES","LOS ANGELES",-118.27761077880859,34.003799438476562