CASE_ID,ACCIDENT_YEAR,PROC_DATE,JURIS,COLLISION_DATE,COLLISION_TIME,OFFICER_ID,REPORTING_DISTRICT,DAY_OF_WEEK,CHP_SHIFT,POPULATION,CNTY_CITY_LOC,SPECIAL_COND,BEAT_TYPE,CHP_BEAT_TYPE,CITY_DIVISION_LAPD,CHP_BEAT_CLASS,BEAT_NUMBER,PRIMARY_RD,SECONDARY_RD,DISTANCE,DIRECTION,INTERSECTION,WEATHER_1,WEATHER_2,STATE_HWY_IND,CALTRANS_COUNTY,CALTRANS_DISTRICT,STATE_ROUTE,ROUTE_SUFFIX,POSTMILE_PREFIX,POSTMILE,LOCATION_TYPE,RAMP_INTERSECTION,SIDE_OF_HWY,TOW_AWAY,COLLISION_SEVERITY,NUMBER_KILLED,NUMBER_INJURED,PARTY_COUNT,PRIMARY_COLL_FACTOR,PCF_CODE_OF_VIOL,PCF_VIOL_CATEGORY,PCF_VIOLATION,PCF_VIOL_SUBSECTION,HIT_AND_RUN,TYPE_OF_COLLISION,MVIW,PED_ACTION,ROAD_SURFACE,ROAD_COND_1,ROAD_COND_2,LIGHTING,CONTROL_DEVICE,CHP_ROAD_TYPE,PEDESTRIAN_ACCIDENT,BICYCLE_ACCIDENT,MOTORCYCLE_ACCIDENT,TRUCK_ACCIDENT,NOT_PRIVATE_PROPERTY,ALCOHOL_INVOLVED,STWD_VEHTYPE_AT_FAULT,CHP_VEHTYPE_AT_FAULT,COUNT_SEVERE_INJ,COUNT_VISIBLE_INJ,COUNT_COMPLAINT_PAIN,COUNT_PED_KILLED,COUNT_PED_INJURED,COUNT_BICYCLIST_KILLED,COUNT_BICYCLIST_INJURED,COUNT_MC_KILLED,COUNT_MC_INJURED,PRIMARY_RAMP,SECONDARY_RAMP,LATITUDE,LONGITUDE,COUNTY,CITY,POINT_X,POINT_Y
9639643,2023,2024-01-23,1942,2023-10-20,0725,31542,1346,5,5,7,1942,0,0,0,M,0,24TL22,"VERNON AV","CENTRAL AV",0.00,,Y,A,-,N,,,,,,,,,,N,3,0,1,2,A,-,08,22107,,N,D,G,A,A,H,-,A,A,0,,Y,,,Y,Y,-,99,0,1,0,0,0,0,1,0,0,"- ","- ",,,"LOS ANGELES","LOS ANGELES",-118.25649261474609,34.003925323486328
9639661,2023,2023-11-16,1942,2023-09-21,2040,33122,1109,4,5,7,1942,0,0,0,K,0,24MQ48,"COLORADO BL","FIGUEROA ST",0.00,,N,A,-,N,,,,,,,,,,N,2,0,1,2,A,-,09,21801,A,F,D,G,A,A,H,-,C,A,0,,Y,,,Y,,A,01,1,0,0,0,0,0,1,0,0,"- ","- ",,,"LOS ANGELES","LOS ANGELES",-118.18738555908203,34.138134002685547
9639679,2023,2023-11-16,1900,2023-09-30,0001,499039,1512,6,5,5,1954,0,0,0,,0,151T2,"DURFEE AV","WHITTIER BL",46.00,N,N,A,-,N,,,,,,,,,,N,3,0,1,2,D,-,00,,,N,B,G,A,A,H,-,C,D,0,,Y,,,Y,Y,-,"- ",0,1,0,0,0,0,1,0,0,"- ","- ",33.999649047851562,-118.07935333251953,"LOS ANGELES","PICO RIVERA",-118.07935333251953,33.999446868896484
9639681,2023,2023-12-27,1953,2023-09-23,1720,2020,PASAD,6,5,6,1953,0,0,0,,0,005,"ARROYO PKWY","HOLLY ST",0.00,,Y,A,-,N,,,,,,,,,,N,4,0,2,3,A,-,09,21801,,N,D,G,A,A,H,-,A,A,0,,Y,,,Y,,A,07,0,0,2,0,0,0,2,0,0,"- ","- ",,,"LOS ANGELES",PASADENA,-118.14763641357422,34.147628784179688
9639942,2023,2024-01-06,1942,2023-11-01,0800,41933,0354,3,5,7,1942,0,0,0,C,0,25TL25,"EXPOSITION BL","11TH AV",0.00,,Y,A,-,N,,,,,,,,,,N,3,0,1,2,A,-,12,21453,A,F,D,G,A,A,H,-,A,A,0,,Y,,,Y,,-,99,0,1,0,0,0,0,1,0,0,"- ","- ",,,"LOS ANGELES","LOS ANGELES",-118.32955932617188,34.021556854248047
9639957,2023,2024-01-06,1942,2023-11-08,2005,41747,1241,3,5,7,1942,0,0,0,L,0,25T33,"BRYNHURST AV","63RD ST",0.00,,Y,A,-,N,,,,,,,,,,N,3,0,1,2,A,-,03,22350,,F,D,G,A,A,H,-,C,A,0,,Y,,,Y,,-,99,0,1,0,0,0,0,1,0,0,"- ","- ",,,"LOS ANGELES","LOS ANGELES",-118.33376312255859,33.982864379882812
9640047,2023,2023-11-28,1942,2023-11-05,0045,42324,1586,7,5,7,1942,0,0,0,O,0,26T54-,"UNIVERSAL HOLLYWOOD DR","LANKERSHIM BL",393.00,E,N,A,-,N,,,,,,,,,,N,1,1,0,1,A,-,03,22350,,N,E,I,A,A,H,-,C,A,0,,Y,,,Y,,L,04,0,0,0,0,0,1,0,0,0,"- ","- ",,,"LOS ANGELES","LOS ANGELES",-118.36093902587891,34.138740539550781
9640077,2023,2024-01-11,1920,2023-09-12,2109,14050,1920,2,5,6,1920,0,0,0,,0,003,"PARAMOUNT BL","LUBEC ST",0.00,,Y,A,-,N,,,,,,,,,,Y,1,1,0,2,A,-,12,21453,A,N,D,C,A,A,H,-,C,A,0,,Y,,,Y,,A,01,0,0,0,0,0,1,0,0,0,"- ","- ",,,"LOS ANGELES",DOWNEY,-118.12770843505859,33.956783294677734
9640144,2023,2024-01-09,1900,2023-12-05,2234,648663,1134,2,5,6,1992,0,0,0,,0,112T2E,"6TH ST EAST","AVENUE L",203.00,S,N,A,-,N,,,,,,,,,,N,1,1,0,2,D,-,00,,,F,C,G,A,A,G,-,D,D,0,,Y,,,Y,,-,"- ",0,0,0,0,0,1,0,0,0,"- ","- ",,,"LOS ANGELES",LANCASTER,-118.12007141113281,34.660411834716797
9640151,2023,2024-01-09,1942,2023-12-04,2229,40567,1974,1,5,7,1942,0,0,0,,0,26T54,"VAN NUYS BL","OSBORNE ST",132.00,S,N,A,-,N,,,,,,,,,,Y,1,1,0,2,A,-,05,21650,1,N,D,G,A,A,H,-,E,D,0,,Y,,,Y,,L,04,0,0,0,0,0,1,0,0,0,"- ","- ",,,"LOS ANGELES","LOS ANGELES",-118.45024871826172,34.23272705078125
9640290,2023,2024-03-20,1941,2023-10-28,1520,11805,NORTH,6,5,7,1941,0,0,0,,0,019,"PACIFIC PL","W WARDLOW RD",110.00,N,N,A,-,N,,,,,,,,,,Y,1,1,0,2,A,-,09,21804,A,N,D,G,A,A,H,-,A,A,0,,Y,Y,,Y,,L,04,0,0,0,0,0,1,0,0,0,"- ","- ",33.818981170654297,-118.19593811035156,"LOS ANGELES","LONG BEACH",-118.19618988037109,33.819293975830078
9640464,2023,2024-05-20,1955,2023-06-29,1642,43004,0084,4,5,6,1955,0,0,0,,0,005,"9TH ST EAST","BUENA VISTA AV",300.00,W,N,A,-,N,,,,,,,,,,Y,1,1,0,2,A,-,08,22107,,N,D,G,A,A,H,-,A,A,0,,Y,,,Y,,L,04,0,0,0,0,0,1,0,0,0,"- ","- ",34.051048278808594,-117.76738739013672,"LOS ANGELES",POMONA,-117.76838684082031,34.051002502441406
9640492,2023,2024-05-21,1972,2023-07-20,1353,15555,,4,5,6,1972,0,0,0,,0,,"VAN NESS AV","182ND ST",0.00,,Y,A,-,N,,,,,,,,,,Y,1,1,4,3,A,-,12,21453,,N,D,C,A,A,H,-,A,A,0,,Y,,,Y,,A,,0,1,3,0,0,1,0,0,0,"- ","- ",,,"LOS ANGELES",TORRANCE,-118.31781768798828,33.865558624267578
9640675,2023,2024-07-03,1942,2023-12-06,2250,45580,0638,3,5,7,1942,0,0,0,F,0,6A63,"HOLLYWOOD BL","GARFIELD PL",25.00,W,N,A,-,N,,,,,,,,,,N,1,1,1,2,A,-,11,21954,A,N,G,B,D,A,H,-,C,A,0,Y,Y,,,Y,,N,60,0,1,0,1,0,0,1,0,0,"- ","- ",,,"LOS ANGELES","LOS ANGELES",-118.31081390380859,34.101730346679688
9641218,2023,2023-12-21,1900,2023-11-04,1620,637369,2920,6,5,5,1990,0,0,0,,0,292T1,"DIAMOND BAR BL","PALOMINO DR",45.00,S,N,A,-,N,,,,,,,,,,N,3,0,1,2,A,-,08,22107,,N,D,G,A,A,H,-,A,D,0,,Y,,,Y,,A,07,0,1,0,0,0,0,1,0,0,"- ","- ",34.022048950195312,-117.81083679199219,"LOS ANGELES","DIAMOND BAR",-117.81070709228516,34.021965026855469
9641335,2023,2023-12-13,1900,2023-09-11,1927,625912,1328,1,5,5,1935,0,0,0,,0,132T1,"PIONEER BL","DEL AMO BL",0.00,,Y,A,-,N,,,,,,,,,,N,4,0,1,2,A,-,17,21200,,N,C,C,A,A,H,-,C,A,0,,Y,,,Y,,L,04,0,0,1,0,0,0,1,0,0,"- ","- ",,,"LOS ANGELES",LAKEWOOD,-118.08206176757812,33.845958709716797
9641423,2023,2023-12-06,1900,2023-10-15,2020,609942,0617,7,5,6,1985,0,0,0,,0,61T1,"CARL BOYER DR","GOLDEN TRIANGLE DR",0.00,,Y,A,-,N,,,,,,,,,,N,3,0,1,2,A,-,12,22450,A,N,B,G,A,A,H,-,C,D,0,,Y,,,Y,,L,04,0,1,0,0,0,0,1,0,0,"- ","- ",34.418701171875,-118.50692749023438,"LOS ANGELES","SANTA CLARITA",-118.50691986083984,34.418773651123047
9641456,2023,2024-01-20,1900,2023-11-04,1500,652535,0643,6,5,6,1985,0,0,0,,0,61T1,"GOLDEN VALLEY RD","NEWHALL RANCH RD",0.00,,Y,A,-,N,,,,,,,,,,N,3,0,1,2,A,-,09,21800,A,N,D,G,A,A,H,-,A,A,0,,Y,,,Y,,L,04,0,1,0,0,0,0,1,0,0,"- ","- ",,,"LOS ANGELES","SANTA CLARITA",-118.50730133056641,34.426853179931641
9641463,2023,2023-12-07,1900,2023-09-26,1715,661654,1334,2,5,5,1908,0,0,0,,0,133,"PARK ST","BELLFLOWER AV",15.00,W,N,A,-,N,,,,,,,,,,N,3,0,1,2,A,-,08,22100,B,N,A,G,A,A,H,-,A,A,0,,Y,,,Y,,A,01,0,1,0,0,0,0,1,0,0,"- ","- ",,,"LOS ANGELES",BELLFLOWER,-118.12531280517578,33.878440856933594
9641709,2023,2023-12-20,1906,2023-09-25,0737,4434,,1,5,5,1906,0,0,0,,0,003,"MERCED AV","PUENTE AV",200.00,W,N,A,-,N,,,,,,,,,,N,3,0,1,2,A,-,05,21202,A,N,D,G,A,A,H,-,A,A,0,,Y,,,Y,,L,04,0,1,0,0,0,0,1,0,0,"- ","- ",,,"LOS ANGELES","BALDWIN PARK",-117.96083068847656,34.072135925292969
9641844,2023,2024-01-24,1929,2023-11-12,0730,239,1929,7,5,3,1929,0,0,0,,0,002,"ARDMORE AV","GOULD AV",14.00,N,N,A,-,N,,,,,,,,,,N,3,0,1,2,A,-,12,22450,A,N,D,G,A,A,H,-,A,A,0,,Y,,,Y,,A,01,0,1,0,0,0,0,1,0,0,"- ","- ",33.874538421630859,-118.40036773681641,"LOS ANGELES","HERMOSA BEACH",-118.40028381347656,33.874526977539062
9642173,2023,2023-12-13,1900,2023-09-21,1543,619539,2117,4,5,5,1943,0,0,0,,0,212E3,"GERTRUDE DR","AGNES AV",3.00,N,N,A,-,N,,,,,,,,,,N,4,0,1,2,A,-,09,21800,A,N,D,G,A,A,H,-,A,A,0,,Y,,,Y,,L,04,0,0,1,0,0,0,1,0,0,"- ","- ",,,"LOS ANGELES",LYNWOOD,-118.19970703125,33.916606903076172
9642280,2023,2023-12-13,1900,2023-10-08,1850,630973,0250,7,5,4,1945,0,0,0,,0,28T,"57TH ST","FISHBURN AV",0.00,,Y,A,-,N,,,,,,,,,,N,3,0,1,2,B,-,22,,,N,D,G,A,A,H,-,B,A,0,,Y,,,Y,,A,01,0,1,0,0,0,0,1,0,0,"- ","- ",,,"LOS ANGELES",MAYWOOD,-118.18974304199219,33.989517211914062
9642483,2023,2023-12-21,1900,2023-10-17,1012,542823,2249,2,5,3,1989,0,0,0,,0,225,"DRY CANYON COLD CREEK RD","OLD TOPANGA CANYON RD",75.00,W,N,A,-,N,,,,,,,,,,N,3,0,1,2,A,-,05,21202,A,N,A,G,A,A,H,-,A,D,0,,Y,,,Y,,-,,0,1,0,0,0,0,1,0,0,"- ","- ",,,"LOS ANGELES",CALABASAS,-118.63502502441406,34.133968353271484
9642493,2023,2023-12-21,1900,2023-10-17,2015,525754,0262,2,5,4,1917,0,0,0,,0,26T,"LIVE OAK ST","ATLANTIC BL",600.00,E,N,A,-,N,,,,,,,,,,N,3,0,1,2,A,-,09,21804,A,N,H,G,A,A,H,-,C,D,0,,Y,,,Y,,L,04,0,1,0,0,0,0,1,0,0,"- ","- ",33.967498779296875,-118.18299865722656,"LOS ANGELES",CUDAHY,-118.18565368652344,33.967742919921875
9642552,2023,2023-12-22,1900,2023-11-26,1754,634400,1322,7,5,5,1935,0,0,0,,0,132T1,"BELLFLOWER BL","ASHWORTH ST",208.00,S,N,A,-,N,,,,,,,,,,N,3,0,1,2,A,-,11,21954,A,N,D,B,D,A,H,-,D,D,0,Y,Y,,,Y,,N,60,0,1,0,0,1,0,0,0,0,"- ","- ",,,"LOS ANGELES",LAKEWOOD,-118.12537384033203,33.867351531982422
9642607,2023,2024-01-19,1942,2023-11-13,1945,45109,0331,1,5,7,1942,0,0,0,C,0,3A57,ADAMS,"LUCERNE AV",40.00,E,N,A,-,N,,,,,,,,,,N,3,0,1,2,A,-,03,22350,,N,C,G,A,A,H,-,C,D,0,,Y,,,Y,,A,01,0,1,0,0,0,0,1,0,0,"- ","- ",,,"LOS ANGELES","LOS ANGELES",-118.34401702880859,34.032543182373047
9642618,2023,2024-01-19,1942,2023-11-26,1445,37952,0218,7,5,7,1942,0,0,0,B,0,24TL58,"SUNSET BL","ECHO PARK AV",0.00,,Y,A,-,N,,,,,,,,,,N,4,0,1,2,A,-,12,21453,A,N,D,G,A,A,H,-,A,D,0,,Y,,,Y,,-,,0,0,1,0,0,0,1,0,0,"- ","- ",,,"LOS ANGELES","LOS ANGELES",-118.25735473632812,34.076770782470703
9642820,2023,2023-12-05,1956,2023-10-07,1029,1384,9,6,5,5,1956,0,0,0,,0,001,ESPLANADE,"TOPAZ ST",333.00,N,N,A,-,N,,,,,,,,,,N,3,0,1,2,A,-,09,21804,A,N,D,G,A,A,H,-,A,D,0,,Y,,,Y,,A,01,0,1,0,0,0,0,1,0,0,"- ","- ",33.831611633300781,-118.38944244384766,"LOS ANGELES","REDONDO BEACH",-118.38969421386719,33.832477569580078
9643095,2023,2023-12-12,1942,2023-10-20,1525,42943,0201,5,5,7,1942,0,0,0,B,0,24TL51,"VERMONT AV","WILLOW BROOK AV",136.00,N,N,A,-,N,,,,,,,,,,N,2,0,1,2,A,-,05,21651,B,N,A,G,A,A,H,-,A,D,0,,Y,,,Y,,A,01,1,0,0,0,0,0,1,0,0,"- ","- ",,,"LOS ANGELES","LOS ANGELES",-118.29174041748047,34.089813232421875
9643109,2023,2023-11-30,1942,2023-10-23,0815,37540,0451,1,5,7,1942,0,0,0,D,0,24T27,"1ST ST","GUESS ST",0.00,,Y,B,-,N,,,,,,,,,,N,2,0,1,2,A,-,08,22107,,N,D,G,A,A,H,-,A,D,0,,Y,,,Y,,A,01,1,0,0,0,0,0,1,0,0,"- ","- ",,,"LOS ANGELES","LOS ANGELES",-118.22287750244141,34.047504425048828
9643114,2023,2023-12-01,1942,2023-10-17,1530,42943,1151,2,5,7,1942,0,0,0,K,0,24TL51,"VERMONT AV","SUNSET AV",170.00,S,N,A,-,N,,,,,,,,,,N,3,0,1,2,A,-,03,22350,,F,B,G,A,A,H,-,A,D,0,,Y,,,Y,,-,99,0,1,0,0,0,0,1,0,0,"- ","- ",,,"LOS ANGELES","LOS ANGELES",-118.29177093505859,34.097682952880859
9643117,2023,2023-11-30,1942,2023-10-16,1940,44937,1385,1,5,7,1942,0,0,0,M,0,13X17,"62ND ST",AVALON,100.00,W,N,A,-,N,,,,,,,,,,N,3,0,1,2,A,-,00,21760,B,F,C,G,A,A,H,-,B,D,0,,Y,,,Y,Y,-,,0,1,0,0,0,0,1,0,0,"- ","- ",,,"LOS ANGELES","LOS ANGELES",-118.26519012451172,33.983169555664062
9643168,2023,2023-11-22,1941,2023-01-31,0300,11379,WEST,2,5,7,1941,0,0,0,,0,004,"PACIFIC AV & W 20TH ST","BTWN W 19TH ST & END",0.00,,Y,A,-,N,,,,,,,,,,N,3,0,1,2,A,-,08,22107,,F,G,G,A,A,H,-,C,A,0,,Y,,,Y,,A,01,0,1,0,0,0,0,1,0,0,"- ","- ",33.793491363525391,-118.19374084472656,"LOS ANGELES","LONG BEACH",-118.19377136230469,33.793495178222656
9643306,2023,2023-12-07,1942,2023-10-07,1605,38111,0558,6,5,7,1942,0,0,0,E,0,25TL29,"E 5TH ST","HARBOR BL",0.00,,Y,A,-,N,,,,,,,,,,N,4,0,1,2,A,-,05,21650,1,N,D,G,A,A,H,-,A,A,0,,Y,,,Y,,L,04,0,0,1,0,0,0,1,0,0,"- ","- ",,,"LOS ANGELES","LOS ANGELES",-118.2796630859375,33.740531921386719
9643313,2023,2023-12-07,1900,2023-10-05,0625,647211,2813,4,5,5,1915,0,0,0,,0,282T1,"WILMINGTON AV","STOCKWELL ST",0.00,,Y,A,-,N,,,,,,,,,,N,4,0,1,3,A,-,17,21200,A,N,D,G,A,A,H,-,A,D,0,,Y,,,Y,,L,04,0,0,1,0,0,0,1,0,0,"- ","- ",33.909160614013672,-118.23902893066406,"LOS ANGELES",COMPTON,-118.23915863037109,33.909038543701172
9643327,2023,2023-12-06,1942,2023-10-03,0830,40726,1891,2,5,7,1942,0,0,0,R,0,25MX83,"AINSWORTH ST","GARDENA BL",4.00,S,N,A,-,N,,,,,,,,,,N,3,0,1,2,A,-,05,21650,,F,D,G,A,A,H,-,A,A,0,,Y,,,Y,,-,99,0,1,0,0,0,0,1,0,0,"- ","- ",,,"LOS ANGELES","LOS ANGELES",-118.29022979736328,33.881610870361328
9643515,2023,2023-11-27,1900,2023-08-31,1650,654688,1352,4,5,3,1927,0,0,0,,0,135B,"CENTRALIA ST","ELAINE AV",350.00,E,N,A,-,N,,,,,,,,,,N,3,0,1,2,A,-,09,21804,A,N,D,G,A,A,H,-,A,D,0,,Y,,,Y,,A,07,0,1,0,0,0,0,1,0,0,"- ","- ",,,"LOS ANGELES","HAWAIIAN GARDENS",-118.07527160644531,33.838718414306641
9644227,2023,2023-12-30,1941,2023-06-14,1220,6003W,WEST,3,5,7,1941,0,0,0,,0,025,"W ANAHEIM ST","CASPIAN AV",0.00,,N,A,-,N,,,,,,,,,,,4,0,1,2,D,-,00,,,F,B,G,A,A,H,-,A,D,0,,Y,,Y,Y,,-,"- ",0,0,1,0,0,0,1,0,0,"- ","- ",33.782718658447266,-118.212158203125,"LOS ANGELES","LONG BEACH",-118.21218109130859,33.782695770263672
9644993,2023,2024-01-25,1941,2023-10-07,1510,11553,EAST,6,5,7,1941,0,0,0,,0,012,"EAST 7TH ST","FEDERATION DR",10.00,W,N,A,-,N,,,,,,,,,,N,2,0,1,2,A,-,17,21200,A,N,D,G,A,A,H,-,A,D,0,,Y,,,Y,,L,04,1,0,0,0,0,0,1,0,0,"- ","- ",33.774368286132812,-118.13285827636719,"LOS ANGELES","LONG BEACH",-118.13475036621094,33.77532958984375
9646656,2023,2024-01-09,1901,2023-01-07,1031,275,16,6,5,5,1901,0,0,0,,0,004,"FREMONT AV","RAMONA TER",209.00,N,N,A,-,N,,,,,,,,,,N,3,0,1,2,A,-,08,22107,,F,B,G,A,A,H,-,A,A,0,,Y,,,Y,Y,A,01,0,1,0,0,0,0,1,0,0,"- ","- ",34.069961547851562,-118.15178680419922,"LOS ANGELES",ALHAMBRA,-118.15178680419922,34.070503234863281
9646664,2023,2024-01-09,1901,2023-03-26,1633,287,24,7,5,5,1901,0,0,0,,0,003,"ALHAMBRA RD","BUSHNELL AV",20.00,W,N,A,-,N,,,,,,,,,,N,3,0,1,2,A,-,03,22350,,N,C,G,A,A,H,-,A,D,0,,Y,,,Y,,A,01,0,1,0,0,0,0,1,0,0,"- ","- ",34.098728179931641,-118.14122009277344,"LOS ANGELES",ALHAMBRA,-118.14129638671875,34.098690032958984
9646882,2023,2024-02-05,1920,2023-12-06,1504,13118,1920,3,5,6,1920,0,0,0,,0,004,"LAKEWOOD BL","FLORENCE AV",0.00,,Y,A,-,N,,,,,,,,,,,3,0,1,2,D,-,00,,,M,D,-,A,A,H,-,A,A,0,,Y,,Y,Y,,-,"- ",0,1,0,0,0,0,1,0,0,"- ","- ",,,"LOS ANGELES",DOWNEY,-118.11714172363281,33.947452545166016
9647249,2023,2024-01-18,1953,2023-11-07,1547,2799,1953,2,5,6,1953,0,0,0,,0,003,"MICHIGAN AV","WASHINGTON BL",15.00,S,N,A,-,N,,,,,,,,,,N,4,0,1,2,A,-,03,22350,,N,D,G,A,A,H,-,A,D,0,,Y,,,Y,,A,07,0,0,1,0,0,0,1,0,0,"- ","- ",,,"LOS ANGELES",PASADENA,-118.12563323974609,34.169010162353516
9648236,2023,2023-12-13,1956,2023-10-26,1517,1252,41,4,5,5,1956,0,0,0,,0,003,"GRANT AV","BLOSSOM LN",0.00,,Y,A,-,N,,,,,,,,,,Y,2,0,1,2,A,-,09,21802,A,N,D,G,A,A,H,-,A,A,0,,Y,,,Y,,L,04,1,0,0,0,0,0,1,0,0,"- ","- ",33.869029998779297,-118.37481689453125,"LOS ANGELES","REDONDO BEACH",-118.37487030029297,33.869014739990234
9649061,2023,2024-03-04,1941,2023-12-08,2312,11082,WEST,5,5,7,1941,0,0,0,,0,002,"W PACIFIC COAST HWY","HARBOR AV",0.00,,Y,A,-,N,,,,,,,,,,N,3,0,1,2,B,-,22,,,N,G,G,A,A,H,-,C,A,0,,Y,,,Y,,L,04,0,1,0,0,0,0,1,0,0,"- ","- ",33.789848327636719,-118.21048736572266,"LOS ANGELES","LONG BEACH",-118.21053314208984,33.789859771728516
9649066,2023,2024-03-04,1902,2023-12-06,1713,815,35,3,5,5,1902,0,0,0,,0,005,"HOLLY AV","W LONGDEN AV",0.00,,Y,A,-,N,,,,,,,,,,N,3,0,1,2,A,-,09,21800,A,N,H,G,A,A,H,-,C,A,0,,Y,,,Y,,L,04,0,1,0,0,0,0,1,0,0,"- ","- ",,,"LOS ANGELES",ARCADIA,-118.04562377929688,34.115131378173828
9649071,2023,2024-03-04,1902,2023-12-04,1724,779,12,1,5,5,1902,0,0,0,,0,003,"COLORADO BL","SAN ANTONIO RD",0.00,,Y,A,-,N,,,,,,,,,,N,3,0,1,2,A,-,08,22107,,N,H,G,A,A,H,-,C,A,0,,Y,,,Y,Y,L,04,0,1,0,0,0,0,1,0,0,"- ","- ",,,"LOS ANGELES",ARCADIA,-118.03524017333984,34.145442962646484
9649082,2023,2023-12-29,1941,2023-10-17,1448,11667,WEST,2,5,7,1941,0,0,0,,0,004,"W ANAHEIM ST","BTWN W 11TH ST & W 12TH ST",0.00,,N,A,-,N,,,,,,,,,,,3,0,1,2,A,-,00,20001,,F,H,G,A,A,H,-,A,A,0,,Y,,,Y,Y,A,01,0,1,0,0,0,0,1,0,0,"- ","- ",33.782630920410156,-118.19322204589844,"LOS ANGELES","LONG BEACH",-118.20882415771484,33.782447814941406
9649187,2023,2024-01-03,1942,2023-11-19,1700,44903,1942,7,5,7,1942,0,0,0,,0,0465,"EAST 4TH ST","CONCORD ST",80.00,W,N,A,-,N,,,,,,,,,,N,2,0,1,2,A,-,03,22350,,F,C,G,A,A,H,-,C,D,0,,Y,,,Y,,-,99,1,0,0,0,0,0,1,0,0,"- ","- ",,,"LOS ANGELES","LOS ANGELES",-118.19891357421875,34.034873962402344
9649189,2023,2023-12-29,1942,2023-11-21,1840,34332,0455,2,5,7,1942,0,0,0,D,0,24T32,"SHERIDAN ST","SOTO ST",165.00,W,N,A,-,N,,,,,,,,,,N,3,0,1,2,A,-,09,21804,A,N,D,G,A,A,-,-,C,D,0,,Y,,,Y,,L,04,0,1,0,0,0,0,1,0,0,"- ","- ",,,"LOS ANGELES","LOS ANGELES",-118.20631408691406,34.050121307373047
9649231,2023,2024-03-02,1970,2023-12-06,1519,209,APD,3,5,4,1970,0,0,0,,0,002,"MISSION ST","FAIR OAKS AV",0.00,,Y,A,-,N,,,,,,,,,,N,3,0,1,2,A,-,09,21801,A,N,H,G,A,A,H,-,A,A,0,,Y,,,Y,,-,,0,1,0,0,0,0,1,0,0,"- ","- ",,,"LOS ANGELES","SOUTH PASADENA",-118.15034484863281,34.115833282470703
9649395,2023,2024-02-17,1929,2023-12-28,1826,211,1929,4,5,3,1929,0,0,0,,0,002,"PIER AV","MANHATTAN AV",65.00,W,N,A,-,N,,,,,,,,,,N,4,0,1,3,A,-,03,22350,,N,H,G,A,A,H,-,C,A,0,,Y,,,Y,,L,04,0,0,1,0,0,0,1,0,0,"- ","- ",,,"LOS ANGELES","HERMOSA BEACH",-118.39932250976562,33.862567901611328
9649405,2023,2024-02-17,1900,2023-12-13,1200,629510,1365,3,5,5,1952,0,0,0,,0,136A,"ROSECRANS AV","ORIZABA AV",120.00,E,N,A,-,N,,,,,,,,,,N,4,0,1,2,A,-,05,21650,,N,H,G,A,A,H,-,A,D,0,,Y,,,Y,,L,04,0,0,1,0,0,0,1,0,0,"- ","- ",,,"LOS ANGELES",PARAMOUNT,-118.15756225585938,33.903640747070312
9649586,2023,2024-01-08,1900,2023-11-15,0815,625470,2914,3,5,4,1974,0,0,0,,0,291K1,"PIERRE RD","CARDIN ST",12.00,S,N,A,-,N,,,,,,,,,,N,3,0,1,2,A,-,12,22450,A,N,B,G,A,A,H,-,A,A,0,,Y,,,Y,,A,07,0,1,0,0,0,0,1,0,0,"- ","- ",34.027420043945312,-117.85616302490234,"LOS ANGELES",WALNUT,-117.85613250732422,34.02728271484375
9649624,2023,2023-12-30,1942,2023-10-30,2115,41671,2002,1,5,7,1942,0,0,0,,0,27T33,"WESTERN AV","MAPLEWOOD AV",0.00,,Y,A,-,N,,,,,,,,,,N,2,0,1,2,A,-,09,21804,A,N,H,G,A,A,H,-,C,A,0,,Y,,,Y,,L,04,1,0,0,0,0,0,1,0,0,"- ","- ",,,"LOS ANGELES","LOS ANGELES",-118.30915069580078,34.079875946044922
9649628,2023,2023-12-30,1942,2023-10-29,1320,43070,0375,7,5,7,1942,0,0,0,C,0,25T21,"WESTERN AV","MIDDLETON PL",83.00,N,N,A,-,N,,,,,,,,,,N,2,0,1,2,A,-,05,21651,B,N,D,G,A,A,H,-,A,D,0,,Y,,,Y,,L,04,1,0,0,0,0,0,1,0,0,"- ","- ",,,"LOS ANGELES","LOS ANGELES",-118.30890655517578,34.0157470703125
9649827,2023,2023-12-30,1942,2023-07-08,0830,30891,1493,6,5,7,1942,0,0,0,N,0,43QL59,"VISTA DEL MAR","HYPERION WY",64.00,N,N,B,-,N,,,,,,,,,,N,2,0,2,2,A,-,03,22350,,N,B,G,A,A,G,-,A,D,0,,Y,,,Y,Y,-,"- ",1,1,0,0,0,0,2,0,0,"- ","- ",,,"LOS ANGELES","LOS ANGELES",-118.43196105957031,33.924732208251953
9649846,2023,2024-01-22,1941,2023-03-02,1518,11226,WEST,4,5,7,1941,0,0,0,,0,003,"GOLDEN AV","W WILLOW ST",0.00,,Y,A,-,N,,,,,,,,,,Y,3,0,1,2,A,-,09,21800,A,N,H,G,A,A,H,-,A,A,0,,Y,,,Y,,-,"- ",0,1,0,0,0,0,1,0,0,"- ","- ",33.804389953613281,-118.20240020751953,"LOS ANGELES","LONG BEACH",-118.20244598388672,33.804397583007812