CASE_ID,ACCIDENT_YEAR,PROC_DATE,JURIS,COLLISION_DATE,COLLISION_TIME,OFFICER_ID,REPORTING_DISTRICT,DAY_OF_WEEK,CHP_SHIFT,POPULATION,CNTY_CITY_LOC,SPECIAL_COND,BEAT_TYPE,CHP_BEAT_TYPE,CITY_DIVISION_LAPD,CHP_BEAT_CLASS,BEAT_NUMBER,PRIMARY_RD,SECONDARY_RD,DISTANCE,DIRECTION,INTERSECTION,WEATHER_1,WEATHER_2,STATE_HWY_IND,CALTRANS_COUNTY,CALTRANS_DISTRICT,STATE_ROUTE,ROUTE_SUFFIX,POSTMILE_PREFIX,POSTMILE,LOCATION_TYPE,RAMP_INTERSECTION,SIDE_OF_HWY,TOW_AWAY,COLLISION_SEVERITY,NUMBER_KILLED,NUMBER_INJURED,PARTY_COUNT,PRIMARY_COLL_FACTOR,PCF_CODE_OF_VIOL,PCF_VIOL_CATEGORY,PCF_VIOLATION,PCF_VIOL_SUBSECTION,HIT_AND_RUN,TYPE_OF_COLLISION,MVIW,PED_ACTION,ROAD_SURFACE,ROAD_COND_1,ROAD_COND_2,LIGHTING,CONTROL_DEVICE,CHP_ROAD_TYPE,PEDESTRIAN_ACCIDENT,BICYCLE_ACCIDENT,MOTORCYCLE_ACCIDENT,TRUCK_ACCIDENT,NOT_PRIVATE_PROPERTY,ALCOHOL_INVOLVED,STWD_VEHTYPE_AT_FAULT,CHP_VEHTYPE_AT_FAULT,COUNT_SEVERE_INJ,COUNT_VISIBLE_INJ,COUNT_COMPLAINT_PAIN,COUNT_PED_KILLED,COUNT_PED_INJURED,COUNT_BICYCLIST_KILLED,COUNT_BICYCLIST_INJURED,COUNT_MC_KILLED,COUNT_MC_INJURED,PRIMARY_RAMP,SECONDARY_RAMP,LATITUDE,LONGITUDE,COUNTY,CITY,POINT_X,POINT_Y
82138074,2023,2023-08-08,1975,2023-07-28,0703,468,WCPD,5,5,6,1975,0,0,0,,0,006,"AMAR RD","TEMPLE AV",0.00,,Y,A,-,N,,,,,,,,,,N,4,0,1,2,A,-,10,21950,A,N,D,G,A,A,H,-,A,A,0,,Y,,,Y,,A,01,0,0,1,0,0,0,1,0,0,"- ","- ",,,"LOS ANGELES","WEST COVINA",-117.91007995605469,34.029197692871094
82139374,2023,2023-08-09,1933,2023-08-06,1234,1079,24,7,5,6,1933,0,0,0,,0,002,"ARBOR VITAE ST","ROSEWOOD AV",44.00,W,N,A,-,N,,,,,,,,,,N,4,0,1,2,A,-,09,21804,A,N,B,G,A,A,H,-,A,A,0,,Y,,,Y,,L,04,0,0,1,0,0,0,1,0,0,"- ","- ",33.952751159667969,-118.36015319824219,"LOS ANGELES",INGLEWOOD,-118.36034393310547,33.952705383300781
82142300,2023,2023-08-14,1922,2023-07-26,2047,677,,3,5,6,1922,0,0,0,,0,004,"ELLIOTT AVE","MAXSON RD",10.00,W,N,A,-,N,,,,,,,,,,Y,3,0,1,2,A,-,03,22350,,F,D,G,A,A,H,-,C,B,0,,Y,,,Y,Y,A,07,0,1,0,0,0,0,1,0,0,"- ","- ",34.054771423339844,-118.02201843261719,"LOS ANGELES","EL MONTE",-118.02207946777344,34.054668426513672
82142484,2023,2023-08-14,1922,2023-06-08,1952,717,"EL MO",4,5,6,1922,0,0,0,,0,003,"TYLER AVE","BODGER ST",200.00,S,N,A,-,N,,,,,,,,,,N,3,0,1,2,A,-,08,22107,,N,D,G,A,A,H,-,A,D,0,,Y,,,Y,,L,04,0,1,0,0,0,0,1,0,0,"- ","- ",34.064640045166016,-118.03588104248047,"LOS ANGELES","EL MONTE",-118.03582763671875,34.064163208007812
82144803,2023,2023-08-16,1948,2023-07-18,0946,474,1948,2,5,5,1948,0,0,0,,0,005,"WILCOX AV","POMONA BLVD",0.00,,Y,A,-,N,,,,,,,,,,N,3,0,1,2,A,-,04,21703,,F,C,G,A,A,H,-,A,A,0,,Y,,,Y,,A,01,0,1,0,0,0,0,1,0,0,"- ","- ",34.033641815185547,-118.12506866455078,"LOS ANGELES","MONTEREY PARK",-118.12506866455078,34.033607482910156
82147892,2023,2023-08-21,1947,2023-05-10,1555,1459,,3,5,5,1947,0,0,0,,0,00E,"PICKERING WY","MALDEN DR",25.00,W,N,A,-,N,,,,,,,,,,N,2,0,1,2,A,-,03,22350,,N,B,E,A,A,H,-,A,D,0,,Y,,,Y,,M,91,1,0,0,0,0,0,1,0,0,"- ","- ",34.008258819580078,-118.122802734375,"LOS ANGELES",MONTEBELLO,-118.12278747558594,34.008331298828125
82147896,2023,2023-08-21,1922,2023-06-17,1332,700,,6,5,6,1922,0,0,0,,0,001,"VALLEY BLVD","SANTA ANITA AVE",0.00,,Y,A,-,N,,,,,,,,,,N,3,0,1,2,A,-,05,21650,1,N,D,G,A,A,H,-,A,A,0,,Y,,,Y,,L,04,0,1,0,0,0,0,1,0,0,"- ","- ",34.076480865478516,-118.04116821289062,"LOS ANGELES","EL MONTE",-118.04109954833984,34.076465606689453
82147901,2023,2023-08-21,1922,2023-07-25,1840,605,,2,5,6,1922,0,0,0,,0,,"MONTECITO DR","TYLER AVE",100.00,E,N,A,-,N,,,,,,,,,,N,4,0,1,2,A,-,09,21804,A,F,H,G,A,A,H,-,A,D,0,,Y,,,Y,,D,22,0,0,1,0,0,0,1,0,0,"- ","- ",34.0784912109375,-118.03337097167969,"LOS ANGELES","EL MONTE",-118.03306579589844,34.078285217285156
82151868,2023,2023-08-24,1922,2023-07-18,0847,709,1922,2,5,6,1922,0,0,0,,0,002,"RAMONA BLVD","PENN MAR AVE",0.00,,Y,A,-,N,,,,,,,,,,N,4,0,1,2,A,-,05,21650,1,N,D,G,A,A,H,-,A,D,0,,Y,,,Y,,L,04,0,0,1,0,0,0,1,0,0,"- ","- ",34.0755615234375,-118.01069641113281,"LOS ANGELES","EL MONTE",-118.01069641113281,34.075546264648438
82151948,2023,2023-08-25,1965,2023-07-17,1141,4145,0B1F,1,5,5,1965,0,0,0,,0,B001,"MAIN ST","PICO BLVD",8.00,S,N,A,-,N,,,,,,,,,,N,4,0,1,2,A,-,12,21453,A,N,D,G,A,A,H,-,A,A,0,,Y,,,Y,,A,01,0,0,1,0,0,0,1,0,0,"- ","- ",,,"LOS ANGELES","SANTA MONICA",-118.48969268798828,34.007923126220703
82152015,2023,2023-08-24,1933,2023-08-22,1345,1080,36,2,5,6,1933,0,0,0,,0,004,"IMPERIAL HWY","ARDATH AV",0.00,,Y,A,-,N,,,,,,,,,,N,4,0,1,2,D,-,00,,,F,D,G,A,A,H,-,A,A,0,,Y,,,Y,,-,"- ",0,0,1,0,0,0,1,0,0,"- ","- ",33.930919647216797,-118.32395935058594,"LOS ANGELES",INGLEWOOD,-118.32392120361328,33.930900573730469
82155238,2023,2023-08-28,1965,2023-07-26,0931,4164,0B1H,3,5,5,1965,0,0,0,,0,B001,"5TH ST","COLORADO AVE",160.00,N,N,A,-,N,,,,,,,,,,N,3,0,1,2,A,-,17,22517,,N,B,G,A,A,H,-,A,D,0,,Y,,,Y,,A,01,0,1,0,0,0,0,1,0,0,"- ","- ",,,"LOS ANGELES","SANTA MONICA",-118.49149322509766,34.014850616455078
82167693,2023,2023-09-12,1969,2023-08-11,0142,10242,PATRO,5,5,5,1969,0,0,0,,0,001,"FILESTONE BLVD","SANTA FE AV",50.00,E,N,A,-,N,,,,,,,,,,N,3,0,1,2,D,-,00,,,F,H,G,A,A,H,-,C,D,0,,Y,,,Y,,-,"- ",0,1,0,0,0,0,1,0,0,"- ","- ",33.956138610839844,-118.22482299804688,"LOS ANGELES","SOUTH GATE",-118.22464752197266,33.955997467041016
82168696,2023,2023-09-13,1922,2023-08-23,1530,655,,3,5,6,1922,0,0,0,,0,,"CONCERT ST","TYLER AVE",25.00,E,N,A,-,N,,,,,,,,,,N,3,0,1,2,A,-,08,22107,,F,D,G,A,A,H,-,A,D,0,,Y,,,Y,,L,04,0,1,0,0,0,0,1,0,0,"- ","- ",34.063690185546875,-118.03578948974609,"LOS ANGELES","EL MONTE",-118.03572082519531,34.06378173828125
82171533,2023,2023-09-18,1975,2023-08-25,0818,492,WCPD,5,5,6,1975,0,0,0,,0,002,"VIRGINIA AV","BARRANCA ST",0.00,,Y,A,-,N,,,,,,,,,,N,3,0,1,2,A,-,05,21651,B,N,A,G,A,A,H,-,A,A,0,,Y,,,Y,,L,04,0,1,0,0,0,0,1,0,0,"- ","- ",34.067958831787109,-117.88127136230469,"LOS ANGELES","WEST COVINA",-117.88128662109375,34.069492340087891
82173062,2023,2024-02-08,1922,2023-08-12,2052,713,1922,6,5,6,1922,0,0,0,,0,003,"GARVEY AVE","SANTA ANITA AVE",3.00,W,N,A,-,N,,,,,,,,,,N,3,0,1,2,A,-,05,21202,A,N,B,G,A,A,H,-,C,A,0,,Y,,,Y,,L,04,0,1,0,0,0,0,1,0,0,"- ","- ",34.062698364257812,-118.04254150390625,"LOS ANGELES","EL MONTE",-118.04251098632812,34.062747955322266
82175578,2023,2023-09-22,1965,2023-08-15,1340,3158,0B2A,2,5,5,1965,0,0,0,,0,B002,"OCEAN PARK BLVD","7TH ST (E)",0.00,,Y,A,-,N,,,,,,,,,,N,2,0,1,2,A,-,21,22106,,N,H,G,A,A,C,-,A,D,0,,Y,,,Y,,A,01,1,0,0,0,0,0,1,0,0,"- ","- ",,,"LOS ANGELES","SANTA MONICA",-118.47805786132812,34.005970001220703
82176781,2023,2023-09-22,1933,2023-09-08,0800,1084,34,5,5,6,1933,0,0,0,,0,004,"108TH ST","YUKON AV",0.00,,Y,A,-,N,,,,,,,,,,N,4,0,1,2,A,-,08,22107,,N,H,G,A,A,H,-,A,D,0,,Y,,,Y,,A,01,0,0,1,0,0,0,1,0,0,"- ","- ",33.937751770019531,-118.33487701416016,"LOS ANGELES",INGLEWOOD,-118.33489990234375,33.937721252441406
82177616,2023,2023-09-25,1947,2023-08-23,0751,1459,,3,5,5,1947,0,0,0,,0,00D,"GREENWOOD AVE","MINES AVE",0.00,,Y,A,-,N,,,,,,,,,,N,3,0,1,2,A,-,09,21801,A,N,H,G,A,A,H,-,A,A,0,,Y,,,Y,,A,01,0,1,0,0,0,0,1,0,0,"- ","- ",34.003379821777344,-118.11447143554688,"LOS ANGELES",MONTEBELLO,-118.11448669433594,34.003360748291016
82182087,2023,2023-09-28,1922,2023-09-04,2223,712,,1,5,6,1922,0,0,0,,0,004,"VALLEY BLVD","MAXSON RD (W)",0.00,,Y,A,-,N,,,,,,,,,,N,4,0,1,2,A,-,05,21650,1,N,B,G,A,A,H,-,C,A,0,,Y,,,Y,,L,04,0,0,1,0,0,0,1,0,0,"- ","- ",34.060840606689453,-118.015380859375,"LOS ANGELES","EL MONTE",-118.01538848876953,34.060832977294922
82187388,2023,2023-10-02,1965,2023-08-30,2105,3158,0B1G,3,5,5,1965,0,0,0,,0,B001,"SEASIDE TER","OCEAN AVE",2.00,W,N,A,-,N,,,,,,,,,,N,3,0,1,2,A,-,05,21202,A,N,H,G,A,A,H,-,C,D,0,,Y,,,Y,,L,04,0,1,0,0,0,0,1,0,0,"- ","- ",,,"LOS ANGELES","SANTA MONICA",-118.49382781982422,34.010517120361328
82188615,2023,2023-10-03,1925,2023-08-25,2045,26161,229,5,5,6,1925,0,0,0,,0,004,"GLENOAKS BOULEVARD","CORONADO DRIVE",11.00,W,N,A,-,N,,,,,,,,,,N,3,0,1,2,A,-,03,22350,,N,D,G,A,A,H,-,D,D,0,,Y,,,Y,,A,01,0,1,0,0,0,0,1,0,0,"- ","- ",34.159500122070312,-118.24062347412109,"LOS ANGELES",GLENDALE,-118.2406005859375,34.159427642822266
82189775,2023,2023-10-04,1912,2023-01-20,1811,13813,,5,5,6,1912,0,0,0,,0,,"BUENA VISTA STREET","CHANDLER BOULEVARD",0.00,,Y,A,-,N,,,,,,,,,,N,3,0,1,2,A,-,03,22350,,N,D,G,A,A,H,-,C,A,0,,Y,,,Y,,L,04,0,1,0,0,0,0,1,0,0,"- ","- ",34.175498962402344,-118.33647918701172,"LOS ANGELES",BURBANK,-118.33645629882812,34.175464630126953
82191391,2023,2023-10-05,1912,2023-02-12,0820,15506,,7,5,6,1912,0,0,0,,0,,"GLENOAKS BOULEVARD","PALM AVENUE",0.00,,Y,A,-,N,,,,,,,,,,N,4,0,1,2,A,-,08,22107,,N,D,G,A,A,H,-,A,D,0,,Y,,,Y,,A,01,0,0,1,0,0,0,1,0,0,"- ","- ",34.184490203857422,-118.30834197998047,"LOS ANGELES",BURBANK,-118.30824279785156,34.184673309326172
82191446,2023,2023-10-05,1912,2023-03-17,1539,14849,,5,5,6,1912,0,0,0,,0,,"FLOWER STREET","VERDUGO AVENUE",80.00,N,N,A,-,N,,,,,,,,,,N,4,0,1,2,A,-,17,22517,,N,H,G,A,A,H,-,A,D,0,,Y,,,Y,,A,01,0,0,1,0,0,0,1,0,0,"- ","- ",34.175449371337891,-118.30912780761719,"LOS ANGELES",BURBANK,-118.30935668945312,34.175586700439453
82191462,2023,2023-10-05,1912,2023-01-24,1730,13208,1912,2,5,6,1912,0,0,0,,0,,"RIVERSIDE DRIVE","SPARKS STREET",21.00,E,N,A,-,N,,,,,,,,,,N,3,0,1,1,A,-,03,22350,,N,E,J,A,A,B,-,C,D,0,,Y,,,Y,,L,04,0,1,0,0,0,0,1,0,0,"- ","- ",34.157501220703125,-118.31709289550781,"LOS ANGELES",BURBANK,-118.31707763671875,34.157585144042969
82192632,2023,2023-10-06,1912,2023-04-23,2000,15259,,7,5,6,1912,0,0,0,,0,,"VANOWEN STREET","HOLLYWOOD WAY",700.00,W,N,A,-,N,,,,,,,,,,N,3,0,1,1,D,-,00,,,N,H,A,A,A,H,-,C,D,0,,Y,,,Y,Y,-,"- ",0,1,0,0,0,0,1,0,0,"- ","- ",34.191780090332031,-118.34892272949219,"LOS ANGELES",BURBANK,-118.35118865966797,34.192234039306641
82192697,2023,2023-10-09,1912,2023-06-05,1010,13377,,1,5,6,1912,0,0,0,,0,,"LAKE STREET","ASH AVENUE (E)",30.00,N,N,B,-,N,,,,,,,,,,N,3,0,1,2,A,-,00,21760,A,F,B,G,A,A,H,-,A,D,0,,Y,,,Y,,A,01,0,1,0,0,0,0,1,0,0,"- ","- ",34.169948577880859,-118.30706024169922,"LOS ANGELES",BURBANK,-118.30713653564453,34.170284271240234
82193517,2023,2023-10-09,1912,2023-07-04,1550,14481,,2,5,6,1912,0,0,0,,0,,"BURBANK BOULEVARD","HOLLYWOOD WAY",123.00,W,N,A,-,N,,,,,,,,,,N,2,0,1,2,A,-,03,22350,,N,D,C,A,A,H,-,A,D,0,,Y,,,Y,,M,91,1,0,0,0,0,0,1,0,0,"- ","- ",34.174930572509766,-118.34944915771484,"LOS ANGELES",BURBANK,-118.34971618652344,34.174858093261719
82193527,2023,2023-10-09,1912,2023-07-12,0950,15454,,3,5,6,1912,0,0,0,,0,,"BURBANK BOULEVARD","MYERS STREET (E)",0.00,,Y,A,-,N,,,,,,,,,,N,3,0,1,2,A,-,05,21650,1,N,D,G,A,A,H,-,A,D,0,,Y,,,Y,,L,04,0,1,0,0,0,0,1,0,0,"- ","- ",34.179779052734375,-118.33482360839844,"LOS ANGELES",BURBANK,-118.33493804931641,34.179805755615234
82193550,2023,2023-10-09,1912,2023-07-25,1103,9393,,2,5,6,1912,0,0,0,,0,,"CLYBOURN AVENUE","MAGNOLIA BOULEVARD",145.00,S,N,A,-,N,,,,,,,,,,N,3,0,1,2,A,-,00,21809,A,N,D,G,A,A,H,-,A,D,0,,Y,,,Y,,L,04,0,1,0,0,0,0,1,0,0,"- ","- ",,,"LOS ANGELES",BURBANK,-118.35466003417969,34.164852142333984
82193825,2023,2023-10-09,1912,2023-08-19,1800,14849,,6,5,6,1912,0,0,0,,0,,"SAN FERNANDO BOULEVARD","GRISMER AVENUE",280.00,N,N,B,-,N,,,,,,,,,,N,4,0,1,2,A,-,05,21650,1,N,A,G,A,A,H,-,A,A,0,,Y,,,Y,,L,04,0,0,1,0,0,0,1,0,0,"- ","- ",34.191680908203125,-118.32525634765625,"LOS ANGELES",BURBANK,-118.32530212402344,34.191581726074219
82193991,2023,2023-10-09,1948,2023-09-21,2240,423,1948,4,5,5,1948,0,0,0,,0,004,"EL REPETTO DR","LINCOLN AV",0.00,,Y,A,-,Y,,,,,,,,,,N,3,0,1,1,A,-,03,22350,,N,-,G,A,A,H,-,C,D,0,,Y,,,Y,,L,04,0,1,0,0,0,0,1,0,0,"- ","- ",34.047138214111328,-118.12779998779297,"LOS ANGELES","MONTEREY PARK",-118.12783813476562,34.047088623046875
82199409,2023,2023-10-16,1965,2023-09-03,1825,4160,0B3A,7,5,5,1965,0,0,0,,0,003,"ARIZONA AVE","LINCOLN CT",20.00,W,N,A,-,N,,,,,,,,,,N,4,0,1,2,A,-,03,22350,,N,B,G,A,A,H,-,A,A,0,,Y,,,Y,,A,01,0,0,1,0,0,0,1,0,0,"- ","- ",34.021171569824219,-118.49249267578125,"LOS ANGELES","SANTA MONICA",-118.49301910400391,34.020809173583984
82199416,2023,2023-10-16,1925,2023-10-03,1752,28418,248,2,5,6,1925,0,0,0,,0,003,"BRAND BOULEVARD",BROADWAY,325.00,S,N,A,-,N,,,,,,,,,,N,4,0,1,2,A,-,05,21650,1,N,D,G,A,A,H,-,A,A,0,,Y,,,Y,,L,04,0,0,1,0,0,0,1,0,0,"- ","- ",34.146308898925781,-118.25501251220703,"LOS ANGELES",GLENDALE,-118.25507354736328,34.145359039306641
82203035,2023,2023-10-19,1922,2023-10-03,1258,620,,2,5,6,1922,0,0,0,,0,001,"RANCHITO ST","SANTA ANITA AVE",0.00,,Y,A,-,N,,,,,,,,,,N,3,0,1,2,A,-,05,21650,1,N,D,G,A,A,H,-,A,A,0,,Y,,,Y,,L,04,0,1,0,0,0,0,1,0,0,"- ","- ",34.090568542480469,-118.02694702148438,"LOS ANGELES","EL MONTE",-118.0269775390625,34.090480804443359
82203090,2023,2023-10-19,1965,2023-09-13,1235,4176,0B2C,3,5,5,1965,0,0,0,,0,002,"20TH ST","PEARL ST",0.00,,Y,A,-,N,,,,,,,,,,N,3,0,1,2,D,-,00,,,N,D,G,A,A,H,-,A,A,0,,Y,,,Y,,-,"- ",0,1,0,0,0,0,1,0,0,"- ","- ",34.016788482666016,-118.46726989746094,"LOS ANGELES","SANTA MONICA",-118.46720886230469,34.016731262207031
82206856,2023,2023-10-24,1933,2023-10-21,2219,1079,04,6,5,6,1933,0,0,0,,0,001,"BEACH AV","EUCALYPTUS AV",66.00,N,N,A,-,N,,,,,,,,,,N,4,0,1,2,A,-,03,22350,,F,D,G,A,A,H,-,C,A,0,,Y,,,Y,,-,99,0,0,1,0,0,0,1,0,0,"- ","- ",33.968948364257812,-118.35868835449219,"LOS ANGELES",INGLEWOOD,-118.35899353027344,33.969005584716797
82222179,2023,2023-10-30,1922,2023-10-11,1944,707,1922,3,5,6,1922,0,0,0,,0,002,"LOWER AZUSA RD","ROSEGLEN ST",0.00,,Y,A,-,N,,,,,,,,,,N,3,0,1,2,A,-,09,21804,A,N,D,G,A,A,H,-,C,A,0,,Y,,,Y,,L,04,0,1,0,0,0,0,1,0,0,"- ","- ",34.088100433349609,-118.00189971923828,"LOS ANGELES","EL MONTE",-118.0018310546875,34.088077545166016
82222412,2023,2023-10-31,1965,2023-09-22,2120,4121,0B3D,5,5,5,1965,0,0,0,,0,003,"PICO BLVD","14TH ST (W)",0.00,,Y,A,-,N,,,,,,,,,,N,3,0,1,2,A,-,03,22350,,N,C,G,A,A,H,-,C,A,0,,Y,,,Y,,A,01,0,1,0,0,0,0,1,0,0,"- ","- ",,,"LOS ANGELES","SANTA MONICA",-118.47612762451172,34.01593017578125
82225171,2023,2023-11-01,1933,2023-10-30,1449,812,10,1,5,6,1933,0,0,0,,0,001,"REGENT ST","LA BREA AV",0.00,,Y,A,-,N,,,,,,,,,,N,3,0,1,2,D,-,00,,,N,D,G,A,A,H,-,A,A,0,,Y,,,Y,,-,"- ",0,1,0,0,0,0,1,0,0,"- ","- ",33.964481353759766,-118.35330200195312,"LOS ANGELES",INGLEWOOD,-118.35338592529297,33.964435577392578
82226982,2023,2023-11-03,1922,2023-10-18,0828,620,,3,5,6,1922,0,0,0,,0,001,"ROWLAND AVE","LOWER AZUSA RD",1.00,S,N,A,-,N,,,,,,,,,,N,3,0,1,2,A,-,09,21804,A,N,C,G,A,A,H,-,A,A,0,,Y,,,Y,,L,04,0,1,0,0,0,0,1,0,0,"- ","- ",34.090469360351562,-118.05058288574219,"LOS ANGELES","EL MONTE",-118.05045318603516,34.090488433837891
82228035,2023,2023-11-06,1947,2023-10-12,1912,1468,,4,5,5,1947,0,0,0,,0,00E,"MAPLE AVE","OLYMPIC BLVD",61.00,S,N,A,-,N,,,,,,,,,,N,3,0,1,2,A,-,09,21804,A,N,D,G,A,A,H,-,A,D,0,,Y,,,Y,,A,07,0,1,0,0,0,0,1,0,0,"- ","- ",34.008430480957031,-118.11763763427734,"LOS ANGELES",MONTEBELLO,-118.11769866943359,34.008296966552734
82231687,2023,2023-11-09,1922,2023-10-20,1704,701,,5,5,6,1922,0,0,0,,0,004,"DURFEE AVE","ELLIOTT AVE",0.00,,Y,A,-,N,,,,,,,,,,N,3,0,1,2,A,-,10,21950,A,F,A,G,A,A,H,-,A,A,0,,Y,,,Y,Y,A,01,0,1,0,0,0,0,1,0,0,"- ","- ",34.053379058837891,-118.02056884765625,"LOS ANGELES","EL MONTE",-118.02051544189453,34.053371429443359
82239691,2023,2023-11-20,1909,2023-10-18,0819,588,1909,3,5,4,1909,0,0,0,,0,SOUTH,"FLORENCE AV","THE ECL AJAX AV",235.00,E,N,A,-,N,,,,,,,,,,N,4,0,1,2,A,-,03,22350,,N,D,G,A,A,H,-,A,D,0,,Y,,,Y,,L,04,0,0,1,0,0,0,1,0,0,"- ","- ",33.967510223388672,-118.16248321533203,"LOS ANGELES","BELL GARDENS",-118.16257476806641,33.967563629150391
82244407,2023,2023-11-27,1922,2023-11-06,1924,708,,1,5,6,1922,0,0,0,,0,,"LOWER AZUSA RD","SANTA ANITA AVE (W)",240.00,W,N,A,-,N,,,,,,,,,,N,4,0,1,2,A,-,09,21804,A,F,D,G,A,A,H,-,C,D,0,,Y,,Y,Y,,F,26,0,0,1,0,0,0,1,0,0,"- ","- ",34.092151641845703,-118.0264892578125,"LOS ANGELES","EL MONTE",-118.02717590332031,34.092193603515625
82250614,2023,2023-12-04,1933,2023-11-29,0859,812,27,3,5,6,1933,0,0,0,,0,004,"CENTURY BLVD","YUKON AV",0.00,,Y,A,-,N,,,,,,,,,,N,3,0,1,2,D,-,00,,,N,H,G,A,A,H,-,A,A,0,,Y,,,Y,,-,"- ",0,1,0,0,0,0,1,0,0,"- ","- ",33.945510864257812,-118.33515167236328,"LOS ANGELES",INGLEWOOD,-118.33516693115234,33.945461273193359
82255667,2023,2023-12-07,1973,2023-11-20,0400,668,1973,1,5,1,1973,0,0,0,,0,003,"DISTRICT BLVD","LOMA VISTA AVE",7.00,W,N,A,-,N,,,,,,,,,,N,3,0,1,2,A,-,05,21460,A,N,H,G,A,A,H,-,C,A,0,,Y,,,Y,,L,04,0,1,0,0,0,0,1,0,0,"- ","- ",33.999649047851562,-118.19773864746094,"LOS ANGELES",VERNON,-118.19742584228516,33.999683380126953
82255763,2023,2023-12-07,1933,2023-11-11,1224,1048,24,6,5,6,1933,0,0,0,,0,002,"INGLEWOOD AV","CENTURY BLVD",150.00,S,N,A,-,N,,,,,,,,,,N,4,0,1,2,A,-,08,22107,,N,D,G,A,A,H,-,A,D,0,,Y,,,Y,,A,01,0,0,1,0,0,0,1,0,0,"- ","- ",33.945499420166016,-118.36134338378906,"LOS ANGELES",INGLEWOOD,-118.36135101318359,33.945030212402344
82258158,2023,2023-12-11,1912,2023-10-24,1342,13387,,2,5,6,1912,0,0,0,,0,,"HOLLYWOOD WAY","JEFFRIES AVENUE",440.00,N,N,A,-,N,,,,,,,,,,N,3,0,1,2,A,-,09,21804,B,N,D,G,A,A,H,-,A,D,0,,Y,,,Y,,M,91,0,1,0,0,0,0,1,0,0,"- ","- ",34.181068420410156,-118.34918212890625,"LOS ANGELES",BURBANK,-118.34921264648438,34.182285308837891
82258167,2023,2023-12-11,1948,2023-11-30,1602,496,1948,4,5,5,1948,0,0,0,,0,002,"EMERSON AV","CHANDLER AV",57.00,W,N,A,-,N,,,,,,,,,,N,4,0,1,2,A,-,17,22517,,N,B,E,A,A,H,-,A,D,0,,Y,,,Y,,A,01,0,0,1,0,0,0,1,0,0,"- ","- ",34.066089630126953,-118.13204956054688,"LOS ANGELES","MONTEREY PARK",-118.13227844238281,34.066120147705078
82259495,2023,2023-12-12,1933,2023-12-10,1848,1027,30,7,5,6,1933,0,0,0,,0,003,"CENTURY BLVD","DOTY AV",0.00,,Y,A,-,N,,,,,,,,,,N,4,0,1,2,A,-,08,22107,,N,D,G,A,A,H,-,C,A,0,,Y,,,Y,,A,01,0,0,1,0,0,0,1,0,0,"- ","- ",33.945461273193359,-118.33976745605469,"LOS ANGELES",INGLEWOOD,-118.33982849121094,33.945461273193359
82261614,2023,2023-12-14,1947,2023-10-04,0744,1462,,3,5,5,1947,0,0,0,,0,00C,"LINCOLN AVE","MONTEBELLO BLVD",0.00,,Y,A,-,N,,,,,,,,,,N,3,0,1,2,A,-,12,21453,A,N,D,G,A,A,H,-,A,A,0,,Y,,,Y,,-,"- ",0,1,0,0,0,0,1,0,0,"- ","- ",34.02069091796875,-118.10497283935547,"LOS ANGELES",MONTEBELLO,-118.10496520996094,34.020729064941406
82264108,2023,2023-12-18,1925,2023-12-06,0816,27629,239,3,5,6,1925,0,0,0,,0,004,"VERDUGO ROAD","CALIFORNIA AVENUE (N)",60.00,N,N,A,-,N,,,,,,,,,,N,3,0,1,2,A,-,03,22350,,M,C,G,A,A,H,-,A,D,0,,Y,,,Y,,L,04,0,1,0,0,0,0,1,0,0,"- ","- ",34.150379180908203,-118.23622131347656,"LOS ANGELES",GLENDALE,-118.23624420166016,34.150531768798828
82264300,2023,2023-12-18,1965,2023-11-14,0840,3553,0B3A,2,5,5,1965,0,0,0,,0,B003,"ARIZONA AVE","20TH ST",162.00,W,N,A,-,N,,,,,,,,,,N,3,0,1,2,A,-,08,22107,,F,H,G,A,A,H,-,A,A,0,,Y,,,Y,,A,01,0,1,0,0,0,0,1,0,0,"- ","- ",,,"LOS ANGELES","SANTA MONICA",-118.48200988769531,34.029743194580078
82265399,2023,2023-12-19,1912,2023-11-17,1539,15508,,5,5,6,1912,0,0,0,,0,,"AMHERST DRIVE","GLENOAKS BOULEVARD",53.00,E,N,A,-,N,,,,,,,,,,N,3,0,1,2,A,-,03,22350,,N,C,G,A,A,H,-,A,D,0,,Y,,,Y,,L,04,0,1,0,0,0,0,1,0,0,"- ","- ",34.192131042480469,-118.31873321533203,"LOS ANGELES",BURBANK,-118.31854248046875,34.192378997802734