CASE_ID,ACCIDENT_YEAR,PROC_DATE,JURIS,COLLISION_DATE,COLLISION_TIME,OFFICER_ID,REPORTING_DISTRICT,DAY_OF_WEEK,CHP_SHIFT,POPULATION,CNTY_CITY_LOC,SPECIAL_COND,BEAT_TYPE,CHP_BEAT_TYPE,CITY_DIVISION_LAPD,CHP_BEAT_CLASS,BEAT_NUMBER,PRIMARY_RD,SECONDARY_RD,DISTANCE,DIRECTION,INTERSECTION,WEATHER_1,WEATHER_2,STATE_HWY_IND,CALTRANS_COUNTY,CALTRANS_DISTRICT,STATE_ROUTE,ROUTE_SUFFIX,POSTMILE_PREFIX,POSTMILE,LOCATION_TYPE,RAMP_INTERSECTION,SIDE_OF_HWY,TOW_AWAY,COLLISION_SEVERITY,NUMBER_KILLED,NUMBER_INJURED,PARTY_COUNT,PRIMARY_COLL_FACTOR,PCF_CODE_OF_VIOL,PCF_VIOL_CATEGORY,PCF_VIOLATION,PCF_VIOL_SUBSECTION,HIT_AND_RUN,TYPE_OF_COLLISION,MVIW,PED_ACTION,ROAD_SURFACE,ROAD_COND_1,ROAD_COND_2,LIGHTING,CONTROL_DEVICE,CHP_ROAD_TYPE,PEDESTRIAN_ACCIDENT,BICYCLE_ACCIDENT,MOTORCYCLE_ACCIDENT,TRUCK_ACCIDENT,NOT_PRIVATE_PROPERTY,ALCOHOL_INVOLVED,STWD_VEHTYPE_AT_FAULT,CHP_VEHTYPE_AT_FAULT,COUNT_SEVERE_INJ,COUNT_VISIBLE_INJ,COUNT_COMPLAINT_PAIN,COUNT_PED_KILLED,COUNT_PED_INJURED,COUNT_BICYCLIST_KILLED,COUNT_BICYCLIST_INJURED,COUNT_MC_KILLED,COUNT_MC_INJURED,PRIMARY_RAMP,SECONDARY_RAMP,LATITUDE,LONGITUDE,COUNTY,CITY,POINT_X,POINT_Y
82273184,2023,2023-12-28,1922,2023-12-09,1747,711,1922,6,5,6,1922,0,0,0,,0,003,"GARVEY AVE","SEAMAN AVE",0.00,,Y,A,-,N,,,,,,,,,,N,4,0,1,2,A,-,08,22107,,N,B,G,A,A,H,-,C,D,0,,Y,,,Y,,L,04,0,0,1,0,0,0,1,0,0,"- ","- ",34.062831878662109,-118.05287933349609,"LOS ANGELES","EL MONTE",-118.05287170410156,34.062751770019531
82273193,2023,2023-12-28,1948,2023-12-13,2317,474,1948,3,5,5,1948,0,0,0,,0,002,"LINCOLN AV","GARVEY AV (E)",0.00,,Y,A,-,N,,,,,,,,,,N,3,0,1,2,A,-,05,21650,1,N,D,G,A,A,H,-,C,D,0,,Y,,,Y,,L,04,0,1,0,0,0,0,1,0,0,"- ","- ",34.062549591064453,-118.12082672119141,"LOS ANGELES","MONTEREY PARK",-118.12116241455078,34.062454223632812
82277506,2023,2024-02-29,1969,2023-10-09,1143,10226,TRAFF,1,5,5,1969,0,0,0,,0,005,"GARFIELD AV","FILESTONE BLVD",311.00,N,N,A,-,N,,,,,,,,,,N,3,0,1,2,A,-,05,21202,A,N,D,G,A,A,A,-,A,D,0,,Y,,,Y,,L,04,0,1,0,0,0,0,1,0,0,"- ","- ",33.949089050292969,-118.16517639160156,"LOS ANGELES","SOUTH GATE",-118.16500854492188,33.949920654296875
82278869,2023,2024-01-04,1965,2023-11-10,1055,4053,0B4E,5,5,5,1965,0,0,0,,0,B004,"19TH ST","IDAHO AVE",0.00,,Y,A,-,N,,,,,,,,,,N,4,0,1,2,A,-,09,21802,A,N,D,G,A,A,H,-,A,A,0,,Y,,,Y,,A,07,0,0,1,0,0,0,1,0,0,"- ","- ",,,"LOS ANGELES","SANTA MONICA",-118.48890686035156,34.034641265869141
82294184,2023,2024-01-23,1975,2023-10-21,1800,482,,6,5,6,1975,0,0,0,,0,004,"AZUSA AV","VINE AV",0.00,,Y,A,-,N,,,,,,,,,,N,4,0,1,2,A,-,08,22107,,F,D,G,A,A,H,-,B,A,0,,Y,,,Y,,-,99,0,0,1,0,0,0,1,0,0,"- ","- ",34.057510375976562,-117.90785980224609,"LOS ANGELES","WEST COVINA",-117.90798950195312,34.057456970214844
82354300,2023,2024-04-03,1955,2023-05-31,1600,42469,,3,5,6,1955,0,0,0,,0,003,"HOLT AVE","SAINT PAUL ST",28.00,W,N,B,-,N,,,,,,,,,,N,3,0,1,2,A,-,08,22107,,F,H,G,A,A,H,-,A,D,0,,Y,,,Y,,-,99,0,1,0,0,0,0,1,0,0,"- ","- ",34.063270568847656,-117.72077178955078,"LOS ANGELES",POMONA,-117.72085571289062,34.063186645507812
82354358,2023,2024-04-03,1955,2023-06-28,1057,42977,54,3,5,6,1955,0,0,0,,0,001,"HOLT AVE","FAIRPLEX DR",0.00,,Y,A,-,N,,,,,,,,,,N,4,0,1,2,A,-,11,21954,A,N,D,G,A,A,H,-,A,A,0,,Y,,,Y,,D,22,0,0,1,0,0,0,1,0,0,"- ","- ",34.061470031738281,-117.78752899169922,"LOS ANGELES",POMONA,-117.78755950927734,34.061515808105469
82354510,2023,2024-04-03,1955,2023-09-18,0809,42952,,1,5,6,1955,0,0,0,,0,002,"TOWNE AVE","ARROW HWY",0.00,,Y,B,-,N,,,,,,,,,,N,4,0,1,2,A,-,09,21453,B,N,D,G,A,A,C,H,A,A,0,,Y,,,Y,,A,07,0,0,1,0,0,0,1,0,0,"- ","- ",34.090129852294922,-117.73674774169922,"LOS ANGELES",POMONA,-117.73680114746094,34.090084075927734
82354588,2023,2024-04-03,1955,2023-10-31,1026,42628,,2,5,6,1955,0,0,0,,0,004,"REGENE ST","MISSION BLVD",3.00,S,N,A,-,N,,,,,,,,,,N,3,0,1,2,A,-,12,22450,A,N,D,G,A,A,H,-,A,D,0,,Y,,,Y,,A,01,0,1,0,0,0,0,1,0,0,"- ","- ",34.055320739746094,-117.74241638183594,"LOS ANGELES",POMONA,-117.74243927001953,34.055282592773438
82354590,2023,2024-04-03,1955,2023-10-31,1604,40624,,2,5,6,1955,0,0,0,,0,003,"HOLT AVE","ELEANOR ST",0.00,,Y,A,-,N,,,,,,,,,,N,3,0,1,2,A,-,09,21801,A,N,D,G,A,A,H,-,A,D,0,,Y,,,Y,,A,01,0,1,0,0,0,0,1,0,0,"- ","- ",34.062648773193359,-117.74375915527344,"LOS ANGELES",POMONA,-117.74375915527344,34.062553405761719
82354731,2023,2024-04-03,1955,2023-12-25,0326,42804,14,1,5,6,1955,0,0,0,,0,003,"SAN ANTONIO AVE","HOLT AVE",193.00,N,N,A,-,N,,,,,,,,,,N,3,0,2,3,A,-,08,22107,,N,B,G,A,A,H,-,C,D,0,,Y,,,Y,,A,01,0,1,1,0,0,0,1,0,0,"- ","- ",34.062839508056641,-117.73661804199219,"LOS ANGELES",POMONA,-117.73664093017578,34.063240051269531
82355211,2023,2024-04-04,1955,2023-10-23,2338,42818,49,1,5,6,1955,0,0,0,,0,001,"WILLIAM ST","WHITE AVE (N)",30.00,E,N,-,-,N,,,,,,,,,,N,2,0,1,1,D,-,00,,,N,H,I,A,A,H,-,C,A,0,,Y,,,Y,,-,"- ",1,0,0,0,0,0,1,0,0,"- ","- ",34.063430786132812,-117.75907897949219,"LOS ANGELES",POMONA,-117.75907897949219,34.063179016113281
82355256,2023,2024-04-04,1955,2023-11-30,0629,42952,37,4,5,6,1955,0,0,0,,0,002,"WHITE AVE","MCKINLEY AVE",2481.00,N,N,B,-,N,,,,,,,,,,N,2,0,1,2,A,-,03,22350,,F,C,G,A,A,H,-,A,D,0,,Y,,,Y,,-,99,1,0,0,0,0,0,1,0,0,"- ","- ",34.077880859375,-117.75974273681641,"LOS ANGELES",POMONA,-117.76231384277344,34.084369659423828
82386423,2023,2024-05-10,1973,2023-11-08,0847,613,,3,5,1,1973,0,0,0,,0,001,"E 37TH ST","S SANTA FE AVE",0.00,,Y,A,-,N,,,,,,,,,,N,4,0,1,2,A,-,05,21650,1,N,D,G,A,A,H,-,A,A,0,,Y,,,Y,,L,04,0,0,1,0,0,0,1,0,0,"- ","- ",34.008949279785156,-118.23027801513672,"LOS ANGELES",VERNON,-118.23029327392578,34.008949279785156
82398588,2023,2024-05-27,1922,2023-10-12,1923,710,,4,5,6,1922,0,0,0,,0,,"GARVEY AVE","MOUNTAIN VIEW RD",40.00,W,N,A,-,N,,,,,,,,,,N,3,0,1,2,A,-,09,21804,B,N,D,G,A,A,H,-,C,D,0,,Y,,,Y,,L,04,0,1,0,0,0,0,1,0,0,"- ","- ",34.062831878662109,-118.02176666259766,"LOS ANGELES","EL MONTE",-118.02187347412109,34.062839508056641
82429190,2023,2024-07-03,1948,2023-12-30,1640,486,,6,5,5,1948,0,0,0,,0,002,"GARVEY AV","ATLANTIC BLVD",174.00,E,N,A,-,N,,,,,,,,,,N,3,0,1,2,A,-,05,21650,1,N,D,G,A,A,H,-,A,D,0,,Y,,,Y,,L,04,0,1,0,0,0,0,1,0,0,"- ","- ",34.062480926513672,-118.13424682617188,"LOS ANGELES","MONTEREY PARK",-118.13365936279297,34.062389373779297
91974296,2023,2023-01-23,9525,2023-01-03,1150,018761,,2,1,9,1900,0,2,4,,2,022,"ARROW HWY","LARK ELLEN AVE",3.00,E,N,C,-,N,,,,,,,,,,N,4,0,1,2,A,-,12,21453,A,N,D,G,A,B,H,-,A,A,0,,Y,,,Y,,L,04,0,0,1,0,0,0,1,0,0,"- ","- ",34.106960296630859,-117.91648864746094,"LOS ANGELES",UNINCORPORATED,-117.91658020019531,34.107059478759766
91975526,2023,2023-01-24,9530,2023-01-11,1750,022079,,3,2,9,1900,0,3,5,,2,002,"AVALON BLVD","EL SEGUNDO BLVD",0.00,,Y,A,-,N,,,,,,,,,,N,3,0,1,2,A,-,08,22107,,N,H,G,A,A,H,-,C,A,0,,Y,,,Y,,L,04,0,1,0,0,0,0,1,0,0,"- ","- ",33.916309356689453,-118.26515197753906,"LOS ANGELES",UNINCORPORATED,-118.26525115966797,33.916419982910156
91978744,2023,2023-01-26,9550,2023-01-14,1500,022587,,6,2,9,1900,0,2,4,,1,051,"COLIMA ROAD W/B","NOGALES STREET",340.00,W,N,C,-,N,,,,,,,,,,N,4,0,1,2,A,-,05,21650,,N,B,G,A,B,H,-,A,D,0,,Y,,,Y,,L,04,0,0,1,0,0,0,1,0,0,"- ","- ",33.987430572509766,-117.89063262939453,"LOS ANGELES",UNINCORPORATED,-117.89042663574219,33.987602233886719
91990765,2023,2023-02-09,9550,2023-02-02,1505,022012,,4,2,9,1900,0,3,5,,2,005,"ARCDALE AVENUE","BAELEN STREET",0.00,,Y,A,-,N,,,,,,,,,,N,3,0,1,2,A,-,09,21802,A,N,H,G,A,A,H,-,A,A,0,,Y,,,Y,,L,04,0,1,0,0,0,0,1,0,0,"- ","- ",33.981948852539062,-117.87738037109375,"LOS ANGELES",UNINCORPORATED,-117.87733459472656,33.981849670410156
91997423,2023,2023-02-17,9530,2023-02-10,0714,022760,,5,1,9,1900,0,3,5,,2,003,"ROSECRANS AVE. (13000 BLOCK)",ATLANTIC,4.00,N,N,A,-,N,,,,,,,,,,N,4,0,1,2,A,-,09,21804,A,N,G,G,A,A,H,-,A,A,0,,Y,,,Y,,L,04,0,0,1,0,0,0,1,0,0,"- ","- ",33.903720855712891,-118.19391632080078,"LOS ANGELES",UNINCORPORATED,-118.19393920898438,33.903568267822266
92000184,2023,2023-02-22,9565,2023-02-09,1615,022832,,4,2,9,1900,0,2,4,,2,042,"LENNOX BOULEVARD","DALEROSE AVENUE",0.00,,Y,A,-,N,,,,,,,,,,N,4,0,1,2,A,-,09,21801,A,N,H,G,A,A,H,-,A,A,0,,Y,,,Y,,A,07,0,0,1,0,0,0,1,0,0,"- ","- ",33.938121795654297,-118.36026763916016,"LOS ANGELES",UNINCORPORATED,-118.36024475097656,33.938163757324219
92000977,2023,2023-02-23,9530,2023-02-08,1555,022852,,3,2,9,1900,0,3,5,,2,001,"70TH ST","COMPTON AVE.",5.00,E,N,A,-,N,,,,,,,,,,N,4,0,1,2,A,-,09,21804,A,N,B,G,A,A,H,-,A,A,0,,Y,,Y,Y,,L,04,0,0,1,0,0,0,1,0,0,"- ","- ",33.976421356201172,-118.24758148193359,"LOS ANGELES",UNINCORPORATED,-118.24767303466797,33.976390838623047
92002558,2023,2023-02-24,9575,2023-02-13,2118,021006,,1,2,9,1900,0,1,3,,2,081,"ROSEMEAD BOULEVARD (600 BLOCK)","CALIFORNIA BOULEVARD",0.00,,Y,A,-,N,,,,,,,,,,Y,2,0,1,2,A,-,12,21453,A,N,D,2,A,A,H,-,C,A,0,,Y,,,Y,,M,91,1,0,0,0,0,0,1,0,0,"- ","- ",34.134799957275391,-118.0732421875,"LOS ANGELES",UNINCORPORATED,-118.07318115234375,34.134696960449219
92010071,2023,2023-03-06,9580,2023-02-18,1430,021236,,6,2,9,1900,0,1,3,,1,271,"SR-27 S/B (TOPANGA CYN. BLVD.)","SANTA MARIA ROAD",1200.00,S,N,A,-,N,,,,,,,,,,N,3,0,1,2,D,-,00,,,N,B,G,A,A,H,-,A,D,0,,Y,,,Y,,-,"- ",0,1,0,0,0,0,1,0,0,"- ","- ",34.120361328125,-118.59171295166016,"LOS ANGELES",UNINCORPORATED,-118.59164428710938,34.120323181152344
92022959,2023,2023-03-21,9565,2023-03-17,2200,022733,,5,3,9,1900,0,3,5,,2,002,"EL SEGUNDO BOULEVARD WESTBOUND","HALLDALE AVENUE",0.00,,Y,A,-,N,,,,,,,,,,N,3,0,1,2,A,-,01,23153,A,N,D,G,A,A,H,-,C,D,0,,Y,,,Y,Y,A,07,0,1,0,0,0,0,1,0,0,"- ","- ",33.916538238525391,-118.30230712890625,"LOS ANGELES",UNINCORPORATED,-118.30238342285156,33.916435241699219
92029974,2023,2023-03-28,9565,2023-01-02,1405,022780,,1,2,4,1918,0,2,S,,2,901,"WASHINGTON PLACE","SAWTELLE BOULEVARD",5.00,W,N,B,-,N,,,,,,,,,,N,3,0,1,2,A,-,08,22100,A,N,B,G,A,A,H,-,A,A,0,,Y,,,Y,,J,48,0,1,0,0,0,0,1,0,0,"- ","- ",34.007148742675781,-118.41648101806641,"LOS ANGELES","CULVER CITY",-118.41649627685547,34.007282257080078
92036465,2023,2023-04-04,9575,2023-03-19,2015,023071,,7,2,9,1900,0,3,5,,2,002,"WOODBURY RD. (200 BLOCK)","GLENROSE AVE.",420.00,W,N,C,-,N,,,,,,,,,,N,3,0,1,2,A,-,07,21658,A,F,B,G,A,B,H,-,D,D,0,,Y,,,Y,,L,04,0,1,0,0,0,0,1,0,0,"- ","- ",34.182861328125,-118.15673065185547,"LOS ANGELES",UNINCORPORATED,-118.15660858154297,34.182720184326172
92047044,2023,2023-04-17,9550,2023-04-05,1645,022778,,3,2,9,1900,0,2,4,,1,023,"MULBERY DRIVE EB","LA MIRADA BLVD",120.00,W,N,A,-,N,,,,,,,,,,N,3,0,1,2,A,-,05,21650,,N,D,G,A,A,H,-,A,D,0,,Y,,,Y,,L,04,0,1,0,0,0,0,1,0,0,"- ","- ",33.935100555419922,-118.0123291015625,"LOS ANGELES",UNINCORPORATED,-118.01224517822266,33.935161590576172
92050687,2023,2023-04-21,9550,2023-04-14,0745,017719,,5,1,9,1900,0,2,4,,1,042,"COLIMA ROAD","COUNTRYWOOD AVENUE",0.00,,Y,A,-,N,,,,,,,,,,N,3,0,1,2,A,-,05,21650,,N,H,G,A,A,H,-,A,A,0,,Y,,,Y,,M,91,0,1,0,0,0,0,1,0,0,"- ","- ",33.991348266601562,-117.94194030761719,"LOS ANGELES",UNINCORPORATED,-117.94174957275391,33.991325378417969
92051340,2023,2023-04-24,9525,2023-04-12,2210,019890,,3,3,9,1900,0,3,5,,2,002,"S BARRANCA AVE","E BASELINE RD",0.00,,Y,B,C,N,,,,,,,,,,N,4,0,1,2,A,-,05,21651,B,N,D,G,A,B,H,-,C,A,0,,Y,,,Y,,M,91,0,0,1,0,0,0,1,0,0,"- ","- ",34.121479034423828,-117.88156890869141,"LOS ANGELES",UNINCORPORATED,-117.88137817382812,34.12115478515625
92051416,2023,2023-04-24,9525,2023-04-19,1710,022959,,3,2,9,1900,0,3,5,,2,004,"BLACKWOOD ST","EVANWOOD AVE",0.00,,Y,A,-,N,,,,,,,,,,N,4,0,1,2,A,-,12,22450,A,N,G,G,A,A,H,-,A,A,0,,Y,,,Y,,L,04,0,0,1,0,0,0,1,0,0,"- ","- ",34.044448852539062,-117.95918273925781,"LOS ANGELES",UNINCORPORATED,-117.95915985107422,34.044445037841797
92053571,2023,2023-04-26,9565,2023-04-14,1920,022715,,5,2,9,1900,0,3,5,,2,006,"WILSHIRE BLVD.","SEPULVEDA BLVD.",0.00,,Y,A,-,N,,,,,,,,,,N,4,0,1,2,A,-,05,21202,A,N,H,G,A,A,H,-,C,A,0,,Y,,,Y,,A,01,0,0,1,0,0,0,1,0,0,"- ","- ",34.055938720703125,-118.45128631591797,"LOS ANGELES",UNINCORPORATED,-118.45159149169922,34.056098937988281
92058818,2023,2023-05-02,9530,2023-04-19,1815,022708,,3,2,9,1900,0,3,5,,2,001,"CENTRAL AVE (5800 BLOCK)","SLAUSON AVE",1.00,S,N,A,-,N,,,,,,,,,,N,4,0,1,2,A,-,09,21804,A,N,D,G,A,A,H,-,A,A,0,,Y,,,Y,,L,04,0,0,1,0,0,0,1,0,0,"- ","- ",33.989250183105469,-118.25630950927734,"LOS ANGELES",UNINCORPORATED,-118.25646209716797,33.989337921142578
92059120,2023,2023-05-02,9580,2023-04-22,1414,022591,,6,2,7,1942,0,3,5,,1,010,"SR-1 S/B (PACIFIC COAST HWY.)","SR-27 S/B (TOPANGA CYN. BLVD.)",975.00,N,N,A,-,Y,LA,,1,,,40.957,H,,L,N,4,0,1,2,A,-,09,21801,A,N,G,G,A,A,H,-,A,D,0,,Y,,,Y,,A,07,0,0,1,0,0,0,1,0,0,"- ","- ",34.039260864257812,-118.58247375488281,"LOS ANGELES","LOS ANGELES",-118.58249664306641,34.039314270019531
92062573,2023,2023-05-05,9525,2023-04-25,1000,018357,,2,1,9,1900,0,3,5,,2,005,"GLENDORA RIDGE RD.","GLENDORA MOUNTAIN RD.",39600.00,E,N,A,-,N,,,,,,,,,,N,3,0,1,1,A,-,05,21650,,N,F,A,A,A,B,D,A,D,0,,Y,,,Y,,L,04,0,1,0,0,0,0,1,0,0,"- ","- ",34.220500946044922,-117.71582794189453,"LOS ANGELES",UNINCORPORATED,-117.71540832519531,34.220405578613281
92066008,2023,2023-05-10,9525,2023-05-04,1915,019188,,4,2,9,1900,0,3,5,,2,002,"803 W. ARROW HIGHWAY (800 W. BLOCK)","ARROW HIGHWAY",35.00,N,N,B,-,N,,,,,,,,,,N,4,0,1,2,A,-,05,21650,,M,D,G,A,B,H,-,C,D,0,,Y,,,Y,,L,04,0,0,1,0,0,0,1,0,0,"- ","- ",34.107330322265625,-117.91671752929688,"LOS ANGELES",UNINCORPORATED,-117.92549133300781,34.106971740722656
92067060,2023,2023-05-11,9535,2023-04-29,1740,022120,,6,2,9,1900,0,3,5,,2,006,"THIENES AVE (11300 BLOCK)","FRUITVALE AVE",0.00,,Y,A,-,N,,,,,,,,,,N,3,0,1,2,A,-,09,21804,A,N,D,G,A,A,H,-,A,D,0,,Y,,,Y,,L,04,0,1,0,0,0,0,1,0,0,"- ","- ",34.041530609130859,-118.03105926513672,"LOS ANGELES",UNINCORPORATED,-118.03099060058594,34.041500091552734
92067208,2023,2023-05-12,9535,2023-05-01,1245,023244,,1,1,9,1900,0,3,5,,2,002,"LAN FRANCO ST (BLOCK 3700)","DITMAN AVE",150.00,E,N,A,-,N,,,,,,,,,,N,3,0,1,2,A,-,09,21804,A,N,A,G,A,A,H,-,A,D,0,,Y,,,Y,,L,04,0,1,0,0,0,0,1,0,0,"- ","- ",34.029270172119141,-118.18875122070312,"LOS ANGELES",UNINCORPORATED,-118.18882751464844,34.029289245605469
92074238,2023,2023-05-22,9530,2023-05-07,1640,022995,,7,2,9,1900,0,3,5,,2,003,"COMPTON BLVD. (4400 BLOCK)","ATLANTIC AVE.",15.00,W,N,A,-,N,,,,,,,,,,N,3,0,1,2,A,-,09,21804,A,N,D,G,A,A,H,-,A,D,0,,Y,,,Y,,L,04,0,1,0,0,0,0,1,0,0,"- ","- ",33.896060943603516,-118.19361114501953,"LOS ANGELES",UNINCORPORATED,-118.19348907470703,33.896160125732422
92076067,2023,2023-05-24,9540,2023-05-19,1550,021124,,5,2,9,1900,0,2,4,,1,203,"PLACERITA CANYON ROAD","SR-14 (ANTELOPE VALLEY FREEWAY)",1455.00,E,N,A,-,N,,,,,,,,,,N,2,0,1,2,A,-,03,22350,,N,H,G,A,A,H,-,A,D,0,,Y,,,Y,,A,07,1,0,0,0,0,0,1,0,0,"- ","- ",34.375118255615234,-118.48992156982422,"LOS ANGELES",UNINCORPORATED,-118.48979949951172,34.375095367431641
92077152,2023,2023-05-25,9550,2023-05-14,1545,023193,,7,2,9,1900,0,3,5,,2,002,"LEFFINGWELL ROAD","SANTA GERTRUDES AVENUE",120.00,E,N,A,-,N,,,,,,,,,,N,3,0,1,2,A,-,05,21650,,N,H,C,A,A,H,-,A,D,0,,Y,,,Y,,L,04,0,1,0,0,0,0,1,0,0,"- ","- ",33.931198120117188,-117.99273681640625,"LOS ANGELES",UNINCORPORATED,-117.99285125732422,33.931270599365234
92082169,2023,2023-05-31,9580,2023-05-21,1835,023129,,7,2,7,1942,0,1,2,,2,103,"US-101 S/B (VENTURA FREEWAY) TO WOODMAN OFR","WOODMAN AVE",10.00,N,N,A,-,Y,,,,,,,,,,N,4,0,1,2,A,-,11,21954,A,N,G,C,A,A,H,-,A,A,0,,Y,,,Y,,L,04,0,0,1,0,0,0,1,0,0,"- ","- ",34.155220031738281,-118.43142700195312,"LOS ANGELES","LOS ANGELES",-118.43142700195312,34.155220031738281
92088991,2023,2023-06-08,9580,2023-06-03,1050,021491,,6,1,9,1900,0,3,5,,1,020,"SR-1 S/B (PACIFIC COAST HWY.)","COASTLINE DR",1584.00,N,N,A,-,Y,LA,,1,,,40.366,H,,L,N,3,0,1,1,A,-,08,22107,,F,F,I,A,A,H,-,A,D,0,,Y,,,Y,,L,04,0,1,0,0,0,0,1,0,0,"- ","- ",34.041549682617188,-118.57273101806641,"LOS ANGELES",UNINCORPORATED,-118.57273101806641,34.041557312011719
92092987,2023,2023-06-14,9565,2023-06-01,1545,023171,,4,2,9,1900,0,2,4,,1,041,"HAWTHORNE BLVD","111TH ST.",10.00,S,N,B,-,N,,,,,,,,,,N,4,0,1,2,A,-,08,22107,,N,H,G,A,A,H,-,A,D,0,,Y,,,Y,,L,04,0,0,1,0,0,0,1,0,0,"- ","- ",33.933761596679688,-118.35267639160156,"LOS ANGELES",UNINCORPORATED,-118.35270690917969,33.934520721435547
92094845,2023,2023-06-15,9565,2023-06-05,2254,022251,,1,3,9,1900,0,3,5,,2,005,"LINCOLN BLVD","FIJI WAY",0.00,,Y,A,-,N,,,,,,,,,,N,4,0,1,2,A,-,08,22107,,N,E,I,A,A,H,-,C,A,0,,Y,,,Y,,L,04,0,0,1,0,0,0,1,0,0,"- ","- ",33.978618621826172,-118.43668365478516,"LOS ANGELES",UNINCORPORATED,-118.43657684326172,33.978538513183594
92095193,2023,2023-06-15,9535,2023-06-05,0730,022120,,1,1,9,1900,0,3,5,,2,002,"INDIANA STREET (600 BLOCK)","HUBBARD STREET",0.00,,Y,B,-,N,,,,,,,,,,N,4,0,1,2,A,-,09,21804,B,F,D,G,A,A,H,-,A,A,0,,Y,,,Y,,-,99,0,0,1,0,0,0,1,0,0,"- ","- ",34.026348114013672,-118.19225311279297,"LOS ANGELES",UNINCORPORATED,-118.19233703613281,34.026283264160156
92096820,2023,2023-06-19,9525,2023-05-30,2005,023176,,2,2,9,1900,0,3,5,,2,004,"ALANWOOD RD (13400 BLOCK)","ORANGE BLOSSOM AVE",0.00,,Y,B,-,N,,,,,,,,,,N,2,0,1,2,A,-,12,22450,A,N,H,G,A,A,H,-,A,A,0,,Y,,,Y,,L,04,1,0,0,0,0,0,1,0,0,"- ","- ",34.041450500488281,-118.00084686279297,"LOS ANGELES",UNINCORPORATED,-118.00083160400391,34.041393280029297
92097761,2023,2023-07-21,9565,2023-06-08,0645,014952,,4,1,9,1900,0,3,5,,2,004,"104TH ST","HAWTHORNE BL.",0.00,,Y,A,-,N,,,,,,,,,,N,3,0,1,2,A,-,09,21453,B,N,H,G,A,A,H,-,A,A,0,,Y,,,Y,,A,07,0,1,0,0,0,0,1,0,0,"- ","- ",33.941818237304688,-118.35238647460938,"LOS ANGELES",UNINCORPORATED,-118.35272979736328,33.941806793212891
92099988,2023,2023-06-22,9535,2023-06-12,1045,021795,,1,1,9,1900,0,3,5,,2,002,"EAGLE ST.","OAKFORD DR.",0.00,,Y,B,-,N,,,,,,,,,,N,4,0,1,2,A,-,09,21802,A,M,D,G,A,A,H,-,A,A,0,,Y,,,Y,,L,04,0,0,1,0,0,0,1,0,0,"- ","- ",34.026561737060547,-118.15223693847656,"LOS ANGELES",UNINCORPORATED,-118.15225982666016,34.026508331298828
92101803,2023,2023-06-26,9580,2023-06-17,1040,021522,,6,1,9,1900,0,3,5,,1,020,"OLD TOPANGA CANYON RD","SUMMIT TO SUMMIT MOTORWAY",1584.00,N,N,A,-,N,,,,,,,,,,N,2,0,1,3,D,-,00,,,N,B,C,A,A,H,-,A,D,0,,Y,,,Y,,-,"- ",1,0,0,0,0,0,1,0,0,"- ","- ",34.124870300292969,-118.63802337646484,"LOS ANGELES",UNINCORPORATED,-118.63786315917969,34.124923706054688
92101905,2023,2023-06-26,9550,2023-06-19,0835,022391,,1,1,9,1900,0,2,4,,1,051,"NOGALES STREET","SR-60 WB TO NOGALES STREET",12.00,S,N,B,-,N,,,,,,,,,,N,3,0,1,2,A,-,09,21804,A,N,H,G,A,A,H,-,A,A,0,,Y,,,Y,,L,04,0,1,0,0,0,0,1,0,0,"- ","- ",33.995429992675781,-117.88834381103516,"LOS ANGELES",UNINCORPORATED,-117.89023590087891,34.020362854003906
92105502,2023,2023-06-29,9550,2023-06-22,1130,015449,,4,1,9,1900,0,3,5,,2,002,"VALLEY VIEW AVE.","TELEGRAPH RD.",8.00,S,N,A,-,N,,,,,,,,,,N,4,0,1,2,A,-,09,21804,A,N,H,G,A,A,H,-,A,A,0,,Y,,,Y,,L,04,0,0,1,0,0,0,1,0,0,"- ","- ",33.927818298339844,-118.02880096435547,"LOS ANGELES",UNINCORPORATED,-118.02903747558594,33.928058624267578