CASE_ID,ACCIDENT_YEAR,PROC_DATE,JURIS,COLLISION_DATE,COLLISION_TIME,OFFICER_ID,REPORTING_DISTRICT,DAY_OF_WEEK,CHP_SHIFT,POPULATION,CNTY_CITY_LOC,SPECIAL_COND,BEAT_TYPE,CHP_BEAT_TYPE,CITY_DIVISION_LAPD,CHP_BEAT_CLASS,BEAT_NUMBER,PRIMARY_RD,SECONDARY_RD,DISTANCE,DIRECTION,INTERSECTION,WEATHER_1,WEATHER_2,STATE_HWY_IND,CALTRANS_COUNTY,CALTRANS_DISTRICT,STATE_ROUTE,ROUTE_SUFFIX,POSTMILE_PREFIX,POSTMILE,LOCATION_TYPE,RAMP_INTERSECTION,SIDE_OF_HWY,TOW_AWAY,COLLISION_SEVERITY,NUMBER_KILLED,NUMBER_INJURED,PARTY_COUNT,PRIMARY_COLL_FACTOR,PCF_CODE_OF_VIOL,PCF_VIOL_CATEGORY,PCF_VIOLATION,PCF_VIOL_SUBSECTION,HIT_AND_RUN,TYPE_OF_COLLISION,MVIW,PED_ACTION,ROAD_SURFACE,ROAD_COND_1,ROAD_COND_2,LIGHTING,CONTROL_DEVICE,CHP_ROAD_TYPE,PEDESTRIAN_ACCIDENT,BICYCLE_ACCIDENT,MOTORCYCLE_ACCIDENT,TRUCK_ACCIDENT,NOT_PRIVATE_PROPERTY,ALCOHOL_INVOLVED,STWD_VEHTYPE_AT_FAULT,CHP_VEHTYPE_AT_FAULT,COUNT_SEVERE_INJ,COUNT_VISIBLE_INJ,COUNT_COMPLAINT_PAIN,COUNT_PED_KILLED,COUNT_PED_INJURED,COUNT_BICYCLIST_KILLED,COUNT_BICYCLIST_INJURED,COUNT_MC_KILLED,COUNT_MC_INJURED,PRIMARY_RAMP,SECONDARY_RAMP,LATITUDE,LONGITUDE,COUNTY,CITY,POINT_X,POINT_Y
92107091,2023,2023-06-30,9530,2023-06-17,1810,023030,,6,2,9,1900,0,3,5,,2,002,"WILLOWBROOK AVE. (13400 BLOCK)","STOCKWELL ST.",24.00,S,N,A,-,N,,,,,,,,,,N,3,0,1,2,A,-,03,22350,,N,D,G,A,A,H,-,A,A,0,,Y,,,Y,,L,04,0,1,0,0,0,0,1,0,0,"- ","- ",33.910720825195312,-118.22879028320312,"LOS ANGELES",UNINCORPORATED,-118.22880554199219,33.910770416259766
92109332,2023,2023-07-04,9580,2023-06-29,1748,023213,,4,2,7,1942,0,1,1,,2,404,"I-405 N/B (SAN DIEGO FREEWAY) TO E/B SHERMAN WAY","SHERMAN WAY",5.00,S,N,A,-,Y,,,,,,,,,,N,4,0,1,2,A,-,11,21954,A,N,A,G,A,A,H,-,A,A,0,,Y,,,Y,,L,04,0,0,1,0,0,0,1,0,0,"- ","- ",34.201038360595703,-118.47295379638672,"LOS ANGELES","LOS ANGELES",-118.47295379638672,34.201038360595703
92114309,2023,2023-07-11,9525,2023-07-05,1350,022521,,3,1,9,1900,0,3,5,,2,004,"3RD AVE.","WORKMAN MILL RD",15.00,S,N,A,-,N,,,,,,,,,,N,4,0,1,2,A,-,03,22350,,F,C,G,A,A,H,-,A,D,0,,Y,,,Y,,A,07,0,0,1,0,0,0,1,0,0,"- ","- ",34.042789459228516,-117.99054718017578,"LOS ANGELES",UNINCORPORATED,-117.99085235595703,34.043430328369141
92138340,2023,2023-08-08,9530,2023-07-27,1920,022999,,4,2,9,1900,0,3,5,,2,001,"FIRESTONE BLVD.","COMPTON AVE.",2.00,W,N,A,-,N,,,,,,,,,,N,4,0,1,2,A,-,12,21457,A,N,D,G,A,A,H,-,A,B,0,,Y,,,Y,,L,04,0,0,1,0,0,0,1,0,0,"- ","- ",33.960239410400391,-118.24765777587891,"LOS ANGELES",UNINCORPORATED,-118.24745941162109,33.960147857666016
92146403,2023,2023-08-17,9540,2023-08-12,1000,020862,,6,1,9,1900,0,2,4,,1,203,"PLACERITA CANYON RD","RUNNING HORSE LN",528.00,E,N,A,-,N,,,,,,,,,,N,2,0,1,1,C,-,18,,,N,E,H,A,A,H,-,A,D,0,,Y,,,Y,,-,"- ",1,0,0,0,0,0,1,0,0,"- ","- ",34.380031585693359,-118.46248626708984,"LOS ANGELES",UNINCORPORATED,-118.46292114257812,34.380142211914062
92146753,2023,2023-08-17,9525,2023-08-14,1455,022521,,1,2,9,1900,0,3,5,,2,002,"15501 ARROW HWY (SANTA FE DAM)","IRWINDALE AVE",2640.00,W,N,A,-,N,,,,,,,,,,N,3,0,1,2,A,-,08,22107,,F,D,G,A,A,H,-,A,A,0,,Y,,,Y,,-,99,0,1,0,0,0,0,1,0,0,"- ","- ",34.109329223632812,-117.95053863525391,"LOS ANGELES",UNINCORPORATED,-117.94300079345703,34.106998443603516
92149493,2023,2023-08-22,9530,2023-07-28,1400,023235,,5,2,9,1900,0,3,5,,2,001,"CROESUS AVE. (7900 BLOCK)","NADEAU ST.",6.00,S,N,A,-,N,,,,,,,,,,N,3,0,1,2,A,-,09,21804,A,N,H,G,A,A,H,-,A,D,0,,Y,,,Y,,L,04,0,1,0,0,0,0,1,0,0,"- ","- ",33.967388153076172,-118.23385620117188,"LOS ANGELES",UNINCORPORATED,-118.23383331298828,33.967445373535156
92151746,2023,2023-08-23,9525,2023-08-11,0745,022770,,5,1,9,1900,0,3,5,,2,004,"ORANGE AVE","FRANCISQUITO AVE",450.00,S,N,B,-,N,,,,,,,,,,N,3,0,1,2,A,-,05,21202,,N,D,G,A,A,H,-,A,D,0,,Y,,,Y,,L,04,0,1,0,0,0,0,1,0,0,"- ","- ",34.056381225585938,-117.95997619628906,"LOS ANGELES",UNINCORPORATED,-117.95980072021484,34.056400299072266
92156006,2023,2023-08-28,9535,2023-08-16,0800,021970,,3,1,9,1900,0,2,4,,2,024,"WHITTIER BLVD","SIMMONS AVE",0.00,,Y,A,-,N,,,,,,,,,,N,4,0,1,2,A,-,05,21650,,N,D,G,A,A,H,-,A,A,0,,Y,,,Y,,L,04,0,0,1,0,0,0,1,0,0,"- ","- ",34.0181884765625,-118.14627838134766,"LOS ANGELES",UNINCORPORATED,-118.14627075195312,34.018081665039062
92169306,2023,2023-09-13,9530,2023-09-04,1500,022702,,1,2,9,1900,0,3,5,,2,001,"ZAMORA AVENUE (9100 BLOCK)","91ST STREET",40.00,N,N,A,-,N,,,,,,,,,,N,2,0,1,2,A,-,06,21951,,F,D,G,A,A,H,-,A,D,0,,Y,,,Y,,L,04,1,0,0,0,0,0,1,0,0,"- ","- ",33.954059600830078,-118.25164794921875,"LOS ANGELES",UNINCORPORATED,-118.25161743164062,33.953998565673828
92171264,2023,2023-09-15,9530,2023-09-08,1550,023038,,5,2,9,1900,0,3,5,,2,002,"STOCKWELL ST. (2300 BLOCK)","WILLOWBROOK AVE.",30.00,W,N,A,-,N,,,,,,,,,,N,3,0,1,2,A,-,09,21804,A,N,D,G,A,A,H,-,A,A,0,,Y,,,Y,,L,04,0,1,0,0,0,0,1,0,0,"- ","- ",33.910850524902344,-118.22856903076172,"LOS ANGELES",UNINCORPORATED,-118.22893524169922,33.910808563232422
92172999,2023,2023-09-19,9565,2023-09-06,1755,022761,,3,2,9,1900,0,2,4,,2,023,"WESTERN AVE","IMPERIAL HWY",100.00,S,N,A,-,N,,,,,,,,,,N,3,0,1,2,A,-,09,21804,A,N,H,G,A,A,H,-,A,A,0,,Y,,,Y,,A,01,0,1,0,0,0,0,1,0,0,"- ","- ",33.930519104003906,-118.30918121337891,"LOS ANGELES",UNINCORPORATED,-118.30912780761719,33.930744171142578
92176097,2023,2023-09-21,9530,2023-09-13,1820,022585,,3,2,9,1900,0,3,5,,2,005,"PRAIRE AVE. (15800 BLOCK)","MANHATTAN BEACH BLVD.",75.00,S,N,A,-,N,,,,,,,,,,N,3,0,1,2,A,-,09,21804,A,N,D,G,A,A,H,-,A,D,0,,Y,,,Y,,L,04,0,1,0,0,0,0,1,0,0,"- ","- ",33.887081146240234,-118.34384918212891,"LOS ANGELES",UNINCORPORATED,-118.34382629394531,33.887184143066406
92176348,2023,2023-09-21,9525,2023-09-15,2010,023283,,5,2,9,1900,0,2,4,,2,045,"VALLEY BOULEVARD","TEMPLE AVENUE",350.00,W,N,A,-,N,,,,,,,,,,N,3,0,1,2,A,-,05,21650,,F,B,G,A,A,H,-,D,D,0,,Y,,,Y,,L,04,0,1,0,0,0,0,1,0,0,"- ","- ",34.054550170898438,-118.00433349609375,"LOS ANGELES",UNINCORPORATED,-117.81300354003906,34.047634124755859
92177052,2023,2023-09-22,9565,2023-09-12,1640,023268,,2,2,9,1900,0,3,5,,2,004,"EL SEGUNDO BLVD","SHOUP AVE",0.00,,Y,A,-,N,,,,,,,,,,N,3,0,1,2,A,-,12,22450,A,F,D,G,A,A,H,-,A,A,0,,Y,,,Y,,-,99,0,1,0,0,0,0,1,0,0,"- ","- ",33.91632080078125,-118.36424255371094,"LOS ANGELES",UNINCORPORATED,-118.36421203613281,33.916400909423828
92177315,2023,2023-09-22,9565,2023-05-09,1820,016545,,2,2,9,1900,0,3,5,,2,005,"ADMIRALTY WAY","MINDANAO WAY",1000.00,E,N,A,-,N,,,,,,,,,,N,4,0,1,2,A,-,09,21801,B,N,D,G,A,A,H,-,C,A,0,,Y,,Y,Y,,F,24,0,0,1,0,0,0,1,0,0,"- ","- ",33.978981018066406,-118.43946075439453,"LOS ANGELES",UNINCORPORATED,-118.4384765625,33.977470397949219
92187780,2023,2023-10-02,9545,2023-05-11,2318,021361,,4,3,9,1900,0,3,5,,2,002,"20TH STREET WEST","AVENUE M-8",87.00,S,N,A,-,N,,,,,,,,,,N,1,1,0,2,A,-,05,21202,A,F,C,G,A,A,H,-,D,D,0,,Y,,,Y,,L,04,0,0,0,0,0,1,0,0,0,"- ","- ",34.638198852539062,-118.16544342041016,"LOS ANGELES",UNINCORPORATED,-118.16539764404297,34.638271331787109
92191268,2023,2023-10-04,9535,2023-09-12,1820,023333,,2,2,9,1900,0,3,5,,2,002,"HOEFNER AVE (700 S BLOCK)","HUBBARD ST",5.00,S,N,A,-,N,,,,,,,,,,N,3,0,1,2,A,-,09,21804,B,N,G,G,A,A,H,-,A,D,0,,Y,,,Y,,L,04,0,1,0,0,0,0,1,0,0,"- ","- ",34.021091461181641,-118.14974975585938,"LOS ANGELES",UNINCORPORATED,-118.14971160888672,34.021156311035156
92198951,2023,2023-10-13,9550,2023-10-05,0815,018854,,4,1,9,1900,0,2,4,,1,052,"COLIMA RD.","JELLICK AVE.",610.00,E,N,A,-,N,,,,,,,,,,N,4,0,1,2,A,-,03,22350,,N,G,B,E,A,H,-,A,D,0,Y,Y,,,Y,,L,04,0,0,1,0,1,0,0,0,0,"- ","- ",33.988178253173828,-117.89891815185547,"LOS ANGELES",UNINCORPORATED,-117.89919281005859,33.987991333007812
92207394,2023,2023-10-24,9550,2023-10-12,0705,018187,,4,1,9,1900,0,3,5,,2,002,"MILLS AVE","LIGHT ST",0.00,,Y,A,-,N,,,,,,,,,,N,4,0,1,2,A,-,05,21650,,N,D,G,A,A,H,-,A,A,0,,Y,,,Y,,L,04,0,0,1,0,0,0,1,0,0,"- ","- ",33.941169738769531,-118.03167724609375,"LOS ANGELES",UNINCORPORATED,-118.03158569335938,33.941078186035156
92207521,2023,2023-10-24,9525,2023-10-19,2015,019491,,4,2,9,1900,0,3,5,,2,002,"VINCENT AVENUE","QUEENSIDE DRIVE",0.00,,Y,A,-,N,,,,,,,,,,N,3,0,1,2,A,-,08,22107,,F,B,G,A,A,H,-,D,D,0,,Y,,,Y,,-,99,0,1,0,0,0,0,1,0,0,"- ","- ",34.093631744384766,-117.92533874511719,"LOS ANGELES",UNINCORPORATED,-117.92560577392578,34.093494415283203
92209476,2023,2023-10-26,9530,2023-10-10,1930,023313,,2,2,9,1900,0,3,5,,2,002,"AVALON BLVD. (15600 BLOCK)","ALONDRA BLVD.",950.00,N,N,A,-,N,,,,,,,,,,N,4,0,1,1,A,-,03,22350,,N,H,A,A,A,H,-,C,D,0,,Y,,,Y,,L,04,0,0,1,0,0,0,1,0,0,"- ","- ",33.888790130615234,-118.26541137695312,"LOS ANGELES",UNINCORPORATED,-118.26542663574219,33.888706207275391
92210784,2023,2023-10-26,1942,2023-08-18,1455,44035,0749,5,5,7,1942,0,0,0,G,0,27TL44,"OLYMPIC BL","WINDSOR BL",0.00,,Y,A,-,N,,,,,,,,,,N,2,0,1,2,A,-,09,21804,,N,H,G,A,A,H,-,A,A,0,,Y,,,Y,,-,"- ",1,0,0,0,0,0,1,0,0,"- ","- ",,,"LOS ANGELES","LOS ANGELES",-118.32569122314453,34.055000305175781
92210785,2023,2023-10-26,1900,2023-06-26,1605,635395,2115,1,5,5,1943,0,0,0,,0,212E1,"LOUISE AV","SANBORN AV",131.00,N,N,A,-,N,,,,,,,,,,N,4,0,1,2,A,-,05,21202,,N,D,G,A,A,H,-,A,D,0,,Y,,,Y,,-,"- ",0,0,1,0,0,0,1,0,0,"- ","- ",,,"LOS ANGELES",LYNWOOD,-118.18177032470703,33.922328948974609
92231189,2023,2023-11-08,9565,2023-09-11,1720,023150,,1,2,9,1900,0,3,5,,2,002,"VAN NESS AVE","104TH ST",0.00,,Y,B,-,N,,,,,,,,,,N,4,0,1,2,D,-,00,,,N,D,G,A,A,H,-,A,A,0,,Y,,,Y,,-,"- ",0,0,1,0,0,0,1,0,0,"- ","- ",33.941818237304688,-118.31768798828125,"LOS ANGELES",UNINCORPORATED,-118.31776428222656,33.941825866699219
92241570,2023,2023-11-21,9530,2023-11-10,0655,023143,,5,1,9,1900,0,3,5,,2,006,"228TH STREET (22800 BLOCK)","MARIPOSA AVE.",0.00,,Y,A,-,N,,,,,,,,,,N,4,0,1,3,A,-,08,22107,,F,H,G,A,A,H,-,A,D,0,,Y,,,Y,,L,04,0,0,1,0,0,0,1,0,0,"- ","- ",33.818981170654297,-118.29715728759766,"LOS ANGELES",UNINCORPORATED,-118.29729461669922,33.818977355957031
92245873,2023,2023-11-28,9535,2023-10-02,1455,023443,,1,2,9,1900,0,3,5,,2,001,"INDIANA ST","GLEASON AVE",0.00,,Y,A,-,N,,,,,,,,,,N,4,0,1,2,A,-,12,21453,A,F,D,G,A,A,H,-,A,A,0,,Y,,,Y,,-,99,0,0,1,0,0,0,1,0,0,"- ","- ",34.034820556640625,-118.19235229492188,"LOS ANGELES",UNINCORPORATED,-118.19239807128906,34.034858703613281
92247208,2023,2023-11-29,9550,2023-08-30,1532,022631,,3,2,9,1900,0,2,4,,1,052,"COLIMA RD.","BANIDA AVE.",115.00,W,N,A,-,N,,,,,,,,,,N,4,0,2,1,A,-,08,22107,,N,F,A,A,A,H,-,A,D,0,,Y,,,Y,,M,91,0,0,2,0,0,0,1,0,0,"- ","- ",33.98699951171875,-117.88204956054688,"LOS ANGELES",UNINCORPORATED,-117.88189697265625,33.987087249755859
92252732,2023,2023-12-20,9550,2023-08-04,1800,023212,,5,2,9,1900,0,2,4,,1,052,"COLIMA RD","BATSON AVE",206.00,W,N,A,-,N,,,,,,,,,,N,2,0,1,2,A,-,03,22350,,F,H,G,A,A,H,-,A,D,0,,Y,,,Y,,-,99,1,0,0,0,0,0,1,0,0,"- ","- ",33.988460540771484,-117.90460205078125,"LOS ANGELES",UNINCORPORATED,-117.90459442138672,33.988296508789062
92253321,2023,2023-12-05,9530,2023-11-22,2030,023090,,3,2,9,1900,0,3,5,,2,003,"COMPTON BLVD.","WHITE AVE.",0.00,,Y,A,-,N,,,,,,,,,,N,4,0,1,2,A,-,08,22107,,M,D,G,A,A,H,-,C,D,0,,Y,,,Y,,-,99,0,0,1,0,0,0,1,0,0,"- ","- ",33.896080017089844,-118.19564819335938,"LOS ANGELES",UNINCORPORATED,-118.19561767578125,33.896141052246094
92257322,2023,2023-12-08,9530,2023-10-15,0144,022122,,7,3,5,1977,0,1,1,,2,410,"INTERSTATE 405 SOUTHBOUND","WILMINGTON AVENUE",2030.00,S,N,A,-,Y,LA,,405,,,9.185,H,,L,Y,1,1,0,2,A,-,08,22107,,N,H,G,A,A,H,-,D,D,0,,Y,,,Y,Y,L,04,0,0,0,0,0,1,0,0,0,"- ","- ",33.825691223144531,-118.23486328125,"LOS ANGELES",CARSON,-118.23486328125,33.825763702392578
92258278,2023,2023-12-11,9550,2023-11-28,0818,019293,,2,1,9,1900,0,3,5,,2,004,"CROSSHAVEN DRIVE","CALLE LOS ARBOLES",150.00,S,N,A,-,N,,,,,,,,,,N,3,0,1,2,A,-,09,21800,B,N,H,G,A,A,H,-,A,D,0,,Y,,,Y,,M,91,0,1,0,0,0,0,1,0,0,"- ","- ",33.984458923339844,-117.91207122802734,"LOS ANGELES",UNINCORPORATED,-117.91204071044922,33.984493255615234
92260360,2023,2023-12-12,9565,2023-10-05,1140,019031,,4,1,9,1900,0,3,5,,2,005,"FIJI WAY","ADMIRALTY WAY",350.00,W,N,A,-,N,,,,,,,,,,N,3,0,1,2,A,-,08,22107,,N,H,G,A,A,H,-,A,D,0,,Y,,,Y,,L,04,0,1,0,0,0,0,1,0,0,"- ","- ",33.974658966064453,-118.44393157958984,"LOS ANGELES",UNINCORPORATED,-118.43936920166016,33.976837158203125
92261474,2023,2023-12-13,9530,2023-12-11,0630,022702,,1,1,9,1900,0,3,5,,2,001,"ALAMEDA STREET","95TH STREET",0.00,,Y,A,-,N,,,,,,,,,,N,3,0,1,2,A,-,09,21801,A,F,D,G,A,A,H,-,A,D,0,,Y,,,Y,,-,99,0,1,0,0,0,0,1,0,0,"- ","- ",33.950550079345703,-118.22959899902344,"LOS ANGELES",UNINCORPORATED,-118.2294921875,33.950527191162109
92263011,2023,2023-12-15,9565,2023-11-17,1950,023177,,5,2,9,1900,0,3,5,,2,004,"104TH ST.","FREEMAN AVE.",65.00,W,N,A,-,N,,,,,,,,,,N,3,0,1,2,A,-,08,22107,,F,H,G,A,A,H,-,D,A,0,,Y,,,Y,,D,22,0,1,0,0,0,0,1,0,0,"- ","- ",33.941810607910156,-118.34860992431641,"LOS ANGELES",UNINCORPORATED,-118.3485107421875,33.941799163818359
92265222,2023,2023-12-18,9535,2023-12-05,1330,023351,,2,1,9,1900,0,3,5,,2,002,"MCDONNELL AVE","ALLEY NORTH WHITTIER BLVD.",0.00,,Y,A,-,N,,,,,,,,,,N,3,0,1,2,A,-,09,21804,A,N,D,G,A,A,H,-,A,D,0,,Y,,,Y,,L,04,0,1,0,0,0,0,1,0,0,"- ","- ",34.023189544677734,-118.16779327392578,"LOS ANGELES",UNINCORPORATED,-118.16799163818359,34.022663116455078
92265965,2023,2023-12-19,9580,2023-12-12,0845,022799,,2,1,3,1994,0,3,5,,2,013,"MUREAU RD","ROUND MEADOW RD",0.00,,Y,A,-,N,,,,,,,,,,N,2,0,1,2,A,-,09,21801,A,N,A,G,A,A,H,-,A,A,0,,Y,,,Y,,D,22,1,0,0,0,0,0,1,0,0,"- ","- ",34.152271270751953,-118.66639709472656,"LOS ANGELES","AGOURA HILLS",-118.6663818359375,34.152175903320312
92270408,2023,2023-12-25,9580,2023-12-16,1035,022755,,6,1,7,1942,0,1,3,,1,120,"SR-1 S/B (PACIFIC COAST HWY.)","COASTLINE DR",500.00,N,N,A,-,Y,LA,,1,,,40.199,H,,L,N,3,0,1,2,A,-,08,22107,,F,B,G,A,A,H,-,A,D,0,,Y,,,Y,,-,99,0,1,0,0,0,0,1,0,0,"- ","- ",34.042018890380859,-118.56986999511719,"LOS ANGELES","LOS ANGELES",-118.56986999511719,34.042041778564453
92273773,2023,2023-12-28,9530,2023-12-20,1430,022079,,3,2,9,1900,0,3,5,,2,001,"ALAMEDA ST. (8400 BLOCK)","85TH ST.",350.00,N,N,A,-,N,,,,,,,,,,N,3,0,1,2,A,-,03,22350,,F,H,G,A,B,H,-,A,D,0,,Y,,,Y,,-,99,0,1,0,0,0,0,1,0,0,"- ","- ",33.962120056152344,-118.23211669921875,"LOS ANGELES",UNINCORPORATED,-118.23200988769531,33.962024688720703
92276413,2023,2024-01-02,9550,2023-12-05,1505,023600,,2,2,9,1900,0,2,4,,1,052,"BLUFFWOOD STREET","YBARRA DRIVE",0.00,,Y,A,-,N,,,,,,,,,,N,2,0,1,2,A,-,09,21804,A,N,H,G,A,A,H,-,A,D,0,,Y,,,Y,,M,91,1,0,0,0,0,0,1,0,0,"- ","- ",33.987548828125,-117.87487030029297,"LOS ANGELES",UNINCORPORATED,-117.87483978271484,33.987445831298828
92279474,2023,2024-01-04,9575,2023-12-27,1050,021410,,3,1,9,1900,0,3,5,,2,001,"BRIGGS AVE.","PROSPECT AVE.",0.00,,Y,A,-,N,,,,,,,,,,N,3,0,1,2,A,-,09,21804,A,N,D,G,A,A,H,-,A,D,0,,Y,,,Y,,A,07,0,1,0,0,0,0,1,0,0,"- ","- ",34.215778350830078,-118.23087310791016,"LOS ANGELES",UNINCORPORATED,-118.23081207275391,34.215766906738281
92280630,2023,2024-01-05,9535,2023-11-30,1710,023297,,4,2,9,1900,0,3,5,,2,001,"MICHIGAN AVE","MARIANNA AVE",0.00,,Y,A,-,N,,,,,,,,,,N,4,0,1,2,A,-,12,22450,A,N,D,G,A,A,H,-,D,A,0,,Y,,,Y,,L,04,0,0,1,0,0,0,1,0,0,"- ","- ",34.038681030273438,-118.17571258544922,"LOS ANGELES",UNINCORPORATED,-118.17575073242188,34.038692474365234
92281494,2023,2024-01-08,9535,2023-08-21,1745,023244,,1,2,9,1900,0,3,5,,2,002,"BRADSHAWE AVE (570 BLOCK)","6TH ST",150.00,N,N,A,-,N,,,,,,,,,,N,4,0,1,2,A,-,08,22107,,F,A,G,A,A,H,-,A,D,0,,Y,,,Y,,L,04,0,0,1,0,0,0,1,0,0,"- ","- ",34.022380828857422,-118.14279174804688,"LOS ANGELES",UNINCORPORATED,-118.14275360107422,34.022518157958984
92307360,2023,2024-02-06,9550,2023-12-18,2115,023248,,1,2,9,1900,0,3,5,,2,002,"LAMBERT RD","COLIMA RD",865.00,E,N,A,-,N,,,,,,,,,,N,4,0,1,1,A,-,03,22350,,N,E,J,A,A,H,-,C,D,0,,Y,,,Y,,M,91,0,0,1,0,0,0,1,0,0,"- ","- ",33.940910339355469,-118.00901031494141,"LOS ANGELES",UNINCORPORATED,-118.00923156738281,33.940933227539062
92311767,2023,2024-02-12,9530,2023-12-08,1610,023333,,5,2,9,1900,0,2,S,,2,904,"FIR AVE","FILESTONE BLVD",0.00,,Y,A,-,N,,,,,,,,,,Y,3,0,2,3,A,-,12,21453,A,N,D,2,A,A,H,-,A,A,0,,Y,,,Y,,D,22,0,1,1,0,0,0,1,0,0,"- ","- ",33.960201263427734,-118.23738098144531,"LOS ANGELES",UNINCORPORATED,-118.2374267578125,33.960140228271484
92326359,2023,2024-02-29,9535,2023-11-06,1522,023372,,1,2,9,1900,0,3,5,,2,002,"ALLEYWAY EAST OF GARFIELD AVE.","GARFIELD AVE",150.00,E,N,A,-,N,,,,,,,,,,N,4,0,1,2,A,-,09,21804,A,N,G,G,A,A,H,-,B,A,0,,Y,,,Y,,A,07,0,0,1,0,0,0,1,0,0,"- ","- ",34.008411407470703,-118.13088989257812,"LOS ANGELES",UNINCORPORATED,-118.13019561767578,34.012203216552734
9456068,2023,2023-08-21,1941,2023-01-25,1543,11250,SOUTH,3,5,7,1941,0,0,0,,0,009,"EAST 4TH ST","CHERRY AV",30.00,W,N,A,-,N,,,,,,,,,,N,3,0,1,2,A,-,08,22107,,N,D,G,A,A,H,-,A,A,0,,Y,,,Y,,L,04,0,1,0,0,0,0,1,0,0,"- ","- ",33.771709442138672,-118.16766357421875,"LOS ANGELES","LONG BEACH",-118.16777038574219,33.771720886230469
9456080,2023,2023-09-26,1900,2023-05-05,1930,643702,1352,5,5,3,1927,0,0,0,,0,135A,"CLARETTA AV","CARSON ST",0.00,,Y,A,-,N,,,,,,,,,,N,3,0,1,2,A,-,05,21650,1,N,D,G,A,A,H,-,B,A,0,,Y,,,Y,,L,04,0,1,0,0,0,0,1,0,0,"- ","- ",,,"LOS ANGELES","HAWAIIAN GARDENS",-118.06772613525391,33.831592559814453
9467483,2023,2023-02-15,1931,2023-01-12,0956,5332,1931,4,5,5,1931,0,0,0,,0,004,"FLORENCE AV","CALIFORNIA AV",0.00,,Y,A,-,N,,,,,,,,,,N,4,0,1,2,A,-,05,21650,,N,D,G,A,A,H,-,A,A,0,,Y,,,Y,,L,04,0,0,1,0,0,0,1,0,0,"- ","- ",,,"LOS ANGELES","HUNTINGTON PARK",-118.20343780517578,33.971939086914062
9467507,2023,2023-02-10,1910,2023-01-17,1051,04407,,2,5,4,1910,0,0,0,,0,004,"NORTH SANTA MONICA BL","N CANON DR",0.00,,Y,A,-,N,,,,,,,,,,N,4,0,1,2,A,-,08,22100,A,N,B,G,A,A,H,-,A,A,0,,Y,,,Y,,A,01,0,0,1,0,0,0,1,0,0,"- ","- ",,,"LOS ANGELES","BEVERLY HILLS",-118.40263366699219,34.072372436523438
9468708,2023,2023-09-15,1942,2023-08-05,1617,45167,2062,6,5,7,1942,0,0,0,,0,20A34,"OLYMPIC BL","WESTERN AV",40.00,W,N,A,-,N,,,,,,,,,,N,4,0,1,2,A,-,09,21804,A,F,H,G,A,A,H,-,A,D,0,,Y,,,Y,,-,99,0,0,1,0,0,0,1,0,0,"- ","- ",,,"LOS ANGELES","LOS ANGELES",-118.3092041015625,34.052639007568359
9468736,2023,2023-10-02,1942,2023-08-09,2306,42871,0636,3,5,7,1942,0,0,0,F,0,6A77,"CAHUENGA BL","HOLLYWOOD BL",0.00,,Y,A,-,N,,,,,,,,,,N,2,0,1,2,A,-,09,21801,A,N,A,-,A,A,H,-,C,A,0,,Y,,,Y,,A,01,1,0,0,0,0,0,1,0,0,"- ","- ",,,"LOS ANGELES","LOS ANGELES",-118.32952880859375,34.101612091064453
9469111,2023,2023-10-25,1956,2023-09-06,0750,1372,44,3,5,5,1956,0,0,0,,0,003,"RINDGE LN","RIPLEY AV",0.00,,Y,A,-,N,,,,,,,,,,N,3,0,1,2,A,-,12,22450,A,N,D,G,A,A,H,-,A,A,0,,Y,,,Y,,L,04,0,1,0,0,0,0,1,0,0,"- ","- ",33.861869812011719,-118.37274169921875,"LOS ANGELES","REDONDO BEACH",-118.37274169921875,33.861835479736328
9469609,2023,2023-09-08,1900,2023-07-05,1600,279485,2313,3,5,5,1919,0,0,0,,0,230T,"GRIDLEY RD","CANDOR ST",0.00,,Y,A,-,N,,,,,,,,,,Y,4,0,1,2,A,-,05,21650,,N,B,G,A,A,H,-,A,A,0,,Y,,,Y,,L,04,0,0,1,0,0,0,1,0,0,"- ","- ",33.856380462646484,-118.09087371826172,"LOS ANGELES",CERRITOS,-118.09085083007812,33.856353759765625