CASE_ID,ACCIDENT_YEAR,PROC_DATE,JURIS,COLLISION_DATE,COLLISION_TIME,OFFICER_ID,REPORTING_DISTRICT,DAY_OF_WEEK,CHP_SHIFT,POPULATION,CNTY_CITY_LOC,SPECIAL_COND,BEAT_TYPE,CHP_BEAT_TYPE,CITY_DIVISION_LAPD,CHP_BEAT_CLASS,BEAT_NUMBER,PRIMARY_RD,SECONDARY_RD,DISTANCE,DIRECTION,INTERSECTION,WEATHER_1,WEATHER_2,STATE_HWY_IND,CALTRANS_COUNTY,CALTRANS_DISTRICT,STATE_ROUTE,ROUTE_SUFFIX,POSTMILE_PREFIX,POSTMILE,LOCATION_TYPE,RAMP_INTERSECTION,SIDE_OF_HWY,TOW_AWAY,COLLISION_SEVERITY,NUMBER_KILLED,NUMBER_INJURED,PARTY_COUNT,PRIMARY_COLL_FACTOR,PCF_CODE_OF_VIOL,PCF_VIOL_CATEGORY,PCF_VIOLATION,PCF_VIOL_SUBSECTION,HIT_AND_RUN,TYPE_OF_COLLISION,MVIW,PED_ACTION,ROAD_SURFACE,ROAD_COND_1,ROAD_COND_2,LIGHTING,CONTROL_DEVICE,CHP_ROAD_TYPE,PEDESTRIAN_ACCIDENT,BICYCLE_ACCIDENT,MOTORCYCLE_ACCIDENT,TRUCK_ACCIDENT,NOT_PRIVATE_PROPERTY,ALCOHOL_INVOLVED,STWD_VEHTYPE_AT_FAULT,CHP_VEHTYPE_AT_FAULT,COUNT_SEVERE_INJ,COUNT_VISIBLE_INJ,COUNT_COMPLAINT_PAIN,COUNT_PED_KILLED,COUNT_PED_INJURED,COUNT_BICYCLIST_KILLED,COUNT_BICYCLIST_INJURED,COUNT_MC_KILLED,COUNT_MC_INJURED,PRIMARY_RAMP,SECONDARY_RAMP,LATITUDE,LONGITUDE,COUNTY,CITY,POINT_X,POINT_Y
9469874,2023,2023-09-25,1942,2023-08-23,1645,40972,1502,3,5,7,1942,0,0,0,O,0,26T37,"SATICOY ST","COLDWATER CYN AV",200.00,W,N,A,-,N,,,,,,,,,,N,3,0,1,2,A,-,08,22107,,F,C,G,A,A,H,-,A,A,0,,Y,,,Y,,-,99,0,1,0,0,0,0,1,0,0,"- ","- ",,,"LOS ANGELES","LOS ANGELES",-118.41503143310547,34.206748962402344
9470098,2023,2023-09-18,1941,2023-06-12,0733,10943,EAST,1,5,7,1941,0,0,0,,0,014,"HEATHER AV","MONTAIR AV",0.00,,Y,A,-,N,,,,,,,,,,N,3,0,1,2,A,-,12,22450,A,N,H,G,A,A,H,-,A,A,0,,Y,,,Y,,L,04,0,1,0,0,0,0,1,0,0,"- ","- ",33.799041748046875,-118.12640380859375,"LOS ANGELES","LONG BEACH",-118.12641143798828,33.799041748046875
9470140,2023,2023-09-20,1942,2023-08-30,1130,36238,1158,3,5,7,1942,0,0,0,K,0,24TL24,"FIGUEROA ST","AV 37",0.00,,Y,A,-,N,,,,,,,,,,N,4,0,1,2,A,-,08,22107,,N,D,G,A,A,H,-,A,D,0,,Y,,,Y,,D,22,0,0,1,0,0,0,1,0,0,"- ","- ",,,"LOS ANGELES","LOS ANGELES",-118.21286010742188,34.090435028076172
9470159,2023,2023-09-28,1929,2023-08-12,0857,237,1929,6,5,3,1929,0,0,0,,0,001,"PIER AV","ARDMORE AV",2.00,E,N,B,-,N,,,,,,,,,,N,3,0,1,2,A,-,12,22450,A,N,D,G,A,A,H,-,A,A,0,,Y,,Y,Y,,F,27,0,1,0,0,0,0,1,0,0,"- ","- ",33.864658355712891,-118.39510345458984,"LOS ANGELES","HERMOSA BEACH",-118.39510345458984,33.864650726318359
9470346,2023,2023-10-03,1910,2023-08-27,1340,03494,,7,5,4,1910,0,0,0,,0,005,"SOUTH SANTA MONICA BL","BEVERLY DR",75.00,E,N,A,-,N,,,,,,,,,,N,4,0,1,2,A,-,07,21658,A,N,B,C,A,A,H,-,A,D,0,,Y,,,Y,,L,04,0,0,1,0,0,0,1,0,0,"- ","- ",34.071418762207031,-118.40308380126953,"LOS ANGELES","BEVERLY HILLS",-118.40308380126953,34.071414947509766
9470390,2023,2023-10-05,1942,2023-08-24,1700,44211,4202,4,5,7,1942,0,0,0,,0,2A92,"UNION AV","17TH ST",0.00,,Y,A,-,N,,,,,,,,,,N,3,0,1,2,A,-,00,21808,,F,D,G,A,A,H,-,A,D,0,,Y,,,Y,,-,99,0,1,0,0,0,0,1,0,0,"- ","- ",,,"LOS ANGELES","LOS ANGELES",-118.27980804443359,34.040573120117188
9471230,2023,2023-11-01,1941,2023-01-19,1815,10850,WEST,4,5,7,1941,0,0,0,,0,005,"ATLANTIC AV","EAST PACIFIC COAST HWY",1.00,N,N,A,-,N,,,,,,,,,,N,4,0,1,2,D,-,00,,,F,G,G,A,A,H,-,C,A,0,,Y,,,Y,,-,"- ",0,0,1,0,0,0,1,0,0,"- ","- ",33.789859771728516,-118.18504333496094,"LOS ANGELES","LONG BEACH",-118.18502807617188,33.789871215820312
9471464,2023,2023-12-11,1942,2023-10-02,1350,40165,1611,1,5,7,1942,0,0,0,P,0,26TL43,"GLENOAKS BL","DAVENTRY ST",50.00,S,N,-,-,N,,,,,,,,,,N,4,0,1,2,A,-,08,22107,,F,-,-,A,-,-,-,-,-,0,,Y,,,Y,,-,99,0,0,1,0,0,0,1,0,0,"- ","- ",,,"LOS ANGELES","LOS ANGELES",-118.4173583984375,34.278717041015625
9471479,2023,2023-12-11,1942,2023-10-07,0700,40065,1043,6,5,7,1942,0,0,0,J,0,26TL27,"OXNARD ST","RESEDA AV",13.00,E,N,A,-,N,,,,,,,,,,N,4,0,1,2,A,-,12,21453,A,F,D,G,A,A,H,-,A,A,0,,Y,,,Y,,L,04,0,0,1,0,0,0,1,0,0,"- ","- ",,,"LOS ANGELES","LOS ANGELES",-118.53596496582031,34.179981231689453
9471724,2023,2023-10-31,1942,2023-05-02,2345,31324,2058,2,5,7,1942,0,0,0,,0,24T31,"OLYMPIC BL","ARAPAHOE ST",112.00,E,N,A,-,N,,,,,,,,,,N,4,0,1,2,A,-,05,21650,,F,B,G,A,A,H,-,C,A,0,,Y,,,Y,,L,04,0,0,1,0,0,0,1,0,0,"- ","- ",,,"LOS ANGELES","LOS ANGELES",-118.2850341796875,34.052410125732422
9471869,2023,2023-12-13,1900,2023-10-10,1243,635387,2112,2,5,5,1943,0,0,0,,0,212T4,"LONG BEACH BL","RT 105",0.00,,Y,A,-,Y,LA,7,105,-,R,11.762,R,4,W,N,4,0,1,2,A,-,05,21650,,N,D,-,A,A,H,-,A,A,0,,Y,,,Y,,L,04,0,0,1,0,0,0,1,0,0,"- ",NF,,,"LOS ANGELES",LYNWOOD,-118.20679473876953,33.9237060546875
9513616,2023,2024-02-21,1900,2023-11-11,1248,443069,0976,6,5,4,1979,0,0,0,,0,92T2,"LA CIENEGA BL","FOUNTAIN AV",0.00,,Y,A,-,N,,,,,,,,,,N,4,0,1,2,A,-,11,21456,A,N,D,G,A,A,H,-,A,D,0,,Y,,,Y,,L,04,0,0,1,0,0,0,1,0,0,"- ","- ",34.09259033203125,-118.37644195556641,"LOS ANGELES","WEST HOLLYWOOD",-118.37631225585938,34.092594146728516
9514562,2023,2024-02-22,1907,2023-08-27,1330,259,1,7,5,4,1907,0,0,0,,0,,"GAGE AV","CALIFORNIA AV",1.00,W,N,A,-,N,,,,,,,,,,N,4,0,1,2,A,-,05,21650,,N,H,G,A,A,H,-,A,D,0,,Y,,,Y,,L,04,0,0,1,0,0,0,1,0,0,"- ","- ",33.979301452636719,-118.20240020751953,"LOS ANGELES",BELL,-118.20233154296875,33.979640960693359
9514640,2023,2024-02-05,1907,2023-07-31,1511,249,1,1,5,4,1907,0,0,0,,0,,"BELL AV","SAN LUIS AVE",4.00,W,N,A,-,N,,,,,,,,,,N,4,0,1,2,A,-,05,21650,,N,H,G,A,A,H,-,A,A,0,,Y,,,Y,,L,04,0,0,1,0,0,0,1,0,0,"- ","- ",33.975448608398438,-118.19724273681641,"LOS ANGELES",BELL,-118.19728088378906,33.975452423095703
9514674,2023,2024-02-26,1942,2023-11-23,2005,42656,2023,4,5,7,1942,0,0,0,,0,27T35,"4TH ST","NORMANDIE AV",70.00,W,N,B,-,N,,,,,,,,,,N,3,0,1,2,A,-,03,22350,,F,B,G,A,A,H,-,C,D,0,,Y,,,Y,,-,99,0,1,0,0,0,0,1,0,0,"- ","- ",,,"LOS ANGELES","LOS ANGELES",-118.30058288574219,34.067192077636719
9519611,2023,2023-03-09,1928,2023-01-25,0824,50384,519,3,5,5,1928,0,0,0,,0,503,"CERISE AV","135TH ST",600.00,S,N,A,-,N,,,,,,,,,,N,4,0,1,2,A,-,03,22350,,N,A,G,A,A,H,-,A,A,0,,Y,,,Y,,L,04,0,0,1,0,0,0,1,0,0,"- ","- ",33.909168243408203,-118.33345794677734,"LOS ANGELES",HAWTHORNE,-118.33303070068359,33.907543182373047
9519696,2023,2023-03-08,1972,2023-01-17,1225,20080,,2,5,6,1972,0,0,0,,0,,"TORRANCE BL","LADEENE AV",25.00,W,N,A,-,N,,,,,,,,,,N,3,0,1,2,A,-,08,22107,,N,B,-,A,A,-,-,A,A,0,,Y,,,Y,,A,,0,1,0,0,0,0,1,0,0,"- ","- ",,,"LOS ANGELES",TORRANCE,-118.36085510253906,33.837570190429688
9519934,2023,2023-02-06,1900,2023-01-19,1245,526692,1414,4,5,1,1932,0,0,0,,0,141T2,"PROCTOR AV","VALLEY BL",137.00,S,N,A,-,N,,,,,,,,,,N,4,0,1,2,A,-,09,21804,A,N,G,G,A,A,H,-,A,D,0,,Y,,,Y,,A,01,0,0,1,0,0,0,1,0,0,"- ","- ",34.0223388671875,-117.96054840087891,"LOS ANGELES",INDUSTRY,-117.96048736572266,34.022365570068359
9520709,2023,2023-07-20,1941,2023-02-14,0914,10559,WEST,2,5,7,1941,0,0,0,,0,002,RT-1,"HARBOR AV",103.00,E,N,A,-,Y,LA,7,1,-,-,7.460,H,-,S,N,1,1,0,2,C,-,18,,,F,H,G,A,A,G,-,A,D,0,,Y,,Y,Y,,-,"- ",0,0,0,0,0,1,0,0,0,"- ","- ",33.789409637451172,-118.20973968505859,"LOS ANGELES","LONG BEACH",-118.20999908447266,33.789825439453125
9520729,2023,2023-07-18,1942,2023-01-17,2300,42296,1023,2,5,7,1942,0,0,0,J,0,26T55W,"TAMPA AV","SHERMAN WY",632.00,S,N,A,-,N,,,,,,,,,,N,1,1,0,1,C,-,18,,,N,B,-,A,A,H,-,C,D,0,,Y,,,Y,,-,"- ",0,0,0,0,0,1,0,0,0,"- ","- ",,,"LOS ANGELES","LOS ANGELES",-118.55353546142578,34.199306488037109
9520762,2023,2023-07-26,1942,2023-06-14,2255,40957,1801,3,5,7,1942,0,0,0,R,0,25T35,"HOOVER ST","MANCHESTER AV",287.00,S,N,B,-,N,,,,,,,,,,Y,1,1,0,2,A,-,09,21804,A,N,D,G,A,A,H,-,E,D,0,,Y,,,Y,,A,08,0,0,0,0,0,1,0,0,0,"- ","- ",,,"LOS ANGELES","LOS ANGELES",-118.28697967529297,33.959266662597656
9526486,2023,2023-02-28,1900,2023-01-25,1545,632490,1323,3,5,5,1935,0,0,0,,0,132A,"CARSON ST","PARAMOUNT BL",0.00,,Y,A,-,N,,,,,,,,,,N,3,0,1,2,A,-,12,21453,A,N,G,B,A,A,H,-,A,A,0,,Y,,,Y,,L,04,0,1,0,0,0,0,1,0,0,"- ","- ",,,"LOS ANGELES",LAKEWOOD,-118.15995025634766,33.832366943359375
9535938,2023,2023-03-09,1900,2023-01-12,1620,640413,1611,4,5,5,1977,0,0,0,,0,164T1,"MCKINLEY AV","163RD ST",0.00,,Y,A,-,N,,,,,,,,,,N,4,0,1,2,A,-,09,21804,A,N,H,G,A,A,H,-,A,D,0,,Y,,,Y,,L,04,0,0,1,0,0,0,1,0,0,"- ","- ",33.884628295898438,-118.25920104980469,"LOS ANGELES",CARSON,-118.25920867919922,33.884586334228516
9544369,2023,2023-03-13,1956,2023-01-07,1354,1361,3,6,5,5,1956,0,0,0,,0,001,"PALOS VERDES BL","PACIFIC COAST HWY",200.00,N,N,A,-,Y,LA,7,1,-,R,18.090,I,6,N,N,3,0,1,2,A,-,08,22107,,N,A,G,A,A,H,-,A,D,0,,Y,,,Y,,A,01,0,1,0,0,0,0,1,0,0,"- ","- ",33.818588256835938,-118.38356781005859,"LOS ANGELES","REDONDO BEACH",-118.38349914550781,33.818656921386719
9544760,2023,2023-02-09,1900,2023-01-02,1035,654683,1349,1,5,3,1903,0,0,0,,0,134,"186TH ST","PIONEER BL",0.00,,Y,A,-,N,,,,,,,,,,N,3,0,1,2,A,-,12,21453,A,N,D,G,A,A,H,-,A,A,0,,Y,,,Y,,A,01,0,1,0,0,0,0,1,0,0,"- ","- ",,,"LOS ANGELES",ARTESIA,-118.08216094970703,33.862796783447266
9546788,2023,2023-03-01,1900,2023-01-21,1803,643386,0454,6,5,6,1949,0,0,0,,0,46T1/P,"ROSERANS AV","BLOOMFIELD AV",0.00,,Y,A,-,N,,,,,,,,,,N,4,0,1,2,A,-,10,21950,A,N,H,G,A,A,H,-,C,A,0,,Y,,,Y,,A,08,0,0,1,0,0,0,1,0,0,"- ","- ",,,"LOS ANGELES",NORWALK,-118.06410980224609,33.902263641357422
9546789,2023,2023-03-01,1900,2023-01-17,1220,489533,0451,2,5,6,1949,0,0,0,,0,43T1,"FIRESTONE BL","STUDEBAKER RD",792.00,W,N,A,-,N,,,,,,,,,,N,4,0,1,2,A,-,05,21202,A,M,E,G,A,A,H,-,A,D,0,,Y,,,Y,,L,04,0,0,1,0,0,0,1,0,0,"- ","- ",,,"LOS ANGELES",NORWALK,-118.10150909423828,33.923229217529297
9547813,2023,2023-03-07,1913,2023-01-11,0754,4286,30,3,5,4,1913,0,0,0,,0,002,"1ST ST","AMHERST AV",257.00,E,N,A,-,N,,,,,,,,,,N,3,0,1,1,A,-,03,22350,,N,E,-,A,A,B,-,A,D,0,,Y,,,Y,,L,04,0,1,0,0,0,0,1,0,0,"- ","- ",,,"LOS ANGELES",CLAREMONT,-117.70875549316406,34.094806671142578
9549165,2023,2023-03-20,1942,2023-01-26,0820,38502,1313,4,5,7,1942,0,0,0,M,0,24TL29,"TRINITY ST","23RD ST",0.00,,Y,A,-,N,,,,,,,,,,N,4,0,1,2,A,-,12,22450,A,F,D,-,A,A,H,-,A,A,0,,Y,,,Y,,-,99,0,0,1,0,0,0,1,0,0,"- ","- ",,,"LOS ANGELES","LOS ANGELES",-118.2618408203125,34.024959564208984
9549876,2023,2023-03-17,1925,2023-02-10,1152,27016,125,5,5,6,1925,0,0,0,,0,005,"HONOLULU AV","RAMSDELL AV",70.00,W,N,A,-,N,,,,,,,,,,N,4,0,1,2,A,-,03,22350,,N,C,G,A,A,H,-,A,A,0,,Y,,,Y,,L,04,0,0,1,0,0,0,1,0,0,"- ","- ",,,"LOS ANGELES",GLENDALE,-118.24454498291016,34.214286804199219
9550191,2023,2023-08-25,1928,2023-02-10,1819,50416,520,5,5,5,1928,0,0,0,,0,503,"139TH ST","YUKON AV",45.00,W,N,A,-,N,,,,,,,,,,N,4,0,1,2,A,-,14,21201,D,N,D,G,A,A,H,-,C,D,0,,Y,,,Y,,L,04,0,0,1,0,0,0,1,0,0,"- ","- ",,,"LOS ANGELES",HAWTHORNE,-118.33536529541016,33.905548095703125
9551406,2023,2023-02-23,1962,2023-01-30,1303,113,1962,1,5,4,1962,0,0,0,,0,004,"S SAN GABRIEL BL","CENTRAL AV",224.00,N,N,A,-,N,,,,,,,,,,,4,0,1,2,A,-,09,21804,A,N,D,G,A,A,H,-,A,D,0,,Y,,,Y,,A,01,0,0,1,0,0,0,1,0,0,"- ","- ",,,"LOS ANGELES","SAN GABRIEL",-118.0908203125,34.088672637939453
9551710,2023,2023-03-03,1905,2023-01-05,2127,1176,225,4,5,4,1905,0,0,0,,0,003,"ALOSTA AV","POWELL AV",150.00,E,N,A,-,N,,,,,,,,,,N,4,0,1,2,A,-,09,21804,A,F,D,G,A,A,H,-,C,D,0,,Y,,,Y,,A,07,0,0,1,0,0,0,1,0,0,"- ","- ",34.128440856933594,-117.88973236083984,"LOS ANGELES",AZUSA,-117.88737487792969,34.128799438476562
9552632,2023,2023-03-01,1926,2023-01-30,2301,0028,,1,5,5,1926,0,0,0,,0,002,"SOUTH GLENDORA AV","ROSALYNN DR",309.00,N,N,A,-,N,,,,,,,,,,N,2,0,1,2,A,-,14,21201,D,N,C,G,A,A,H,-,C,D,0,,Y,,,Y,,L,04,1,0,0,0,0,0,1,0,0,"- ","- ",34.117809295654297,-117.86443328857422,"LOS ANGELES",GLENDORA,-117.86416625976562,34.116779327392578
9553009,2023,2023-04-06,1953,2023-02-13,1446,9219,PASAD,1,5,6,1953,0,0,0,,0,003,"N VINEDO AV","COLORADO BL",0.00,,Y,A,-,N,,,,,,,,,,N,4,0,1,2,A,-,05,21650,1,N,D,G,A,A,H,-,A,D,0,,Y,,,Y,,L,04,0,0,1,0,0,0,1,0,0,"- ","- ",,,"LOS ANGELES",PASADENA,-118.09613037109375,34.146144866943359
9554046,2023,2023-03-21,1942,2023-01-08,1420,42618,0829,7,5,7,1942,0,0,0,H,0,27TL44,"BEVERLY GLEN BL","WELLWORTH AV",162.00,S,N,A,-,N,,,,,,,,,,N,2,0,1,2,A,-,09,21801,A,N,H,G,A,A,H,-,A,D,0,,Y,,,Y,,A,01,1,0,0,0,0,0,1,0,0,"- ","- ",,,"LOS ANGELES","LOS ANGELES",-118.42694091796875,34.063739776611328
9555077,2023,2023-03-27,1956,2023-02-15,1312,1323,09,3,5,5,1956,0,0,0,,0,001,"KNOB HILL AV","PACIFIC COAST HWY",0.00,,Y,A,-,Y,LA,7,1,-,-,18.871,I,5,N,N,4,0,1,2,A,-,05,21650,1,N,D,G,A,A,H,-,A,A,0,,Y,,,Y,,L,04,0,0,1,0,0,0,1,0,0,"- ","- ",33.828838348388672,-118.38552856445312,"LOS ANGELES","REDONDO BEACH",-118.38553619384766,33.828865051269531
9555587,2023,2023-03-13,1900,2023-02-10,0820,652731,1322,5,5,5,1935,0,0,0,,0,132T1,"ALLINGTON ST","EASTBROOK AV",0.00,,Y,A,-,N,,,,,,,,,,N,3,0,1,2,A,-,09,21802,A,M,D,G,A,A,H,-,A,D,0,,Y,,,Y,,A,01,0,1,0,0,0,0,1,0,0,"- ","- ",,,"LOS ANGELES",LAKEWOOD,-118.12040710449219,33.865550994873047
9555720,2023,2023-03-25,1942,2023-02-27,1400,31542,0453,1,5,7,1942,0,0,0,D,0,24R22,"E CESAR E CHAVEZ AVE","STATE ST",204.00,E,N,C,-,N,,,,,,,,,,N,4,0,1,2,A,-,09,21801,A,F,D,G,A,B,H,-,A,A,0,,Y,,,Y,,-,99,0,0,1,0,0,0,1,0,0,"- ","- ",,,"LOS ANGELES","LOS ANGELES",-118.21453857421875,34.049831390380859
9555792,2023,2023-03-24,1942,2023-01-20,2145,34350,1313,5,5,7,1942,0,0,0,M,0,24T34,"17TH ST","GRIFFITH AV",0.00,,Y,A,-,N,,,,,,,,,,N,4,0,1,2,A,-,12,21453,A,F,D,G,A,A,H,-,C,A,0,,Y,,,Y,,-,99,0,0,1,0,0,0,1,0,0,"- ","- ",,,"LOS ANGELES","LOS ANGELES",-118.25228881835938,34.027225494384766
9555793,2023,2023-03-23,1942,2023-01-31,1200,36527,1303,2,5,7,1942,0,0,0,M,0,24MQ42,"11TH ST","CENTRAL AV",120.00,,N,A,-,N,,,,,,,,,,Y,3,0,1,3,A,-,05,21650,,N,B,G,A,A,H,-,A,D,0,,Y,,,Y,,A,01,0,1,0,0,0,0,1,0,0,"- ","- ",,,"LOS ANGELES","LOS ANGELES",-118.24480438232422,34.03094482421875
9556210,2023,2023-04-06,1941,2023-02-02,1627,11545,EAST,4,5,7,1941,0,0,0,,0,010,"CLAREMONT AV","2ND ST",90.00,E,N,A,-,N,,,,,,,,,,N,2,0,1,2,D,-,00,,,N,D,G,A,A,H,-,A,D,0,,Y,,,Y,,-,"- ",1,0,0,0,0,0,1,0,0,"- ","- ",33.758541107177734,-118.13079833984375,"LOS ANGELES","LONG BEACH",-118.13070678710938,33.758708953857422
9557696,2023,2023-07-18,1900,2023-04-23,2230,647145,2836,7,5,5,1915,0,0,0,,0,287D,"ALONDRA BL","ACACIA AV",65.00,W,N,A,-,N,,,,,,,,,,N,2,0,1,2,A,-,05,21202,,F,C,G,A,A,H,-,C,D,0,,Y,,,Y,,L,04,1,0,0,0,0,0,1,0,0,"- ","- ",33.888469696044922,-118.22567749023438,"LOS ANGELES",COMPTON,-118.22626495361328,33.888576507568359
9558146,2023,2023-03-09,1942,2023-01-06,1730,41419,0271,5,5,7,1942,0,0,0,B,0,MQ46,"OLYMOPIC BL","ALVARADO ST",204.00,W,N,A,-,N,,,,,,,,,,N,3,0,1,2,A,-,03,22350,,N,B,G,A,A,H,-,C,D,0,,Y,,,Y,,L,04,0,1,0,0,0,0,1,0,0,"- ","- ",,,"LOS ANGELES","LOS ANGELES",-118.28042602539062,34.051998138427734
9558173,2023,2023-03-17,1942,2023-02-18,1630,36182,0201,6,5,7,1942,0,0,0,B,0,24MQ77,"VERMONT AV","LOCKWOOD AV",15.00,N,N,A,D,N,,,,,,,,,,N,2,0,1,2,A,-,05,21650,1,N,D,G,A,A,-,-,A,D,0,,Y,,,Y,,L,04,1,0,0,0,0,0,1,0,0,"- ","- ",,,"LOS ANGELES","LOS ANGELES",-118.29174041748047,34.088760375976562
9558560,2023,2023-03-25,1942,2023-02-10,1410,38111,0328,5,5,7,1942,0,0,0,C,0,25T21,"FIGUEROA AV","28TH ST",188.00,N,N,A,-,N,,,,,,,,,,N,2,0,1,2,A,-,08,22107,,N,C,G,A,A,H,-,A,D,0,,Y,,,Y,,A,01,1,0,0,0,0,0,1,0,0,"- ","- ",,,"LOS ANGELES","LOS ANGELES",-118.27706146240234,34.026542663574219
9558763,2023,2023-03-21,1942,2023-01-07,0215,43039,1269,6,5,7,1942,0,0,0,L,0,12A67,"82ND ST","WADSWORTH AV",200.00,E,N,A,-,N,,,,,,,,,,N,3,0,1,2,A,-,03,22350,A,F,G,G,A,A,H,-,D,D,0,,Y,,,Y,,-,99,0,1,0,0,0,0,1,0,0,"- ","- ",,,"LOS ANGELES","LOS ANGELES",-118.25796508789062,33.964694976806641
9558955,2023,2023-03-23,1942,2023-02-10,2030,39192,1004,5,5,7,1942,0,0,0,J,0,26TL23,"SHERMAN WY","LINDLEY AV",15.00,E,N,A,-,N,,,,,,,,,,N,2,0,1,2,A,-,10,21950,,F,A,G,A,A,H,-,C,A,0,,Y,,,Y,,-,99,1,0,0,0,0,0,1,0,0,"- ","- ",,,"LOS ANGELES","LOS ANGELES",-118.52725219726562,34.201080322265625
9559088,2023,2023-03-15,1900,2023-01-25,1137,639795,0541,3,5,3,1921,0,0,0,,0,1137,"CENTRAL AV","HIGHLAND AV",15.00,W,N,A,-,N,,,,,,,,,,N,3,0,1,2,A,-,12,21453,A,N,D,G,A,A,H,-,A,A,0,,Y,,,Y,,L,04,0,1,0,0,0,0,1,0,0,"- ","- ",34.136020660400391,-117.966796875,"LOS ANGELES",DUARTE,-117.96666717529297,34.136051177978516
9559440,2023,2023-05-04,1931,2023-03-08,1430,5349,1931,3,5,5,1931,0,0,0,,0,001,"SEVILLE AV","GAGE AV",237.00,S,N,A,-,N,,,,,,,,,,N,4,0,1,2,A,-,10,21950,A,F,G,G,A,A,H,-,A,D,0,,Y,,,Y,,A,07,0,0,1,0,0,0,1,0,0,"- ","- ",,,"LOS ANGELES","HUNTINGTON PARK",-118.22260284423828,33.980991363525391
9560050,2023,2023-04-03,1942,2023-02-17,1625,37618,0398,5,5,7,1942,0,0,0,C,0,25MX84,"FIGUEROA ST","43RD ST",0.00,,Y,A,-,N,,,,,,,,,,N,2,0,1,2,A,-,09,21804,A,N,G,J,A,A,H,-,A,A,0,,Y,,,Y,,L,04,1,0,0,0,0,0,1,0,0,"- ","- ",,,"LOS ANGELES","LOS ANGELES",-118.28273773193359,34.005401611328125
9560237,2023,2023-03-21,1900,2023-02-22,0735,524146,2911,3,5,5,1990,0,0,0,,0,291K2,"GRAND AV","SHADOW MOUNTAIN RD",16.00,E,N,A,-,N,,,,,,,,,,N,3,0,1,2,A,-,08,22100,B,N,D,G,A,A,H,-,A,A,0,,Y,,,Y,,A,01,0,1,0,0,0,0,1,0,0,"- ","- ",34.050319671630859,-117.85591125488281,"LOS ANGELES","DIAMOND BAR",-117.85614013671875,34.050224304199219
9560317,2023,2023-03-22,1942,2023-02-20,1855,42286,0853,1,5,7,1942,0,0,0,H,0,27TL35,"OHIO AV","SAWTELLE BL",145.00,W,N,A,-,N,,,,,,,,,,N,3,0,1,2,A,-,03,22350,,F,H,G,A,A,H,-,C,D,0,,Y,,,Y,,-,99,0,1,0,0,0,0,1,0,0,"- ","- ",,,"LOS ANGELES","LOS ANGELES",-118.45046234130859,34.048149108886719
9560657,2023,2023-03-28,1900,2023-02-02,1800,626568,2310,4,5,5,1919,0,0,0,,0,230T,"STUDEBAKER RD","SPINNAKER ST",257.00,S,N,B,-,N,,,,,,,,,,N,4,0,1,2,A,-,03,22350,,M,C,G,A,A,H,-,D,A,0,,Y,,,Y,,A,01,0,0,1,0,0,0,1,0,0,"- ","- ",33.877559661865234,-118.09967803955078,"LOS ANGELES",CERRITOS,-118.09971618652344,33.877635955810547
9560662,2023,2023-03-28,1900,2023-02-08,0911,546537,2318,3,5,5,1919,0,0,0,,0,230T,"ARTESIA BL","STOWERS AV",3.00,E,N,A,-,N,,,,,,,,,,N,3,0,1,2,A,-,05,21650,1,N,D,G,A,A,H,-,A,A,0,,Y,,,Y,,L,04,0,1,0,0,0,0,1,0,0,"- ","- ",33.873378753662109,-118.04221343994141,"LOS ANGELES",CERRITOS,-118.04215240478516,33.873210906982422
9560893,2023,2023-04-17,1942,2023-02-23,0800,38037,0529,4,5,7,1942,0,0,0,E,0,25T41,"QUAY AV","G ST",2.00,N,N,C,-,N,,,,,,,,,,Y,2,0,1,2,D,-,00,,,N,D,G,A,B,H,-,D,D,0,,Y,,,Y,,-,"- ",1,0,0,0,0,0,1,0,0,"- ","- ",,,"LOS ANGELES","LOS ANGELES",-118.25845336914062,33.778736114501953
9560991,2023,2023-04-21,1900,2023-02-10,1145,652853,0644,5,5,6,1985,0,0,0,,0,64T1,"MAGIC MOUTAIN PKWY","VALENCIA BL",0.00,,Y,A,-,N,,,,,,,,,,N,3,0,1,2,A,-,05,21650,,N,D,G,A,A,H,-,A,A,0,,Y,,,Y,,L,04,0,1,0,0,0,0,1,0,0,"- ","- ",34.416049957275391,-118.54949188232422,"LOS ANGELES","SANTA CLARITA",-118.54984283447266,34.415962219238281
9561193,2023,2023-03-30,1942,2023-01-31,1100,36527,1331,2,5,7,1942,0,0,0,M,0,24MQ42,"31ST ST","MAIN ST",108.00,W,N,A,-,N,,,,,,,,,,Y,3,0,1,2,A,-,03,22350,,F,A,G,A,A,H,-,A,D,0,,Y,,,Y,,A,01,0,1,0,0,0,0,1,0,0,"- ","- ",,,"LOS ANGELES","LOS ANGELES",-118.2711181640625,34.021030426025391