CASE_ID,ACCIDENT_YEAR,PROC_DATE,JURIS,COLLISION_DATE,COLLISION_TIME,OFFICER_ID,REPORTING_DISTRICT,DAY_OF_WEEK,CHP_SHIFT,POPULATION,CNTY_CITY_LOC,SPECIAL_COND,BEAT_TYPE,CHP_BEAT_TYPE,CITY_DIVISION_LAPD,CHP_BEAT_CLASS,BEAT_NUMBER,PRIMARY_RD,SECONDARY_RD,DISTANCE,DIRECTION,INTERSECTION,WEATHER_1,WEATHER_2,STATE_HWY_IND,CALTRANS_COUNTY,CALTRANS_DISTRICT,STATE_ROUTE,ROUTE_SUFFIX,POSTMILE_PREFIX,POSTMILE,LOCATION_TYPE,RAMP_INTERSECTION,SIDE_OF_HWY,TOW_AWAY,COLLISION_SEVERITY,NUMBER_KILLED,NUMBER_INJURED,PARTY_COUNT,PRIMARY_COLL_FACTOR,PCF_CODE_OF_VIOL,PCF_VIOL_CATEGORY,PCF_VIOLATION,PCF_VIOL_SUBSECTION,HIT_AND_RUN,TYPE_OF_COLLISION,MVIW,PED_ACTION,ROAD_SURFACE,ROAD_COND_1,ROAD_COND_2,LIGHTING,CONTROL_DEVICE,CHP_ROAD_TYPE,PEDESTRIAN_ACCIDENT,BICYCLE_ACCIDENT,MOTORCYCLE_ACCIDENT,TRUCK_ACCIDENT,NOT_PRIVATE_PROPERTY,ALCOHOL_INVOLVED,STWD_VEHTYPE_AT_FAULT,CHP_VEHTYPE_AT_FAULT,COUNT_SEVERE_INJ,COUNT_VISIBLE_INJ,COUNT_COMPLAINT_PAIN,COUNT_PED_KILLED,COUNT_PED_INJURED,COUNT_BICYCLIST_KILLED,COUNT_BICYCLIST_INJURED,COUNT_MC_KILLED,COUNT_MC_INJURED,PRIMARY_RAMP,SECONDARY_RAMP,LATITUDE,LONGITUDE,COUNTY,CITY,POINT_X,POINT_Y
9598611,2023,2023-07-19,1900,2023-04-22,0255,644925,2113,6,5,5,1943,0,0,0,,0,212H1,"ALEXANDER AV","ABBOTT RD",13.00,S,N,A,-,N,,,,,,,,,,N,2,0,1,2,A,-,12,22450,,F,D,G,A,A,H,-,C,A,0,,Y,,,Y,,A,01,1,0,0,0,0,0,1,0,0,"- ","- ",,,"LOS ANGELES",LYNWOOD,-118.19557189941406,33.935092926025391
9598672,2023,2023-07-28,1972,2023-06-26,1655,21239,,1,5,6,1972,0,0,0,,0,,"OCEAN AV","235TH ST",300.00,S,N,A,-,N,,,,,,,,,,N,3,0,1,2,A,-,06,21750,A,N,D,G,A,A,H,-,A,A,0,,Y,,,Y,,L,,0,1,0,0,0,0,1,0,0,"- ","- ",,,"LOS ANGELES",TORRANCE,-118.35446929931641,33.811958312988281
9598891,2023,2024-01-30,1900,2023-12-13,0850,443069,0977,3,5,4,1979,0,0,0,,0,92T2,"SANTA MONICA BL","ALMONT DR",104.00,E,N,A,-,N,,,,,,,,,,N,4,0,1,2,A,-,08,21717,,N,B,G,A,A,H,-,A,D,0,,Y,,,Y,,A,01,0,0,1,0,0,0,1,0,0,"- ","- ",34.082759857177734,-118.38751983642578,"LOS ANGELES","WEST HOLLYWOOD",-118.38758850097656,34.082412719726562
9598893,2023,2024-01-30,1942,2023-12-09,0405,44986,1837,6,5,7,1942,0,0,0,R,0,1822,"104TH ST",GRAND,10.00,W,N,A,-,N,,,,,,,,,,N,2,0,1,2,A,-,09,21801,A,F,-,G,A,A,H,-,C,A,0,,Y,,,Y,,-,99,1,0,0,0,0,0,1,0,0,"- ","- ",,,"LOS ANGELES","LOS ANGELES",-118.28059387207031,33.941921234130859
9599234,2023,2024-01-30,1942,2023-12-13,0220,44581,2002,3,5,7,1942,0,0,0,,0,27T35W,"ELMWOOD AV","SAINT ANDREWS PL",198.00,E,N,A,-,N,,,,,,,,,,N,2,0,1,2,A,-,05,21650,,F,A,G,A,A,H,-,C,A,0,,Y,,,Y,,A,01,1,0,0,0,0,0,1,0,0,"- ","- ",,,"LOS ANGELES","LOS ANGELES",-118.31069946289062,34.078285217285156
9599365,2023,2023-07-26,1942,2023-06-19,1500,45071,0758,1,5,7,1942,0,0,0,G,0,7A17,"PICO BL","MULLEN AV",0.00,,Y,A,-,N,,,,,,,,,,N,4,0,1,2,A,-,09,21804,A,N,H,G,A,A,H,-,A,A,0,,Y,,,Y,,A,07,0,0,1,0,0,0,1,0,0,"- ","- ",,,"LOS ANGELES","LOS ANGELES",-118.33572387695312,34.048736572265625
9599367,2023,2023-07-26,1941,2023-06-30,1700,11545,EAST,5,5,7,1941,0,0,0,,0,010,"E BROADWAY","E ANAHEIM ST",0.00,,Y,A,-,N,,,,,,,,,,N,3,0,1,2,D,-,00,,,N,D,G,A,A,H,-,A,D,0,,Y,,,Y,,-,"- ",0,1,0,0,0,0,1,0,0,"- ","- ",33.764450073242188,-118.13504791259766,"LOS ANGELES","LONG BEACH",-118.18448638916016,33.782608032226562
9599387,2023,2023-07-26,1942,2023-06-11,2345,40440,0526,7,5,7,1942,0,0,0,E,0,25TL35,"G ST","FRIES AV",100.00,E,N,B,-,N,,,,,,,,,,N,3,0,2,3,A,-,05,21650,,F,A,G,A,A,H,-,C,D,0,,Y,,,Y,,-,99,0,2,0,0,0,0,2,0,0,"- ","- ",,,"LOS ANGELES","LOS ANGELES",-118.26464080810547,33.778404235839844
9599690,2023,2023-07-26,1918,2023-04-14,1726,1192,,5,5,4,1918,0,0,0,,0,4M9,"ELENDA ST","ARIZONA AV",44.00,N,N,A,-,N,,,,,,,,,,N,4,0,2,2,A,-,09,21804,A,N,D,G,A,A,H,-,A,D,0,,Y,,,Y,,A,01,0,0,2,0,0,0,2,0,0,"- ","- ",34.012180328369141,-118.40799713134766,"LOS ANGELES","CULVER CITY",-118.40811157226562,34.012248992919922
9599734,2023,2023-07-26,1942,2023-02-13,0805,40157,0732,1,5,7,1942,0,0,0,G,0,27TL23,"WILSHIRE BL","CRESCENT HEIGHTS BL",208.00,E,N,A,-,N,,,,,,,,,,N,2,0,1,2,A,-,05,21650,1,N,A,G,A,A,H,-,A,A,0,,Y,,,Y,,L,04,1,0,0,0,0,0,1,0,0,"- ","- ",,,"LOS ANGELES","LOS ANGELES",-118.36468505859375,34.063339233398438
9600551,2023,2023-08-08,1900,2023-06-06,0800,658622,2842,2,5,5,1915,0,0,0,,0,282T1,"SANTA FE AV","AUTO DR SOUTH",374.00,N,N,A,-,N,,,,,,,,,,N,2,0,1,2,-,-,"- ",,,N,B,G,A,A,H,-,A,D,0,,Y,,,Y,,-,"- ",1,0,0,0,0,0,1,0,0,"- ","- ",33.878639221191406,-118.21526336669922,"LOS ANGELES",COMPTON,-118.21524047851562,33.878536224365234
9600797,2023,2023-08-08,1900,2023-07-07,1924,623660,1618,5,5,5,1977,0,0,0,,0,1924,"CARSON ST","ORRICK AV",213.00,W,N,A,-,N,,,,,,,,,,N,2,0,1,2,A,-,09,21804,A,N,B,G,A,A,H,-,A,D,0,,Y,,,Y,,L,04,1,0,0,0,0,0,1,0,0,"- ","- ",33.831550598144531,-118.27490234375,"LOS ANGELES",CARSON,-118.27519989013672,33.831569671630859
9601051,2023,2023-08-28,1900,2023-07-13,0800,526021,0542,4,5,3,1921,0,0,0,,0,58T1PM,"HUNTINGTON DR","SANTO DOMINGO AV",0.00,,Y,A,-,N,,,,,,,,,,N,3,0,1,2,A,-,09,21801,A,N,D,G,A,A,H,-,A,A,0,,Y,,,Y,,A,01,0,1,0,0,0,0,1,0,0,"- ","- ",34.13983154296875,-117.95442962646484,"LOS ANGELES",DUARTE,-117.96443176269531,34.1397705078125
9601136,2023,2023-08-17,1931,2023-07-29,1000,5264,1934,6,5,5,1931,0,0,0,,0,002,"MILES AV","GAGE AV",20.00,N,N,A,-,N,,,,,,,,,,N,2,0,1,2,A,-,05,21651,A,N,D,G,A,A,H,-,A,A,0,,Y,,,Y,,L,04,1,0,0,0,0,0,1,0,0,"- ","- ",,,"LOS ANGELES","HUNTINGTON PARK",-118.21915435791016,33.981674194335938
9601559,2023,2023-09-05,1920,2023-07-24,1532,14050,1920,1,5,6,1920,0,0,0,,0,004,"GALLATIN RD","ARRINGTON AV",0.00,,Y,A,-,N,,,,,,,,,,N,3,0,1,2,A,-,12,22450,A,N,D,G,A,A,H,-,A,A,0,,Y,,,Y,,L,04,0,1,0,0,0,0,1,0,0,"- ","- ",,,"LOS ANGELES",DOWNEY,-118.11209869384766,33.953365325927734
9602258,2023,2023-08-11,1942,2023-06-29,1347,42656,2027,4,5,7,1942,0,0,0,,0,27TL25,"6TH ST","ALEXANDRIA AV",70.00,E,N,A,-,N,,,,,,,,,,N,4,0,1,2,B,-,22,,,N,G,B,F,A,H,-,A,D,0,Y,Y,,,Y,,L,04,0,0,1,0,1,0,0,0,0,"- ","- ",,,"LOS ANGELES","LOS ANGELES",-118.29769897460938,34.063602447509766
9602332,2023,2023-08-10,1942,2023-07-18,1110,37393,0648,2,5,7,1942,0,0,0,F,0,27TL25,"SUNSET BL","SAINT ANDREWS PL",4.00,W,N,A,-,N,,,,,,,,,,N,4,0,1,2,A,-,05,21650,1,N,D,G,A,A,H,-,A,A,0,,Y,,,Y,,L,04,0,0,1,0,0,0,1,0,0,"- ","- ",,,"LOS ANGELES","LOS ANGELES",-118.31148529052734,34.098098754882812
9602858,2023,2023-07-26,1942,2023-06-08,0940,42818,1041,4,5,7,1942,0,0,0,J,0,26TL15,"TOPHAM ST","CORBIN AV",0.00,,Y,A,-,N,,,,,,,,,,N,1,1,0,2,A,-,09,21804,A,N,H,-,A,A,H,-,A,A,0,,Y,,,Y,,L,04,0,0,0,0,0,1,0,0,0,"- ","- ",,,"LOS ANGELES","LOS ANGELES",-118.56221771240234,34.183998107910156
9602868,2023,2023-07-26,1900,2023-06-23,2235,650314,1432,5,5,4,1937,0,0,0,,0,143K3E,"FAIRGROVE AV","DEL VALLE AV",0.00,,Y,A,-,N,,,,,,,,,,N,3,0,1,2,A,-,09,21802,A,F,D,G,A,A,H,-,C,A,0,,Y,,,Y,,A,01,0,1,0,0,0,0,1,0,0,"- ","- ",34.041679382324219,-117.94284820556641,"LOS ANGELES","LA PUENTE",-117.94285583496094,34.041671752929688
9603184,2023,2023-08-02,1942,2023-04-18,1705,41536,0396,2,5,7,1942,0,0,0,C,0,25MG58,"HOOVER ST","VERNON AV",100.00,N,N,A,-,N,,,,,,,,,,N,4,0,1,3,A,-,09,21801,A,F,D,-,A,-,H,-,A,D,0,,Y,,,Y,,-,99,0,0,1,0,0,0,1,0,0,"- ","- ",,,"LOS ANGELES","LOS ANGELES",-118.28717041015625,34.003993988037109
9603188,2023,2023-08-02,1956,2023-04-15,1230,1398,,6,5,5,1956,0,0,0,,0,,"MARINE AV","INGLEWOOD AV",328.00,W,N,A,-,N,,,,,,,,,,N,3,0,1,2,A,-,05,21650,,N,A,G,A,A,H,-,A,D,0,,Y,,,Y,,L,04,0,1,0,0,0,0,1,0,0,"- ","- ",33.894641876220703,-118.36134338378906,"LOS ANGELES","REDONDO BEACH",-118.36238861083984,33.894641876220703
9603332,2023,2023-08-11,1942,2023-07-23,1815,42296,2144,7,5,7,1942,0,0,0,,0,26TL55,"FALLBROOK AV","VANOWEN ST",0.00,,Y,A,-,N,,,,,,,,,,N,3,0,1,2,A,-,08,22107,,F,B,G,A,A,H,-,A,A,0,,Y,,,Y,,-,99,0,1,0,0,0,0,1,0,0,"- ","- ",,,"LOS ANGELES","LOS ANGELES",-118.6234130859375,34.193717956542969
9603387,2023,2023-08-10,1970,2023-06-02,2024,220,SPB3,5,5,4,1970,0,0,0,,0,003,"KOLLE AV","MONTEREY RD",0.00,,Y,A,-,N,,,,,,,,,,N,3,0,1,2,A,-,12,22450,A,N,D,G,A,A,H,-,C,D,0,,Y,,,Y,,A,01,0,1,0,0,0,0,1,0,0,"- ","- ",,,"LOS ANGELES","SOUTH PASADENA",-118.17518615722656,34.110000610351562
9603901,2023,2023-08-18,1900,2023-07-18,2100,655542,1335,2,5,5,1908,0,0,0,,0,133,CLARK,"ARTESIA BL",0.00,,Y,A,-,N,,,,,,,,,,N,3,0,1,2,A,-,03,22350,,F,C,G,A,A,H,-,C,A,0,,Y,,,Y,,-,,0,1,0,0,0,0,1,0,0,"- ","- ",,,"LOS ANGELES",BELLFLOWER,-118.13388061523438,33.874729156494141
9604184,2023,2023-11-13,1941,2023-09-10,1252,11533,EAST,7,5,7,1941,0,0,0,,0,009,"APPLETON ST","LOWENA DR",0.00,,Y,A,-,N,,,,,,,,,,N,4,0,1,2,D,-,00,,,N,A,B,A,A,H,-,A,D,0,,Y,,,Y,,-,"- ",0,0,1,0,0,0,1,0,0,"- ","- ",33.767528533935547,-118.16562652587891,"LOS ANGELES","LONG BEACH",-118.16563415527344,33.767440795898438
9604241,2023,2023-11-14,1900,2023-10-07,1830,538328,1016,6,5,3,1995,0,0,0,,0,101T1,"RT 1","RAMBLA VISTA",1320.00,W,N,A,-,Y,LA,7,1,-,-,45.090,H,-,S,Y,4,0,1,3,A,-,08,22107,,N,B,C,A,A,H,-,A,D,0,,Y,Y,,Y,,C,02,0,0,1,0,0,0,1,0,0,"- ","- ",34.037239074707031,-118.63970184326172,"LOS ANGELES",MALIBU,-118.65225219726562,34.038387298583984
9604244,2023,2023-11-20,1900,2023-10-11,1247,443104,0811,3,5,4,1960,0,0,0,,0,81K1,"ARROW HWY","LONEHILL AV",348.00,W,N,A,-,N,,,,,,,,,,N,3,0,1,2,A,-,09,21804,A,N,H,G,A,A,H,-,A,A,0,,Y,,,Y,,L,04,0,1,0,0,0,0,1,0,0,"- ","- ",34.106758117675781,-117.83022308349609,"LOS ANGELES","SAN DIMAS",-117.83015441894531,34.106613159179688
9604289,2023,2023-11-08,1910,2023-10-18,0911,03209,,3,5,4,1910,0,0,0,,0,006,"NORTH SANTA MONICA BL","N FOOTHILL RD",0.00,,Y,A,-,N,,,,,,,,,,N,3,0,1,2,A,-,08,22107,,N,D,G,A,A,H,-,A,A,0,,Y,,,Y,,A,07,0,1,0,0,0,0,1,0,0,"- ","- ",34.075229644775391,-118.39865112304688,"LOS ANGELES","BEVERLY HILLS",-118.39859771728516,34.075141906738281
9604637,2023,2023-11-13,1976,2023-09-26,2108,547,,2,5,5,1976,0,0,0,,0,003,"WHITTIER BL","FRIENDS AV",85.00,N,N,A,-,Y,LA,7,72,-,-,3.718,I,5,N,N,3,0,1,2,A,-,05,21650,1,N,H,G,A,A,H,-,C,D,0,,Y,,,Y,,M,91,0,1,0,0,0,0,1,0,0,"- ","- ",,,"LOS ANGELES",WHITTIER,-118.03363037109375,33.963726043701172
9605153,2023,2024-02-22,1942,2023-12-03,1415,42492,1256,7,5,7,1942,0,0,0,L,0,3A63,"S FIGUEROA ST","73RD ST",0.00,,Y,A,-,N,,,,,,,,,,N,3,0,1,2,A,-,09,21804,A,N,H,G,A,A,H,-,A,D,0,,Y,,,Y,,L,04,0,1,0,0,0,0,1,0,0,"- ","- ",,,"LOS ANGELES","LOS ANGELES",-118.28269958496094,33.973678588867188
9605204,2023,2024-01-12,1900,2023-11-09,1510,644925,2112,4,5,5,1943,0,0,0,,0,212T3,"LONG BEACH BL","MULFORD AV",445.00,S,N,A,-,N,,,,,,,,,,N,3,0,1,2,A,-,05,21650,,N,D,G,A,-,H,-,A,A,0,,Y,,,Y,,L,04,0,1,0,0,0,0,1,0,0,"- ","- ",,,"LOS ANGELES",LYNWOOD,-118.21015930175781,33.926158905029297
9605957,2023,2023-09-07,1900,2023-07-30,0758,606632,2923,7,5,5,1990,0,0,0,,0,292T1,"ARMITOS PL","HIGHCREST DR",0.00,,Y,A,-,N,,,,,,,,,,N,3,0,1,2,A,-,21,22106,,N,D,G,A,A,H,-,A,D,0,,Y,,,Y,,A,01,0,1,0,0,0,0,1,0,0,"- ","- ",34.016269683837891,-117.79686737060547,"LOS ANGELES","DIAMOND BAR",-117.79691314697266,34.016254425048828
9606588,2023,2023-09-11,1941,2023-07-11,0702,11119,NORTH,2,5,7,1941,0,0,0,,0,021,"LONG BEACH BL","E MARKET ST",0.00,,Y,A,-,N,,,,,,,,,,N,4,0,1,2,A,-,08,22107,,N,D,G,A,A,H,-,B,A,0,,Y,,,Y,,D,22,0,0,1,0,0,0,1,0,0,"- ","- ",33.854278564453125,-118.19660949707031,"LOS ANGELES","LONG BEACH",-118.19660949707031,33.854293823242188
9606768,2023,2023-08-31,1942,2023-07-27,1300,38111,1203,4,5,7,1942,0,0,0,L,0,25TL25,"VERNON AV","WESTERN AV",0.00,,Y,A,-,N,,,,,,,,,,N,3,0,1,2,A,-,12,21453,A,N,D,G,A,A,H,-,-,A,0,,Y,,,Y,,-,99,0,1,0,0,0,0,1,0,0,"- ","- ",,,"LOS ANGELES","LOS ANGELES",-118.30892944335938,34.003719329833984
9607488,2023,2023-12-20,1953,2023-11-03,1847,4564,1953,5,5,6,1953,0,0,0,,0,002,"FAIR OAKS AV","ORANGE GROVE BL",135.00,N,N,A,-,N,,,,,,,,,,N,4,0,1,2,A,-,09,21804,A,F,D,G,A,A,H,-,B,D,0,,Y,,,Y,,-,99,0,0,1,0,0,0,1,0,0,"- ","- ",,,"LOS ANGELES",PASADENA,-118.15058135986328,34.158161163330078
9607662,2023,2023-09-19,1953,2023-08-26,0652,5620,PASAD,6,5,6,1953,0,0,0,,0,,"LINDA VISTA AV","SECO ST",0.00,,Y,A,-,N,,,,,,,,,,N,3,0,1,2,A,-,12,22450,A,N,A,G,A,A,H,-,A,D,0,,Y,,,Y,,A,01,0,1,0,0,0,0,1,0,0,"- ","- ",,,"LOS ANGELES",PASADENA,-118.16811370849609,34.153003692626953
9607668,2023,2023-09-19,1953,2023-08-26,2348,7040,1953,6,5,6,1953,0,0,0,,0,002,"LOS ROBLES AV","MOUNTAIN ST",148.00,N,N,A,-,N,,,,,,,,,,N,3,0,1,2,A,-,03,22350,,N,B,G,A,A,H,-,C,D,0,,Y,,,Y,,A,01,0,1,0,0,0,0,1,0,0,"- ","- ",,,"LOS ANGELES",PASADENA,-118.14157104492188,34.16192626953125
9607858,2023,2023-09-21,1909,2023-05-03,1302,588,1909,3,5,4,1909,0,0,0,,0,SOTH,"JABONERIA RD","FLORENCE AV",110.00,S,N,A,-,N,,,,,,,,,,N,3,0,1,2,A,-,12,22450,A,N,D,G,A,A,H,-,A,A,0,,Y,,,Y,,A,01,0,1,0,0,0,0,1,0,0,"- ","- ",33.966781616210938,-118.15792846679688,"LOS ANGELES","BELL GARDENS",-118.15801239013672,33.966846466064453
9607962,2023,2023-09-27,1942,2023-08-25,0815,42656,2071,5,5,7,1942,0,0,0,,0,27TL25,"WILTON PL","VENICE BL",3.00,S,N,A,-,N,,,,,,,,,,N,2,0,1,2,A,-,05,21650,1,N,D,G,A,A,H,-,A,A,0,,Y,,,Y,,L,04,1,0,0,0,0,0,1,0,0,"- ","- ",,,"LOS ANGELES","LOS ANGELES",-118.31446075439453,34.043552398681641
9608230,2023,2023-08-17,1942,2023-06-30,1800,42539,1846,5,5,7,1942,0,0,0,R,0,25MX87,"114TH ST","SUCCESS AV",0.00,,Y,A,-,N,,,,,,,,,,N,2,0,1,2,A,-,09,21801,A,N,D,G,A,A,H,-,A,A,0,,Y,,,Y,,A,01,1,0,0,0,0,0,1,0,0,"- ","- ",,,"LOS ANGELES","LOS ANGELES",-118.24929046630859,33.931133270263672
9608467,2023,2023-08-18,1942,2023-07-17,1635,42618,0755,1,5,7,1942,0,0,0,G,0,27TL44,"PICO BL","CARMONA AV",19.00,W,N,A,-,N,,,,,,,,,,N,2,0,1,2,A,-,05,21650,1,N,D,G,A,A,H,-,A,A,0,,Y,,,Y,,L,04,1,0,0,0,0,0,1,0,0,"- ","- ",,,"LOS ANGELES","LOS ANGELES",-118.35798645019531,34.049091339111328
9608836,2023,2023-08-25,1953,2023-08-08,2159,4564,PASAD,2,5,6,1953,0,0,0,,0,002,"NORTH LAKE AV","BELVIDERE ST",0.00,,Y,A,-,N,,,,,,,,,,N,4,0,1,2,A,-,08,22107,,F,B,G,A,A,H,-,C,A,0,,Y,,,Y,,A,01,0,0,1,0,0,0,1,0,0,"- ","- ",,,"LOS ANGELES",PASADENA,-118.13245391845703,34.164188385009766
9608840,2023,2023-08-25,1953,2023-08-07,0740,7508,1953,1,5,6,1953,0,0,0,,0,002,"WASHINGTON BL","SUMMIT AV",0.00,,Y,A,-,N,,,,,,,,,,N,3,0,1,2,A,-,12,22450,A,F,C,G,A,A,H,-,A,A,0,,Y,,,Y,,A,01,0,1,0,0,0,0,1,0,0,"- ","- ",,,"LOS ANGELES",PASADENA,-118.14768981933594,34.168849945068359
9609163,2023,2023-08-30,1942,2023-07-24,0635,37393,0853,1,5,7,1942,0,0,0,H,0,27TL25,"SANTA MONICA BL","SAWTELLE BL",198.00,E,N,A,-,N,,,,,,,,,,N,3,0,1,2,A,-,07,21658,A,N,H,G,A,A,H,-,A,A,0,,Y,,,Y,,L,04,0,1,0,0,0,0,1,0,0,"- ","- ",,,"LOS ANGELES","LOS ANGELES",-118.44780731201172,34.046649932861328
9609164,2023,2023-08-30,1942,2023-07-21,1300,41449,0765,5,5,7,1942,0,0,0,G,0,27TL23,"RIMPAU BL","PICO BL",20.00,N,N,A,-,N,,,,,,,,,,N,4,0,1,2,A,-,17,22109,,F,H,G,A,A,H,-,A,A,0,,Y,,,Y,,-,99,0,0,1,0,0,0,1,0,0,"- ","- ",,,"LOS ANGELES","LOS ANGELES",-118.33688354492188,34.048805236816406
9609233,2023,2023-09-07,1900,2023-08-03,1810,472724,0645,4,5,6,1985,0,0,0,,0,64T1,"ANZA DR","AVENUE HOPKINS",479.00,S,N,A,-,N,,,,,,,,,,N,3,0,1,2,C,-,18,,,N,C,E,A,A,H,-,A,D,0,,Y,,,Y,,-,"- ",0,1,0,0,0,0,1,0,0,"- ","- ",34.429950714111328,-118.57549285888672,"LOS ANGELES","SANTA CLARITA",-118.57463836669922,34.430992126464844
9609509,2023,2023-09-08,1942,2023-08-06,2355,36790,1141,7,5,7,1942,0,0,0,K,0,11A89,"HOLLYWOOD BL","NORMANDIE AV",0.00,,Y,A,-,N,,,,,,,,,,N,4,0,1,2,A,-,12,21453,A,N,H,G,A,A,H,-,-,D,0,,Y,,,Y,,L,04,0,0,1,0,0,0,1,0,0,"- ","- ",,,"LOS ANGELES","LOS ANGELES",-118.30055999755859,34.10174560546875
9609747,2023,2023-08-24,1953,2023-07-22,0819,7601,1953,6,5,6,1953,0,0,0,,0,001,"COLORADO BL","CLUB RD",100.00,W,N,A,-,N,,,,,,,,,,N,4,0,1,2,A,-,03,22350,,N,B,G,A,A,H,-,A,A,0,,Y,,,Y,,D,22,0,0,1,0,0,0,1,0,0,"- ","- ",,,"LOS ANGELES",PASADENA,-118.17469024658203,34.141544342041016
9609972,2023,2023-08-18,1900,2023-07-14,0810,434609,0814,5,5,4,1960,0,0,0,,0,81T1,"COVINA BL","TERRACE DR",0.00,,Y,A,-,N,,,,,,,,,,N,2,0,1,2,A,-,09,21801,A,N,D,G,A,A,H,-,A,A,0,,Y,,,Y,,A,07,1,0,0,0,0,0,1,0,0,"- ","- ",34.099521636962891,-117.81804656982422,"LOS ANGELES","SAN DIMAS",-117.81806182861328,34.099460601806641
9610143,2023,2023-09-21,1900,2023-07-03,1640,640404,1368,1,5,5,1952,0,0,0,,0,136F1,"DOWNEY AV","ADAMS AV",0.00,,Y,A,-,N,,,,,,,,,,N,3,0,1,2,D,-,00,,,N,D,G,A,A,H,-,A,A,0,,Y,,,Y,,-,"- ",0,1,0,0,0,0,1,0,0,"- ","- ",,,"LOS ANGELES",PARAMOUNT,-118.15149688720703,33.894863128662109
9610927,2023,2023-09-13,1900,2023-08-25,1239,656370,1135,5,5,6,1992,0,0,0,,0,112T2,"AVE J","15TH ST EAST",0.00,,Y,A,-,N,,,,,,,,,,N,3,0,1,2,A,-,05,21650,,N,D,G,A,A,H,-,A,A,0,,Y,,,Y,,L,04,0,1,0,0,0,0,1,0,0,"- ","- ",34.689689636230469,-118.10362243652344,"LOS ANGELES",LANCASTER,-118.10369110107422,34.689563751220703
9611115,2023,2023-09-18,1944,2023-08-06,1901,387,M15,7,5,4,1944,0,0,0,,0,004,"MEADOWS AV","18TH ST",0.00,,Y,A,-,N,,,,,,,,,,N,3,0,1,1,A,-,03,22350,,N,H,A,A,A,H,-,A,D,0,,Y,,,Y,,L,04,0,1,0,0,0,0,1,0,0,"- ","- ",33.8909912109375,-118.39170837402344,"LOS ANGELES","MANHATTAN BEACH",-118.39175415039062,33.890995025634766
9611467,2023,2023-10-17,1906,2023-08-31,0842,4461,,4,5,5,1906,0,0,0,,0,003,"PUENTE AV","MERCED AV",133.00,N,N,A,-,N,,,,,,,,,,N,4,0,1,2,A,-,"- ",,,N,D,G,A,A,H,-,A,D,0,,Y,,,Y,,A,07,0,0,1,0,0,0,1,0,0,"- ","- ",,,"LOS ANGELES","BALDWIN PARK",-117.96004486083984,34.072055816650391
9611469,2023,2023-10-09,1900,2023-08-22,1745,611033,0263,2,5,4,1917,0,0,0,,0,26T,"ATLANTIC AV","SANTA ANA ST",72.00,S,N,A,-,N,,,,,,,,,,N,4,0,1,2,A,-,09,21804,,N,D,G,A,A,H,-,A,D,0,,Y,,,Y,,A,01,0,0,1,0,0,0,1,0,0,"- ","- ",33.460700988769531,-118.18562316894531,"LOS ANGELES",CUDAHY,-118.18576049804688,33.960670471191406
9611517,2023,2023-10-02,1900,2023-06-25,1600,600172,0250,7,5,4,1945,0,0,0,,0,28H,"SLAUSON AV","LOMA VISTA AV",0.00,,-,A,-,N,,,,,,,,,,N,4,0,1,2,A,-,09,21800,,N,B,G,A,A,-,-,A,D,0,,Y,,,Y,,L,04,0,0,1,0,0,0,1,0,0,"- ","- ",,,"LOS ANGELES",MAYWOOD,-118.19876098632812,33.988483428955078
9611550,2023,2023-09-13,1942,2023-07-27,0130,45294,0948,4,5,7,1942,0,0,0,I,0,9A19W3,"WOODMAN AV","OXNARD ST",10.00,N,N,A,-,N,,,,,,,,,,N,2,0,1,2,A,-,12,21453,A,N,D,-,A,A,H,-,C,A,0,,Y,,,Y,,-,"- ",1,0,0,0,0,0,1,0,0,"- ","- ",,,"LOS ANGELES","LOS ANGELES",-118.43123626708984,34.179428100585938
9612754,2023,2023-08-24,1900,2023-07-11,1415,635346,0451,2,5,6,1949,0,0,0,,0,43T1D,"STUDEBAKER RD","IMPERIAL HWY",10.00,S,N,A,-,N,,,,,,,,,,N,3,0,1,2,A,-,08,22107,,N,D,G,A,A,H,-,A,A,0,,Y,,,Y,,A,07,0,1,0,0,0,0,1,0,0,"- ","- ",,,"LOS ANGELES",NORWALK,-118.09931182861328,33.9169921875
9613273,2023,2023-10-20,1941,2023-06-20,2237,11830,WEST,2,5,7,1941,0,0,0,,0,001,"SANTA FE AV","W WILLOW ST",26.00,N,N,A,-,N,,,,,,,,,,N,3,0,1,2,D,-,00,,,F,D,G,A,A,H,-,C,A,0,,Y,,,Y,,-,"- ",0,1,0,0,0,0,1,0,0,"- ","- ",33.804389953613281,-118.21544647216797,"LOS ANGELES","LONG BEACH",-118.21552276611328,33.804470062255859
9613700,2023,2023-08-24,1900,2023-07-12,2006,636465,0524,3,5,4,1971,0,0,0,,0,52T1PM,"GOLDEN WEST AV","RICHMOND WY",209.00,N,N,A,-,N,,,,,,,,,,N,3,0,1,2,A,-,17,22517,,N,B,G,A,A,H,-,A,D,0,,Y,,,Y,,A,07,0,1,0,0,0,0,1,0,0,"- ","- ",34.091468811035156,-118.0538330078125,"LOS ANGELES","TEMPLE CITY",-118.05384063720703,34.091464996337891