CASE_ID,ACCIDENT_YEAR,PROC_DATE,JURIS,COLLISION_DATE,COLLISION_TIME,OFFICER_ID,REPORTING_DISTRICT,DAY_OF_WEEK,CHP_SHIFT,POPULATION,CNTY_CITY_LOC,SPECIAL_COND,BEAT_TYPE,CHP_BEAT_TYPE,CITY_DIVISION_LAPD,CHP_BEAT_CLASS,BEAT_NUMBER,PRIMARY_RD,SECONDARY_RD,DISTANCE,DIRECTION,INTERSECTION,WEATHER_1,WEATHER_2,STATE_HWY_IND,CALTRANS_COUNTY,CALTRANS_DISTRICT,STATE_ROUTE,ROUTE_SUFFIX,POSTMILE_PREFIX,POSTMILE,LOCATION_TYPE,RAMP_INTERSECTION,SIDE_OF_HWY,TOW_AWAY,COLLISION_SEVERITY,NUMBER_KILLED,NUMBER_INJURED,PARTY_COUNT,PRIMARY_COLL_FACTOR,PCF_CODE_OF_VIOL,PCF_VIOL_CATEGORY,PCF_VIOLATION,PCF_VIOL_SUBSECTION,HIT_AND_RUN,TYPE_OF_COLLISION,MVIW,PED_ACTION,ROAD_SURFACE,ROAD_COND_1,ROAD_COND_2,LIGHTING,CONTROL_DEVICE,CHP_ROAD_TYPE,PEDESTRIAN_ACCIDENT,BICYCLE_ACCIDENT,MOTORCYCLE_ACCIDENT,TRUCK_ACCIDENT,NOT_PRIVATE_PROPERTY,ALCOHOL_INVOLVED,STWD_VEHTYPE_AT_FAULT,CHP_VEHTYPE_AT_FAULT,COUNT_SEVERE_INJ,COUNT_VISIBLE_INJ,COUNT_COMPLAINT_PAIN,COUNT_PED_KILLED,COUNT_PED_INJURED,COUNT_BICYCLIST_KILLED,COUNT_BICYCLIST_INJURED,COUNT_MC_KILLED,COUNT_MC_INJURED,PRIMARY_RAMP,SECONDARY_RAMP,LATITUDE,LONGITUDE,COUNTY,CITY,POINT_X,POINT_Y
9613987,2023,2023-09-25,1942,2023-07-30,1850,44198,2073,7,5,7,1942,0,0,0,,0,20A69,"BERENDO ST","OLYMPIC BL",6.00,N,N,A,-,N,,,,,,,,,,N,4,0,1,2,A,-,09,21801,A,F,H,G,A,A,H,-,A,D,0,,Y,,,Y,,-,99,0,0,1,0,0,0,1,0,0,"- ","- ",,,"LOS ANGELES","LOS ANGELES",-118.29369354248047,34.052684783935547
9614226,2023,2023-10-02,1942,2023-08-27,1505,44035,0669,7,5,7,1942,0,0,0,F,0,27TL42,"OXFORD AV","SANTA MONICA BL",6.00,N,N,A,-,N,,,,,,,,,,N,2,0,1,2,A,-,12,21453,,N,D,G,A,A,H,-,A,A,0,,Y,,,Y,,-,"- ",1,0,0,0,0,0,1,0,0,"- ","- ",,,"LOS ANGELES","LOS ANGELES",-118.30780029296875,34.090770721435547
9614547,2023,2023-10-03,1942,2023-06-24,1540,41704,1249,6,5,7,1942,0,0,0,L,0,25MQ57,"FIGUEROA ST","GAGE AV",3.00,S,N,A,-,N,,,,,,,,,,N,4,0,1,2,A,-,00,21960,,F,D,G,A,A,H,-,A,A,0,,Y,,,Y,,-,99,0,0,1,0,0,0,1,0,0,"- ","- ",,,"LOS ANGELES","LOS ANGELES",-118.28266906738281,33.982372283935547
9614557,2023,2023-10-09,1942,2023-06-20,2250,45357,03,2,5,7,1942,0,0,0,C,0,3A41,"HOOVER ST","ADAMS BL",150.00,N,N,A,-,N,,,,,,,,,,Y,4,0,2,2,A,-,05,21651,B,F,A,G,A,A,H,-,C,A,0,,Y,Y,,Y,,O,05,0,0,2,0,0,0,1,0,1,"- ","- ",,,"LOS ANGELES","LOS ANGELES",-118.28398895263672,34.032112121582031
9614571,2023,2023-10-03,1941,2023-06-27,1405,5945,SOUTH,2,5,7,1941,0,0,0,,0,006,"EAST 10TH ST","LONG BEACH BL",228.00,W,N,A,-,N,,,,,,,,,,N,4,0,1,2,A,-,17,22517,,N,H,G,A,A,H,-,A,D,0,,Y,,,Y,,E,22,0,0,1,0,0,0,1,0,0,"- ","- ",33.778591156005859,-118.19024658203125,"LOS ANGELES","LONG BEACH",-118.19023132324219,33.778968811035156
9614673,2023,2023-10-12,1942,2023-02-07,2040,44701,2076,2,5,7,1942,0,0,0,,0,20A97,"VENICE BL","CATALINA ST",50.00,W,N,A,-,N,,,,,,,,,,N,4,0,1,2,A,-,05,21650,1,N,A,G,A,A,H,-,C,A,0,,Y,,,Y,,L,04,0,0,1,0,0,0,1,0,0,"- ","- ",,,"LOS ANGELES","LOS ANGELES",-118.29448699951172,34.044246673583984
9614738,2023,2023-10-19,1972,2023-09-02,0730,17771,,6,5,6,1972,0,0,0,,0,,CRENSHAW,182ND,0.00,,Y,C,-,N,,,,,,,,,,N,4,0,1,2,A,-,05,21650,1,N,B,G,A,B,H,-,A,A,0,,Y,,,Y,,L,,0,0,1,0,0,0,1,0,0,"- ","- ",,,"LOS ANGELES",TORRANCE,-118.32646942138672,33.865577697753906
9615134,2023,2023-08-30,1956,2023-07-28,1440,1384,66,5,5,5,1956,0,0,0,,0,004,"INGLEWOOD AV","153RD ST",8.00,S,N,A,-,N,,,,,,,,,,N,2,0,1,2,A,-,09,21801,A,N,D,G,A,A,H,-,A,D,0,,Y,,,Y,,A,01,1,0,0,0,0,0,1,0,0,"- ","- ",33.89263916015625,-118.36135101318359,"LOS ANGELES","REDONDO BEACH",-118.36134338378906,33.892608642578125
9615346,2023,2023-10-05,1900,2023-08-17,1640,651189,1336,4,5,5,1908,0,0,0,,0,133F,"ARTESIA BL","REGENCY CIR",15.00,W,N,A,-,N,,,,,,,,,,N,3,0,1,2,A,-,09,21801,A,M,C,G,A,A,H,-,A,A,0,,Y,,,Y,,L,04,0,1,0,0,0,0,1,0,0,"- ","- ",,,"LOS ANGELES",BELLFLOWER,-118.11248016357422,33.872879028320312
9615407,2023,2023-09-11,1900,2023-07-12,1205,626488,0541,3,5,3,1921,0,0,0,,0,58T1/D,"HUNTINGTON DR","BUENA VISTA ST",301.00,W,N,A,-,N,,,,,,,,,,N,3,0,1,2,A,-,05,21650,1,N,D,G,A,A,H,-,A,D,0,,Y,,,Y,,L,04,0,1,0,0,0,0,1,0,0,"- ","- ",34.139739990234375,-117.97868347167969,"LOS ANGELES",DUARTE,-117.97853851318359,34.139598846435547
9615682,2023,2023-09-29,1942,2023-08-25,1700,40008,1323,5,5,7,1942,0,0,0,M,0,24TL56,"E ADAMS BL","S CENTRAL AV",150.00,W,N,A,-,N,,,,,,,,,,N,3,0,1,2,A,-,08,22107,,F,B,G,A,A,H,-,A,D,0,,Y,,,Y,,-,99,0,1,0,0,0,0,1,0,0,"- ","- ",,,"LOS ANGELES","LOS ANGELES",-118.25537872314453,34.018962860107422
9615684,2023,2023-09-29,1942,2023-08-24,1310,36527,1362,4,5,7,1942,0,0,0,M,0,24TL27,"51ST ST","TOWNE AV",48.00,E,N,A,-,N,,,,,,,,,,N,2,0,1,3,A,-,05,21650,1,N,A,G,A,A,H,-,A,D,0,,Y,,,Y,,L,04,1,0,0,0,0,0,1,0,0,"- ","- ",,,"LOS ANGELES","LOS ANGELES",-118.26727294921875,33.996551513671875
9615693,2023,2023-09-29,1942,2023-08-27,1045,40008,1393,7,5,7,1942,0,0,0,M,0,24TL56,"S MAIN ST","E 68TH ST",100.00,N,N,A,-,N,,,,,,,,,,N,2,0,2,2,A,-,05,21651,A,N,D,G,A,A,H,-,A,D,0,,Y,,,Y,,L,04,1,1,0,0,0,0,1,0,0,"- ","- ",,,"LOS ANGELES","LOS ANGELES",-118.27394104003906,33.978145599365234
9615746,2023,2023-09-25,1900,2023-07-07,1700,663360,2812,5,5,5,1915,0,0,0,,0,283T2,"EL SEGUNDO BL","SLATER AV",0.00,,Y,A,-,N,,,,,,,,,,N,3,0,1,2,A,-,05,21650,1,N,D,G,A,A,H,-,A,A,0,,Y,,,Y,,L,04,0,1,0,0,0,0,1,0,0,"- ","- ",33.9163818359375,-118.24904632568359,"LOS ANGELES",COMPTON,-118.24897766113281,33.916267395019531
9615919,2023,2023-10-20,1900,2023-09-09,1929,636464,2924,6,5,5,1990,0,0,0,,0,292K4,"GOLDEN SPRINGS DR","PROSPECTORS RD",5.00,W,N,A,-,N,,,,,,,,,,N,3,0,1,2,A,-,05,21650,1,N,A,G,A,A,H,-,A,A,0,,Y,,,Y,,L,04,0,1,0,0,0,0,1,0,0,"- ","- ",34.017021179199219,-117.8111572265625,"LOS ANGELES","DIAMOND BAR",-117.81124877929688,34.016929626464844
9616111,2023,2023-10-02,1900,2023-08-01,2238,654262,1352,2,5,3,1927,0,0,0,,0,132T1,"PIONEER BL","216TH ST",37.00,S,N,A,-,N,,,,,,,,,,N,2,0,1,2,A,-,04,21703,,N,C,G,A,A,H,-,C,D,0,,Y,,,Y,,A,01,1,0,0,0,0,0,1,0,0,"- ","- ",,,"LOS ANGELES","HAWAIIAN GARDENS",-118.08191680908203,33.832736968994141
9616542,2023,2023-10-02,1900,2023-06-28,2245,649278,0560,3,5,3,1968,0,0,0,,0,51K1E,"GARVEY AV","BRUIN AV",0.00,,Y,A,-,N,,,,,,,,,,N,4,0,1,2,A,-,12,22450,A,M,B,G,A,A,H,-,C,A,0,,Y,,,Y,,L,04,0,0,1,0,0,0,1,0,0,"- ","- ",34.062690734863281,-118.06437683105469,"LOS ANGELES","SOUTH EL MONTE",-118.06444549560547,34.062732696533203
9617262,2023,2023-10-17,1942,2023-07-11,2135,42011,0522,2,5,7,1942,0,0,0,E,0,25MX89,"NEPTUNE AV","ANAHEIM ST",0.00,,Y,A,-,N,,,,,,,,,,Y,3,0,1,2,A,-,08,22107,,F,D,G,A,A,H,-,C,A,0,,Y,,,Y,,A,07,0,1,0,0,0,0,1,0,0,"- ","- ",,,"LOS ANGELES","LOS ANGELES",-118.26898193359375,33.779617309570312
9617263,2023,2023-10-17,1941,2023-07-20,1656,6313,EAST,4,5,7,1941,0,0,0,,0,018,"E CARSON ST","LOS COYOTES DIAGONAL",5.00,E,N,A,-,N,,,,,,,,,,N,3,0,1,2,D,-,00,,,N,H,G,A,A,H,-,A,A,0,,Y,,,Y,,-,"- ",0,1,0,0,0,0,1,0,0,"- ","- ",33.832218170166016,-118.09893035888672,"LOS ANGELES","LONG BEACH",-118.09889221191406,33.832298278808594
9617719,2023,2023-09-29,1900,2023-05-09,2136,658622,2846,2,5,5,1915,0,0,0,,0,283T1,"LONG BEACH BL","CYPRESS ST",20.00,W,N,A,-,N,,,,,,,,,,N,3,0,1,2,A,-,09,21802,A,N,D,-,A,A,H,-,C,A,0,,Y,,,Y,,L,04,0,1,0,0,0,0,1,0,0,"- ","- ",33.890541076660156,-118.20758056640625,"LOS ANGELES",COMPTON,-118.20761871337891,33.890644073486328
9618426,2023,2024-03-04,1900,2023-10-07,0948,658187,1320,6,5,5,1935,0,0,0,,0,132T1,"CHERRY AV","DENMEAD ST",213.00,N,N,A,-,N,,,,,,,,,,N,3,0,1,2,A,-,17,21208,B,N,B,G,A,A,H,-,A,D,0,,Y,,,Y,,L,04,0,1,0,0,0,0,1,0,0,"- ","- ",,,"LOS ANGELES",LAKEWOOD,-118.16764831542969,33.851524353027344
9618512,2023,2023-09-06,1972,2023-07-07,1534,22341,,5,5,6,1972,0,0,0,,0,,"VICTOR ST","SPENCER ST",300.00,S,N,A,-,N,,,,,,,,,,N,2,0,1,2,A,-,05,21650,1,N,A,B,A,A,H,-,A,D,0,,Y,,,Y,,L,04,1,0,0,0,0,0,1,0,0,"- ","- ",,,"LOS ANGELES",TORRANCE,-118.36676025390625,33.844158172607422
9619175,2023,2023-12-20,1942,2023-03-08,0730,39436,0657,3,5,7,1942,0,0,0,F,0,27M31,"BARTON AV","WESTERN AV",0.00,,Y,A,-,N,,,,,,,,,,N,3,0,1,2,A,-,09,21804,A,N,D,G,A,A,H,-,A,A,0,,Y,,,Y,,L,04,0,1,0,0,0,0,1,0,0,"- ","- ",,,"LOS ANGELES","LOS ANGELES",-118.30915832519531,34.087600708007812
9619606,2023,2023-12-30,1900,2023-09-25,0630,625912,1348,1,5,3,1903,0,0,0,,0,134A,"PIONEER BL","168TH ST",75.00,S,N,A,-,N,,,,,,,,,,N,3,0,1,2,A,-,05,21650,1,N,A,G,A,A,H,-,C,D,0,,Y,,,Y,,L,04,0,1,0,0,0,0,1,0,0,"- ","- ",,,"LOS ANGELES",ARTESIA,-118.08238983154297,33.877834320068359
9619678,2023,2024-01-17,1900,2023-11-24,1707,656411,1349,5,5,3,1903,0,0,0,,0,132,"PIONEER BL","183RD ST",0.00,,Y,A,-,N,,,,,,,,,,N,3,0,1,2,A,-,09,21800,A,F,G,G,A,A,H,-,C,A,0,,Y,,,Y,,A,07,0,1,0,0,0,0,1,0,0,"- ","- ",,,"LOS ANGELES",ARTESIA,-118.08220672607422,33.865711212158203
9620103,2023,2023-09-27,1976,2023-08-22,1651,215,,2,5,3,1964,0,0,0,,0,,"GREENSTONE AV","LAKELAND RD",0.00,,Y,A,-,N,,,,,,,,,,N,3,0,1,2,A,-,05,21650,1,N,H,G,A,A,H,-,A,A,0,,Y,,,Y,,L,04,0,1,0,0,0,0,1,0,0,"- ","- ",,,"LOS ANGELES","SANTA FE SPRINGS",-118.05811309814453,33.931728363037109
9620344,2023,2023-10-19,1900,2023-09-25,0805,656370,1137,1,5,6,1992,0,0,0,,0,112T1,"20TH ST","AVENUE J-2",0.00,,Y,A,-,N,,,,,,,,,,N,4,0,1,2,D,-,00,,,M,D,G,A,A,H,-,A,D,0,,Y,,,Y,,-,"- ",0,0,1,0,0,0,1,0,0,"- ","- ",,,"LOS ANGELES",LANCASTER,-118.16566467285156,34.689418792724609
9620450,2023,2023-10-12,1900,2023-09-10,1813,60059,1132,7,5,6,1992,0,0,0,,0,112T2T,"5TH ST EAST","LANCASTER BL",655.00,N,N,A,-,N,,,,,,,,,,N,2,0,1,2,A,-,09,21804,A,N,G,G,A,A,H,-,B,D,0,,Y,,,Y,,L,04,1,0,0,0,0,0,1,0,0,"- ","- ",,,"LOS ANGELES",LANCASTER,-118.12151336669922,34.698566436767578
9620734,2023,2023-11-03,1900,2023-09-27,1318,655542,1352,3,5,3,1927,0,0,0,,0,132A,"CARSON ST","NORWALK BL",0.00,,Y,A,-,N,,,,,,,,,,N,4,0,1,2,A,-,09,21800,A,N,A,G,A,A,H,-,A,A,0,,Y,,,Y,,A,01,0,0,1,0,0,0,1,0,0,"- ","- ",,,"LOS ANGELES","HAWAIIAN GARDENS",-118.07208251953125,33.831424713134766
9620960,2023,2023-10-23,1900,2023-06-14,1332,629508,1133,3,5,6,1992,0,0,0,,0,112T1,"AVENUE J","5TH ST EAST",0.00,,Y,A,-,N,,,,,,,,,,N,3,0,1,2,D,-,00,,,M,D,G,A,A,H,-,A,A,0,,Y,,,Y,,-,"- ",0,1,0,0,0,0,1,0,0,"- ","- ",,,"LOS ANGELES",LANCASTER,-118.12149810791016,34.689472198486328
9621302,2023,2023-11-16,1920,2023-10-14,1055,13500,1920,6,5,6,1920,0,0,0,,0,004,"GALLATIN RD","ARRINGTON AV",3.00,E,N,A,-,N,,,,,,,,,,N,4,0,1,2,D,-,00,,,N,D,G,A,A,H,-,A,A,0,,Y,,,Y,,-,"- ",0,0,1,0,0,0,1,0,0,"- ","- ",,,"LOS ANGELES",DOWNEY,-118.11209106445312,33.953353881835938
9621780,2023,2023-09-28,1928,2023-03-28,2042,50406,523,2,5,5,1928,0,0,0,,0,502,"120TH ST","BIRCH AV",0.00,,Y,A,-,N,,,,,,,,,,N,3,0,1,2,A,-,08,22107,,M,H,G,A,A,H,-,C,A,0,,Y,,,Y,,A,01,0,1,0,0,0,0,1,0,0,"- ","- ",33.923648834228516,-118.35034942626953,"LOS ANGELES",HAWTHORNE,-118.35028839111328,33.923664093017578
9621842,2023,2023-10-13,1906,2023-09-20,1921,4450,,3,5,5,1906,0,0,0,,0,003,"BALDWIN PARK BL","MERCED AV",0.00,,Y,A,-,N,,,,,,,,,,N,3,0,1,2,A,-,10,21950,A,F,G,B,A,A,H,-,C,D,0,,Y,,,Y,,-,,0,1,0,0,0,0,1,0,0,"- ","- ",,,"LOS ANGELES","BALDWIN PARK",-117.96994781494141,34.078868865966797
9622578,2023,2023-11-29,1900,2023-10-01,1134,489533,0454,7,5,6,1949,0,0,0,,0,43T1,"ROSECRANS AV","BLOOMFIELD AV",0.00,,Y,A,-,N,,,,,,,,,,N,2,0,1,2,A,-,12,21453,A,N,D,G,A,A,H,-,A,A,0,,Y,,,Y,Y,L,04,1,0,0,0,0,0,1,0,0,"- ","- ",,,"LOS ANGELES",NORWALK,-118.06410980224609,33.902263641357422
9623273,2023,2023-11-14,1900,2023-08-24,1249,637335,0977,4,5,4,1979,0,0,0,,0,93T2,"SANTA MONICA BL","HILLDALE AV",30.00,E,N,A,-,N,,,,,,,,,,N,4,0,1,2,A,-,21,22106,,M,C,G,A,A,H,-,D,D,0,,Y,,,Y,,A,01,0,0,1,0,0,0,1,0,0,"- ","- ",34.084011077880859,-118.38540649414062,"LOS ANGELES","WEST HOLLYWOOD",-118.38461303710938,34.084590911865234
9623400,2023,2024-01-24,1913,2023-09-20,0858,4297,65,3,5,4,1913,0,0,0,,0,004,"FOOTHILL BL","CLAREMONT BL",136.00,W,N,A,-,N,,,,,,,,,,N,3,0,1,2,A,-,08,22107,,N,D,G,A,A,H,-,A,D,0,,Y,,,Y,,A,07,0,1,0,0,0,0,1,0,0,"- ","- ",,,"LOS ANGELES",CLAREMONT,-117.70346069335938,34.106845855712891
9624775,2023,2023-09-19,1942,2023-07-02,2045,42633,SOUHT,7,5,7,1942,0,0,0,,0,1829,"E 97TH ST","JUNIPER ST",0.00,,Y,A,-,N,,,,,,,,,,N,3,0,1,2,A,-,00,21760,,F,B,G,A,A,H,-,C,D,0,,Y,,,Y,,-,99,0,1,0,0,0,0,1,0,0,"- ","- ",,,"LOS ANGELES","LOS ANGELES",-118.23291778564453,33.948261260986328
9625185,2023,2023-09-25,1900,2023-08-17,1630,551353,0812,4,5,4,1960,0,0,0,,0,81T2,"ARROW HWY","LONE HILL AV",0.00,,Y,A,-,N,,,,,,,,,,N,3,0,1,2,A,-,09,21800,A,M,D,G,A,A,H,-,A,A,0,,Y,,,Y,,A,07,0,1,0,0,0,0,1,0,0,"- ","- ",34.106739044189453,-117.82884216308594,"LOS ANGELES","SAN DIMAS",-117.82901000976562,34.106616973876953
9625371,2023,2023-10-10,1900,2023-08-23,0825,637368,0814,3,5,4,1960,0,0,0,,0,81K3,"COVINA BL","LONE HILL AV",3600.00,E,N,A,-,N,,,,,,,,,,N,3,0,1,2,A,-,08,22107,,N,D,G,A,A,H,-,A,A,0,,Y,,,Y,,A,01,0,1,0,0,0,0,1,0,0,"- ","- ",34.099468231201172,-117.8223876953125,"LOS ANGELES","SAN DIMAS",-117.81714630126953,34.099460601806641
9625819,2023,2023-10-04,1942,2023-08-29,1710,45464,1414,2,5,7,1942,0,0,0,N,0,14A25,"CALIFORNIA AV","7TH AV",50.00,E,N,A,-,N,,,,,,,,,,N,3,0,1,2,A,-,06,21751,,F,B,G,A,A,H,-,A,D,0,,Y,,,Y,,-,99,0,1,0,0,0,0,1,0,0,"- ","- ",,,"LOS ANGELES","LOS ANGELES",-118.46354675292969,33.994258880615234
9625863,2023,2023-10-06,1900,2023-09-19,0730,655542,1321,2,5,5,1935,0,0,0,,0,132D,"CANDLEWOOD ST","WOODRUFF AV",0.00,,Y,A,-,N,,,,,,,,,,N,4,0,1,2,A,-,12,21453,A,N,A,G,A,A,H,-,A,A,0,,Y,,,Y,Y,L,04,0,0,1,0,0,0,1,0,0,"- ","- ",,,"LOS ANGELES",LAKEWOOD,-118.11717987060547,33.853626251220703
9625905,2023,2023-10-06,1920,2023-08-16,1553,14050,1920,3,5,6,1920,0,0,0,,0,006,"LAKEWOOD BL","ROSECRANS AV",229.00,N,N,A,-,N,,,,,,,,,,N,4,0,1,2,A,-,09,21804,A,N,D,G,A,A,H,-,A,D,0,,Y,,,Y,,A,01,0,0,1,0,0,0,1,0,0,"- ","- ",,,"LOS ANGELES",DOWNEY,-118.14283752441406,33.9044189453125
9625935,2023,2023-10-20,1942,2023-09-03,0005,40404,0375,7,5,7,1942,0,0,0,C,0,25TL33,"LEIGHTON AV","GRAMERCY PL",0.00,,Y,A,-,N,,,,,,,,,,N,2,0,1,2,A,-,01,23152,A,N,D,G,A,A,H,-,C,A,0,,Y,,,Y,Y,D,22,1,0,0,0,0,0,1,0,0,"- ","- ",,,"LOS ANGELES","LOS ANGELES",-118.31327056884766,34.012798309326172
9626348,2023,2023-10-17,1931,2023-09-23,0740,5735,1931,6,5,5,1931,0,0,0,,0,004,"FLORENCE AV","CEDAR ST",0.00,,N,A,-,N,,,,,,,,,,N,4,0,1,2,D,-,00,,,F,D,G,A,A,H,-,A,D,0,,Y,,,Y,,-,"- ",0,0,1,0,0,0,1,0,0,"- ","- ",,,"LOS ANGELES","HUNTINGTON PARK",-118.21341705322266,33.972965240478516
9626374,2023,2023-10-16,1953,2023-09-24,1130,5970,1953,7,5,6,1953,0,0,0,,0,1L32,"ALLEN AV","MAPLE AV",0.00,,Y,A,-,N,,,,,,,,,,N,4,0,1,2,A,-,05,21650,1,M,D,G,A,A,H,-,A,A,0,,Y,,,Y,,L,04,0,0,1,0,0,0,1,0,0,"- ","- ",,,"LOS ANGELES",PASADENA,-118.11321258544922,34.152946472167969
9626380,2023,2023-10-16,1953,2023-09-29,2255,1010,1953,5,5,6,1953,0,0,0,,0,002,"MOUNTAIN ST","WRIGHT AV",0.00,,Y,A,-,N,,,,,,,,,,N,3,0,1,2,A,-,03,22350,,M,B,B,A,A,H,-,C,D,0,,Y,,,Y,,A,01,0,1,0,0,0,0,1,0,0,"- ","- ",,,"LOS ANGELES",PASADENA,-118.13502502441406,34.161552429199219
9626727,2023,2023-11-07,1900,2023-09-14,0703,LM1406,0464,4,5,4,1936,0,0,0,,0,46Z/D,"ADELFA DR","ROSECRANS AV",0.00,,Y,A,-,N,,,,,,,,,,N,3,0,1,2,A,-,09,21801,A,N,D,G,A,A,H,-,A,A,0,,Y,,,Y,,A,01,0,1,0,0,0,0,1,0,0,"- ","- ",33.898960113525391,-118.00514984130859,"LOS ANGELES","LA MIRADA",-118.00521850585938,33.898895263671875
9626822,2023,2023-10-20,1970,2023-08-16,1644,195,SPB2,3,5,4,1970,0,0,0,,0,002,"MONTEREY AV","BRENT AV",0.00,,Y,A,-,N,,,,,,,,,,N,3,0,1,2,A,-,05,21650,,N,H,G,A,A,H,-,A,A,0,,Y,,,Y,,L,04,0,1,0,0,0,0,1,0,0,"- ","- ",,,"LOS ANGELES","SOUTH PASADENA",-118.14901733398438,34.112224578857422
9627153,2023,2023-12-15,1942,2023-08-15,2000,41933,0373,2,5,7,1942,0,0,0,C,0,25T33W,"CRENSHAW BL","COLISEUM ST",0.00,,Y,A,-,N,,,,,,,,,,N,2,0,1,2,A,-,12,21453,A,F,D,G,A,A,H,-,C,A,0,,Y,,,Y,,-,99,1,0,0,0,0,0,1,0,0,"- ","- ",,,"LOS ANGELES","LOS ANGELES",-118.3353271484375,34.018199920654297
9627223,2023,2023-10-18,1926,2023-09-12,1154,0184,,2,5,5,1926,0,0,0,,0,001,"W ORANGEPATH ST","S BRIGHTVIEW DR",0.00,,Y,A,-,N,,,,,,,,,,N,3,0,1,2,A,-,09,21801,A,N,D,G,A,A,H,-,A,D,0,,Y,,,Y,,A,01,0,1,0,0,0,0,1,0,0,"- ","- ",34.129928588867188,-117.87415313720703,"LOS ANGELES",GLENDORA,-117.87415313720703,34.129898071289062
9627446,2023,2023-10-09,1907,2023-07-14,1800,254,1,5,5,4,1907,0,0,0,,0,,"BELL AV","BEAR ST",7.00,E,N,A,-,N,,,,,,,,,,N,4,0,1,2,-,-,"- ",,,N,H,G,A,A,H,-,A,D,0,,Y,,,Y,,-,"- ",0,0,1,0,0,0,1,0,0,"- ","- ",33.975570678710938,-118.19831085205078,"LOS ANGELES",BELL,-118.19833374023438,33.975566864013672
9627658,2023,2023-10-09,1941,2023-01-03,1830,10120,,2,5,7,1941,0,0,0,,0,,"ANAHEIM ST","OREGON AV",0.00,,Y,C,-,N,,,,,,,,,,N,3,0,1,2,D,-,00,,,N,D,G,A,B,H,-,C,A,0,,Y,,,Y,,-,"- ",0,1,0,0,0,0,1,0,0,"- ","- ",,,"LOS ANGELES","LONG BEACH",-118.20098114013672,33.782814025878906
9628022,2023,2023-10-18,1900,2023-09-11,0735,476477,0641,1,5,6,1985,0,0,0,,0,61T1O,"MCBEAN PKWY","DECORO DR",0.00,,Y,A,-,N,,,,,,,,,,N,3,0,1,2,A,-,12,21453,A,N,D,G,A,A,H,-,A,A,0,,Y,,,Y,,L,04,0,1,0,0,0,0,1,0,0,"- ","- ",34.444099426269531,-118.55359649658203,"LOS ANGELES","SANTA CLARITA",-118.55352020263672,34.444240570068359
9628946,2023,2023-10-20,1942,2023-07-14,0950,44762,0559,5,5,7,1942,0,0,0,E,0,5A59,"MINER ST","22ND ST",0.00,,Y,A,-,N,,,,,,,,,,N,4,0,1,2,A,-,05,21650,1,F,A,G,A,A,H,-,A,A,0,,Y,,,Y,,-,,0,0,1,0,0,0,1,0,0,"- ","- ",33.717231750488281,-118.27346038818359,"LOS ANGELES","LOS ANGELES",-118.27828979492188,33.726158142089844
9629720,2023,2023-11-01,1906,2023-10-04,0546,4433,,3,5,5,1906,0,0,0,,0,003,"RAMONA BL","BALDWIN PARK BL",0.00,,Y,A,-,N,,,,,,,,,,N,4,0,1,2,A,-,10,21950,,N,-,G,A,A,H,-,C,A,0,,Y,,,Y,,A,01,0,0,1,0,0,0,1,0,0,"- ","- ",,,"LOS ANGELES","BALDWIN PARK",-117.96488189697266,34.085483551025391
9630189,2023,2023-11-16,1942,2023-09-15,2140,42420,0299,5,5,7,1942,0,0,0,B,0,2A91,"VALENCIA ST","PICO BL",35.00,S,N,A,-,N,,,,,,,,,,N,2,0,1,2,A,-,03,22350,,F,D,G,A,A,H,-,C,D,0,,Y,,,Y,,-,99,1,0,0,0,0,0,1,0,0,"- ","- ",,,"LOS ANGELES","LOS ANGELES",-118.27528381347656,34.043910980224609
9630193,2023,2023-11-03,1942,2023-09-30,1630,35298,1354,6,5,7,1942,0,0,0,M,0,24MX19,"VERNON AV","WALL ST",0.00,,Y,A,-,N,,,,,,,,,,N,3,0,1,2,A,-,12,21453,A,F,D,G,A,A,H,-,A,A,0,,Y,,,Y,Y,-,99,0,1,0,0,0,0,1,0,0,"- ","- ",,,"LOS ANGELES","LOS ANGELES",-118.27175903320312,34.003837585449219
9630268,2023,2023-10-31,1941,2023-01-12,1730,10542,NORTH,4,5,7,1941,0,0,0,,0,022,"LOCUST AV","SOUTH ST",0.00,,Y,A,-,N,,,,,,,,,,N,4,0,1,2,D,-,00,,,N,D,G,A,A,H,-,C,D,0,,Y,,,Y,,-,"- ",0,0,1,0,0,0,1,0,0,"- ","- ",33.860038757324219,-118.18987274169922,"LOS ANGELES","LONG BEACH",-118.18988037109375,33.860061645507812
9630645,2023,2023-11-28,1931,2023-10-09,1510,5345,1931,1,5,5,1931,0,0,0,,0,004,"CEDAR ST","FLORENCE AV",5.00,N,N,A,-,N,,,,,,,,,,N,4,0,1,2,A,-,17,21663,,F,D,G,A,A,H,-,A,A,0,,Y,,,Y,,A,07,0,0,1,0,0,0,1,0,0,"- ","- ",,,"LOS ANGELES","HUNTINGTON PARK",-118.21341705322266,33.972984313964844