CASE_ID,ACCIDENT_YEAR,PROC_DATE,JURIS,COLLISION_DATE,COLLISION_TIME,OFFICER_ID,REPORTING_DISTRICT,DAY_OF_WEEK,CHP_SHIFT,POPULATION,CNTY_CITY_LOC,SPECIAL_COND,BEAT_TYPE,CHP_BEAT_TYPE,CITY_DIVISION_LAPD,CHP_BEAT_CLASS,BEAT_NUMBER,PRIMARY_RD,SECONDARY_RD,DISTANCE,DIRECTION,INTERSECTION,WEATHER_1,WEATHER_2,STATE_HWY_IND,CALTRANS_COUNTY,CALTRANS_DISTRICT,STATE_ROUTE,ROUTE_SUFFIX,POSTMILE_PREFIX,POSTMILE,LOCATION_TYPE,RAMP_INTERSECTION,SIDE_OF_HWY,TOW_AWAY,COLLISION_SEVERITY,NUMBER_KILLED,NUMBER_INJURED,PARTY_COUNT,PRIMARY_COLL_FACTOR,PCF_CODE_OF_VIOL,PCF_VIOL_CATEGORY,PCF_VIOLATION,PCF_VIOL_SUBSECTION,HIT_AND_RUN,TYPE_OF_COLLISION,MVIW,PED_ACTION,ROAD_SURFACE,ROAD_COND_1,ROAD_COND_2,LIGHTING,CONTROL_DEVICE,CHP_ROAD_TYPE,PEDESTRIAN_ACCIDENT,BICYCLE_ACCIDENT,MOTORCYCLE_ACCIDENT,TRUCK_ACCIDENT,NOT_PRIVATE_PROPERTY,ALCOHOL_INVOLVED,STWD_VEHTYPE_AT_FAULT,CHP_VEHTYPE_AT_FAULT,COUNT_SEVERE_INJ,COUNT_VISIBLE_INJ,COUNT_COMPLAINT_PAIN,COUNT_PED_KILLED,COUNT_PED_INJURED,COUNT_BICYCLIST_KILLED,COUNT_BICYCLIST_INJURED,COUNT_MC_KILLED,COUNT_MC_INJURED,PRIMARY_RAMP,SECONDARY_RAMP,LATITUDE,LONGITUDE,COUNTY,CITY,POINT_X,POINT_Y
9631767,2023,2023-11-08,1942,2023-09-25,2100,42664,1414,1,5,7,1942,0,0,0,N,0,27TL35,"LINCOLN BL","CALIFORNIA AV",0.00,,Y,A,-,N,,,,,,,,,,N,3,0,1,2,A,-,03,22350,,F,D,G,A,A,H,-,C,A,0,,Y,,,Y,,-,99,0,1,0,0,0,0,1,0,0,"- ","- ",,,"LOS ANGELES","LOS ANGELES",-118.46105194091797,33.998050689697266
9631857,2023,2023-11-30,1942,2023-10-02,1130,41516,1464,1,5,7,1942,0,0,0,N,0,27TL44,"JEFFERSON BL","WESTLAWN AV",10.00,W,N,A,-,N,,,,,,,,,,N,2,0,1,2,A,-,12,21453,A,N,D,G,A,A,H,-,A,A,0,,Y,,,Y,,-,"- ",1,0,0,0,0,0,1,0,0,"- ","- ",,,"LOS ANGELES","LOS ANGELES",-118.41391754150391,33.979278564453125
9631961,2023,2023-11-20,1931,2023-10-06,1600,5350,1931,5,5,5,1931,0,0,0,,0,003,"FLORENCE AV","SANTA FE AVE",2.00,E,N,A,-,N,,,,,,,,,,,4,0,1,2,D,-,00,,,F,D,-,A,A,H,-,A,A,0,,Y,,,Y,,-,"- ",0,0,1,0,0,0,1,0,0,"- ","- ",,,"LOS ANGELES","HUNTINGTON PARK",-118.23028564453125,33.974727630615234
9632066,2023,2023-11-27,1972,2023-10-15,1312,22116,,7,5,6,1972,0,0,0,,0,,"TORRANCE BL","SARTORI AV",0.00,,Y,A,-,N,,,,,,,,,,N,4,0,1,2,A,-,05,21650,1,N,D,G,A,A,H,-,A,A,0,,Y,,,Y,,L,,0,0,1,0,0,0,1,0,0,"- ","- ",,,"LOS ANGELES",TORRANCE,-118.31707000732422,33.836311340332031
9632287,2023,2023-11-07,1900,2023-09-11,1703,648143,2607,1,5,6,1950,0,0,0,,0,263T1,"AVENUE S","47TH ST EAST",383.00,E,N,A,-,N,,,,,,,,,,N,3,0,1,2,A,-,05,21202,A,N,D,G,A,A,H,-,B,A,0,,Y,,,Y,,L,04,0,1,0,0,0,0,1,0,0,"- ","- ",34.557880401611328,-118.04385375976562,"LOS ANGELES",PALMDALE,-118.04399108886719,34.558010101318359
9632291,2023,2023-11-07,1900,2023-10-23,2127,647476,0454,1,5,6,1949,0,0,0,,0,43K1EM,"FIRESTONE BL","PADDISON AV",529.00,W,N,A,-,N,,,,,,,,,,N,2,0,1,2,A,-,08,22107,,N,D,G,A,A,H,-,C,D,0,,Y,,,Y,,L,04,1,0,0,0,0,0,1,0,0,"- ","- ",,,"LOS ANGELES",NORWALK,-118.08026885986328,33.911830902099609
9632573,2023,2023-11-09,1931,2023-10-24,1718,5735,1931,2,5,5,1931,0,0,0,,0,003,"MALABAR ST","FLORENCE AV",7.00,N,N,A,-,N,,,,,,,,,,N,4,0,1,2,A,-,12,22450,A,N,D,G,A,A,H,-,A,A,0,,Y,,,Y,,A,01,0,0,1,0,0,0,1,0,0,"- ","- ",,,"LOS ANGELES","HUNTINGTON PARK",-118.22776031494141,33.9744873046875
9632735,2023,2023-12-04,1942,2023-10-06,0050,45128,1435,5,5,7,1942,0,0,0,N,0,14A67,"VENICE BL","SAWTELLE AV",10.00,N,N,A,-,N,,,,,,,,,,N,3,0,1,2,A,-,08,22107,,F,D,G,A,A,H,-,C,A,0,,Y,,,Y,,-,99,0,1,0,0,0,0,1,0,0,"- ","- ",,,"LOS ANGELES","LOS ANGELES",-118.41978454589844,34.011524200439453
9632923,2023,2023-11-21,1941,2023-07-30,1256,11825,SOUTH,7,5,7,1941,0,0,0,,0,008,"EAST 4TH ST","ALAMITOS AV",0.00,,Y,A,-,N,,,,,,,,,,N,2,0,1,2,A,-,07,21658,A,N,A,G,A,A,H,-,A,A,0,,Y,,,Y,,A,01,1,0,0,0,0,0,1,0,0,"- ","- ",33.771720886230469,-118.18129730224609,"LOS ANGELES","LONG BEACH",-118.18128204345703,33.771751403808594
9632945,2023,2023-11-17,1941,2023-06-19,1729,11523,EAST,1,5,7,1941,0,0,0,,0,010,"VISTA ST","PARK AV",0.00,,Y,A,-,N,,,,,,,,,,Y,4,0,1,2,D,-,00,,,N,D,G,A,A,H,-,A,D,0,,Y,,,Y,,-,"- ",0,0,1,0,0,0,1,0,0,"- ","- ",33.766258239746094,-118.13722229003906,"LOS ANGELES","LONG BEACH",-118.13722229003906,33.766273498535156
9632989,2023,2023-11-13,1900,2023-09-13,2323,637335,0972,3,5,4,1979,0,0,0,,0,93T4,"MELROSE AV","ROBERTSON BL",0.00,,Y,A,-,N,,,,,,,,,,N,3,0,1,2,A,-,12,21453,A,N,E,G,A,A,H,-,C,A,0,,Y,,,Y,,A,07,0,1,0,0,0,0,1,0,0,"- ","- ",34.080799102783203,-118.38548278808594,"LOS ANGELES","WEST HOLLYWOOD",-118.38546752929688,34.080814361572266
9633360,2023,2023-11-28,1942,2023-10-21,1005,37852,0412,6,5,7,1942,0,0,0,D,0,4A97,"AV 26","ARTESIAN ST",0.00,,Y,A,-,N,,,,,,,,,,N,3,0,1,2,A,-,09,21801,A,N,B,G,A,A,-,-,A,D,0,,Y,,,Y,,D,22,0,1,0,0,0,0,1,0,0,"- ","- ",,,"LOS ANGELES","LOS ANGELES",-118.21916961669922,34.080562591552734
9633606,2023,2023-11-08,1900,2023-07-21,2005,639905,0250,5,5,4,1945,0,0,0,,0,28T,"SLAVSON AV","PINE ST",0.00,,Y,A,-,N,,,,,,,,,,N,3,0,1,2,A,-,12,22450,A,N,H,G,A,A,H,-,A,A,0,,Y,,,Y,,L,04,0,1,0,0,0,0,1,0,0,"- ","- ",,,"LOS ANGELES",MAYWOOD,-118.18781280517578,33.98736572265625
9633930,2023,2024-01-13,1942,2023-11-15,1530,38264,0236,3,5,7,1942,0,0,0,B,0,31FB20,"S ALVARADO ST","MIRAMAR ST",115.00,N,N,A,-,N,,,,,,,,,,N,3,0,1,3,A,-,00,21760,B,N,B,G,A,A,H,-,A,C,0,,Y,,,Y,,I,20,0,1,0,0,0,0,1,0,0,"- ","- ",,,"LOS ANGELES","LOS ANGELES",-118.27191162109375,34.064193725585938
9634414,2023,2023-12-27,1900,2023-11-09,1805,451343,2321,4,5,5,1919,0,0,0,,0,230T,"GRIDLEY RD","SOUTH ST",317.00,N,N,A,-,N,,,,,,,,,,N,3,0,1,2,A,-,09,21801,A,N,D,G,A,A,H,-,C,A,0,,Y,,,Y,,A,01,0,1,0,0,0,0,1,0,0,"- ","- ",33.513401031494141,-118.05274963378906,"LOS ANGELES",CERRITOS,-118.09096527099609,33.859367370605469
9634972,2023,2024-01-26,1928,2023-11-20,1540,50400,522,1,5,5,1928,0,0,0,,0,503,"PRAIRIE AV","MARINE AV",0.00,,Y,A,-,N,,,,,,,,,,,4,0,1,2,A,-,05,21650,1,N,D,G,A,A,H,-,A,A,0,,Y,,,Y,,L,04,0,0,1,0,0,0,1,0,0,"- ","- ",33.894630432128906,-118.34385681152344,"LOS ANGELES",HAWTHORNE,-118.34384155273438,33.894649505615234
9635136,2023,2024-01-23,1900,2023-11-01,1745,653405,0560,3,5,3,1968,0,0,0,,0,55T1PM,"ROSEMEAD BL","GARVEY AV",0.00,,Y,A,-,N,,,,,,,,,,N,3,0,1,2,A,-,05,21650,1,N,D,G,A,A,H,-,A,A,0,,Y,,,Y,,L,04,0,1,0,0,0,0,1,0,0,"- ","- ",34.062610626220703,-118.06520080566406,"LOS ANGELES","SOUTH EL MONTE",-118.06541442871094,34.062721252441406
9635503,2023,2023-12-13,1920,2023-09-17,0945,13965,1920,7,5,6,1920,0,0,0,,0,006,"FIRESTONE BL","PATTON RD",530.00,E,N,A,-,N,,,,,,,,,,N,4,0,1,2,A,-,09,21804,,N,D,G,A,A,H,-,A,A,0,,Y,,,Y,,A,07,0,0,1,0,0,0,1,0,0,"- ","- ",,,"LOS ANGELES",DOWNEY,-118.12622833251953,33.936603546142578
9635759,2023,2023-12-30,1946,2023-10-31,1710,P17,1946,2,5,4,1946,0,0,0,,0,001,FOOTHILL,"ALTA VISTA",0.00,,Y,A,-,N,,,,,,,,,,Y,2,0,1,2,A,-,09,21802,A,N,D,G,A,A,H,-,A,A,0,,Y,,,Y,,L,04,1,0,0,0,0,0,1,0,0,"- ","- ",,,"LOS ANGELES",MONROVIA,-118.00762176513672,34.151275634765625
9636901,2023,2024-01-24,1942,2023-02-22,1150,41671,2088,3,5,7,1942,0,0,0,,0,27TL42,"VERMONT AV","WASHINGTON BL",360.00,N,N,B,-,N,,,,,,,,,,N,3,0,1,2,A,-,09,21801,A,F,H,G,A,A,H,-,A,D,0,,Y,,,Y,,-,99,0,1,0,0,0,0,1,0,0,"- ","- ",,,"LOS ANGELES","LOS ANGELES",-118.29157257080078,34.040996551513672
9637226,2023,2023-12-22,1920,2023-09-26,1414,14050,1920,2,5,6,1920,0,0,0,,0,006,"BROOKSHIRE AV","FONTANA ST",0.00,,Y,A,-,N,,,,,,,,,,N,3,0,1,2,A,-,05,21650,1,N,D,G,A,A,H,-,A,D,0,,Y,,,Y,,L,04,0,1,0,0,0,0,1,0,0,"- ","- ",,,"LOS ANGELES",DOWNEY,-118.13495635986328,33.931205749511719
9637437,2023,2024-02-13,1972,2023-10-22,1452,18107,,7,5,6,1972,0,0,0,,0,,HAWTHORNE,"242ND ST",0.00,,Y,A,-,N,,,,,,,,,,N,3,0,1,2,A,-,09,21802,A,N,D,G,A,A,H,-,A,D,0,,Y,,,Y,,L,,0,1,0,0,0,0,1,0,0,"- ","- ",,,"LOS ANGELES",TORRANCE,-118.35120391845703,33.804180145263672
9637814,2023,2023-11-14,1942,2023-10-04,0720,34561,1977,3,5,7,1942,0,0,0,,0,26TL24,"WOODMAN AV","BRANFORD ST",230.00,N,N,A,-,N,,,,,,,,,,N,3,0,1,2,A,-,09,21804,A,N,D,G,A,A,H,-,A,A,0,,Y,,,Y,,A,07,0,1,0,0,0,0,1,0,0,"- ","- ",,,"LOS ANGELES","LOS ANGELES",-118.43343353271484,34.227020263671875
9637865,2023,2023-11-20,1942,2023-10-09,1730,42943,1317,1,5,7,1942,0,0,0,M,0,24T51,"LONG BEACH BL","WASHINGTON BL",87.00,S,N,A,-,N,,,,,,,,,,N,3,0,1,2,C,-,18,,,N,H,G,A,A,H,-,A,D,0,,Y,,,Y,,-,"- ",0,1,0,0,0,0,1,0,0,"- ","- ",,,"LOS ANGELES","LOS ANGELES",-118.24317932128906,34.020351409912109
9638058,2023,2023-12-14,1942,2023-10-31,1120,41629,0176,2,5,7,1942,0,0,0,A,0,24TL24,GRAND,"5TH ST",65.00,S,N,A,-,N,,,,,,,,,,N,3,0,1,2,A,-,03,22350,,N,C,-,A,A,H,-,A,D,0,,Y,,,Y,,L,04,0,1,0,0,0,0,1,0,0,"- ","- ",,,"LOS ANGELES","LOS ANGELES",-118.2901611328125,33.739513397216797
9638571,2023,2023-11-20,1962,2023-10-16,1845,166,1962,1,5,4,1962,0,0,0,,0,004,"ANGELENO AV","SAN GABRIEL BL",5.00,W,N,A,-,N,,,,,,,,,,N,3,0,1,2,A,-,09,21801,A,N,D,G,A,A,H,-,C,D,0,,Y,,,Y,,A,01,0,1,0,0,0,0,1,0,0,"- ","- ",34.096111297607422,-118.09097290039062,"LOS ANGELES","SAN GABRIEL",-118.09095001220703,34.09613037109375
9638839,2023,2023-11-27,1953,2023-10-09,1612,8540,1953,1,5,6,1953,0,0,0,,0,003,"ALLEN AV","WASHINGTON BL",0.00,,Y,B,-,N,,,,,,,,,,N,3,0,1,2,A,-,09,21804,,N,D,G,A,A,H,-,A,A,0,,Y,,,Y,,L,04,0,1,0,0,0,0,1,0,0,"- ","- ",,,"LOS ANGELES",PASADENA,-118.11302185058594,34.169139862060547
9638850,2023,2023-11-22,1953,2023-10-18,1714,5202,1953,3,5,6,1953,0,0,0,,0,001,"FAIR OAKS AV","GLENARM ST",200.00,N,N,A,-,N,,,,,,,,,,N,3,0,1,2,A,-,08,22107,,N,H,G,A,A,H,-,A,D,0,,Y,,,Y,,L,04,0,1,0,0,0,0,1,0,0,"- ","- ",,,"LOS ANGELES",PASADENA,-118.15032196044922,34.128078460693359
9638861,2023,2023-11-27,1942,2023-05-12,1805,44035,0899,5,5,7,1942,0,0,0,H,0,27TL48,"HALM AV","VENICE BL",9.00,N,N,A,-,N,,,,,,,,,,N,3,0,1,2,A,-,12,22450,A,F,D,G,A,A,H,-,A,A,0,,Y,,,Y,,-,99,0,1,0,0,0,0,1,0,0,"- ","- ",,,"LOS ANGELES","LOS ANGELES",-118.38360595703125,34.032112121582031
9638875,2023,2023-11-27,1942,2023-05-27,2100,41210,0842,6,5,7,1942,0,0,0,H,0,27T31,"FEDERAL AV","OHIO AV",0.00,,Y,A,-,N,,,,,,,,,,N,3,0,2,2,A,-,12,21453,A,N,D,G,A,A,H,-,C,A,0,,Y,,,Y,,L,04,0,1,1,0,0,0,1,0,0,"- ","- ",,,"LOS ANGELES","LOS ANGELES",-118.45472717285156,34.045551300048828
9638886,2023,2023-11-22,1970,2023-10-26,1822,223,SPB1,4,5,4,1970,0,0,0,,0,001,"PASADENA AV","ARROYO DR",0.00,,Y,A,-,N,,,,,,,,,,N,2,0,1,2,A,-,09,21804,A,N,B,G,A,A,H,-,B,A,0,,Y,,,Y,,A,07,1,0,0,0,0,0,1,0,0,"- ","- ",,,"LOS ANGELES","SOUTH PASADENA",-118.17148590087891,34.112339019775391
9638949,2023,2023-12-22,1942,2023-03-02,0830,39022,0288,4,5,7,1942,0,0,0,B,0,27TL23,"WASHINGTON BL","ARAPAHOE ST",0.00,,Y,A,-,N,,,,,,,,,,N,4,0,1,2,A,-,04,21703,,N,H,G,A,A,H,-,A,D,0,,Y,,,Y,,A,01,0,0,1,0,0,0,1,0,0,"- ","- ",,,"LOS ANGELES","LOS ANGELES",-118.28523254394531,34.040050506591797
9639005,2023,2024-01-23,1972,2023-11-03,0825,18059,,5,5,6,1972,0,0,0,,0,,"DEL AMO BL",WAYNE,0.00,,Y,A,-,N,,,,,,,,,,N,3,0,1,2,A,-,09,21804,A,N,D,-,A,A,H,-,A,A,0,,Y,,,Y,,L,04,0,1,0,0,0,0,1,0,0,"- ","- ",,,"LOS ANGELES",TORRANCE,-118.37316131591797,33.848587036132812
9639078,2023,2023-11-28,1941,2023-09-24,1605,11803,SOUTH,7,5,7,1941,0,0,0,,0,006,"LONG BEACH BL","E BROADWAY",0.00,,Y,A,-,N,,,,,,,,,,N,3,0,1,2,A,-,12,21453,A,N,D,B,A,A,H,-,A,A,0,,Y,,,Y,,L,04,0,1,0,0,0,0,1,0,0,"- ","- ",33.769290924072266,-118.18939208984375,"LOS ANGELES","LONG BEACH",-118.18948364257812,33.769313812255859
9639232,2023,2023-12-02,1942,2023-10-22,1505,40099,1268,7,5,7,1942,0,0,0,L,0,25MQ54,"MAIN ST","85TH PL",7.00,S,N,A,-,N,,,,,,,,,,N,4,0,1,2,A,-,09,21801,A,F,D,G,A,A,H,-,A,A,0,,Y,,,Y,,-,99,0,0,1,0,0,0,1,0,0,"- ","- ",,,"LOS ANGELES","LOS ANGELES",-118.27388000488281,33.960792541503906
9639390,2023,2024-01-25,1972,2023-11-06,1525,23032,,1,5,6,1972,0,0,0,,0,,"TORRANCE BL","COTA AV",0.00,,Y,A,-,N,,,,,,,,,,N,4,0,1,2,A,-,12,21453,A,N,D,G,A,A,H,-,A,A,0,,Y,,,Y,,A,,0,0,1,0,0,0,1,0,0,"- ","- ",,,"LOS ANGELES",TORRANCE,-118.32257843017578,33.836399078369141
9639644,2023,2024-02-26,1942,2023-10-19,1630,38050,1351,4,5,7,1942,0,0,0,M,0,24TL34,"41ST PL",BROADWAY,815.00,E,N,A,-,N,,,,,,,,,,N,3,0,1,2,A,-,05,21650,,N,A,G,A,A,H,-,A,D,0,,Y,,,Y,,L,04,0,1,0,0,0,0,1,0,0,"- ","- ",,,"LOS ANGELES","LOS ANGELES",-118.27569580078125,34.008213043212891
9639676,2023,2023-11-16,1942,2023-09-29,0630,38502,0461,5,5,7,1942,0,0,0,D,0,24TL27,"CERES AV","8TH ST",115.00,N,N,B,-,N,,,,,,,,,,N,2,0,1,2,A,-,05,21650,,N,A,G,A,A,H,-,A,D,0,,Y,,,Y,,L,04,1,0,0,0,0,0,1,0,0,"- ","- ",,,"LOS ANGELES","LOS ANGELES",-118.24559783935547,34.035541534423828
9639699,2023,2023-11-20,1905,2023-09-18,1927,1161,436,1,5,4,1905,0,0,0,,0,001,"W ARROW HWY","BURWOOD AV",141.00,E,N,A,-,N,,,,,,,,,,Y,3,0,1,2,A,-,05,21650,1,N,D,G,A,A,H,-,C,A,0,,Y,,,Y,,L,04,0,1,0,0,0,0,1,0,0,"- ","- ",34.106979370117188,-117.92479705810547,"LOS ANGELES",AZUSA,-117.92168426513672,34.106983184814453
9639707,2023,2023-11-20,1953,2023-10-11,1750,2037,PASAD,3,5,6,1953,0,0,0,,0,003,"E WALNUT ST","N ALLEN AV",0.00,,Y,A,-,N,,,,,,,,,,N,3,0,1,2,A,-,08,22107,,N,D,G,A,A,H,-,A,A,0,,Y,,,Y,,A,07,0,1,0,0,0,0,1,0,0,"- ","- ",,,"LOS ANGELES",PASADENA,-118.11318206787109,34.149562835693359
9639911,2023,2023-11-21,1953,2023-07-11,1615,2799,1953,2,5,6,1953,0,0,0,,0,005,"MADISON AV","COLORADO BL",100.00,S,N,A,-,N,,,,,,,,,,N,4,0,1,2,A,-,09,21804,A,F,D,G,A,A,G,-,A,D,0,,Y,,,Y,,A,01,0,0,1,0,0,0,1,0,0,"- ","- ",,,"LOS ANGELES",PASADENA,-118.13836669921875,34.145851135253906
9639925,2023,2023-11-27,1900,2023-10-11,1740,551881,1415,3,5,1,1932,0,0,0,,0,141T5,"GALE AV","AZUSA AV",0.00,W,N,A,-,N,,,,,,,,,,N,3,0,1,1,A,-,21,22106,,N,F,I,A,A,H,-,A,A,0,,Y,,,Y,,M,91,0,1,0,0,0,0,1,0,0,"- ","- ",34.000030517578125,-117.93109893798828,"LOS ANGELES",INDUSTRY,-117.93086242675781,34.000171661376953
9639927,2023,2023-11-27,1942,2023-10-18,1040,34959,0739,3,5,7,1942,0,0,0,G,0,27TL29,"6TH ST","MUIRFIELD RD",142.00,W,N,A,-,N,,,,,,,,,,N,3,0,1,2,A,-,05,21650,,F,H,G,A,A,H,-,A,D,0,,Y,,,Y,,L,04,0,1,0,0,0,0,1,0,0,"- ","- ",,,"LOS ANGELES","LOS ANGELES",-118.33052062988281,34.063968658447266
9640013,2023,2023-12-05,1920,2023-07-14,0018,13833,,5,5,6,1920,0,0,0,,0,003,"FIRESTONE BL","RYERSON AV",0.00,,Y,A,-,N,,,,,,,,,,Y,1,1,0,2,A,-,12,21453,A,N,D,G,A,A,H,-,C,A,0,,Y,,,Y,,L,04,0,0,0,0,0,1,0,0,0,"- ","- ",,,"LOS ANGELES",DOWNEY,-118.15448760986328,33.947704315185547
9640037,2023,2023-12-06,1942,2023-10-04,2230,40957,0392,3,5,7,1942,0,0,0,C,0,2230,"VERNON AV","6TH AV",111.00,W,N,A,-,N,,,,,,,,,,N,1,1,0,2,A,-,03,22350,,F,C,G,A,A,H,-,E,A,0,,Y,,,Y,,-,99,0,0,0,0,0,1,0,0,0,"- ","- ",,,"LOS ANGELES","LOS ANGELES",-118.47030639648438,33.9967041015625
9640040,2023,2023-11-28,1942,2023-10-16,2145,41747,0361,1,5,7,1942,0,0,0,C,0,25T33,"LA BREA AV","OBAMA BL",57.00,S,N,A,-,N,,,,,,,,,,N,1,1,0,1,B,-,22,,,N,H,J,A,A,H,-,C,D,0,,Y,,,Y,,L,04,0,0,0,0,0,1,0,0,0,"- ","- ",,,"LOS ANGELES","LOS ANGELES",-118.35560607910156,34.021373748779297
9640346,2023,2024-04-02,1942,2023-10-29,2025,43371,1494,7,5,7,1942,0,0,0,N,0,27T33,"IMPERIAL HWY","CALIFORNIA ST",314.00,W,N,A,-,N,,,,,,,,,,Y,1,1,0,2,A,-,05,21202,A,N,D,G,A,A,H,-,C,A,0,,Y,,,Y,Y,L,04,0,0,0,0,0,1,0,0,0,"- ","- ",,,"LOS ANGELES","LOS ANGELES",-118.40500640869141,33.931308746337891
9641278,2023,2023-11-27,1900,2023-11-11,1200,628021,0816,6,5,4,1960,0,0,0,,0,81T2,"DANECROFT AV","BENWOOD ST",19.00,S,N,A,-,N,,,,,,,,,,N,3,0,1,2,A,-,08,22107,,N,C,E,A,A,H,-,A,D,0,,Y,,,Y,,L,04,0,1,0,0,0,0,1,0,0,"- ","- ",34.097118377685547,-117.82624816894531,"LOS ANGELES","SAN DIMAS",-117.82630157470703,34.097206115722656
9641435,2023,2023-12-05,1900,2023-10-17,1700,525033,0244,2,5,3,1914,0,0,0,,0,27T,"WASHINGTON BL","COMMERCE WY",0.00,,Y,A,-,N,,,,,,,,,,N,3,0,1,2,A,-,09,21801,A,N,H,G,A,A,H,-,A,A,0,,Y,,,Y,,A,07,0,1,0,0,0,0,1,0,0,"- ","- ",33.998908996582031,-118.15618133544922,"LOS ANGELES",COMMERCE,-118.156005859375,33.999038696289062
9641460,2023,2024-01-20,1951,2023-11-19,1150,764,706,7,5,3,1951,0,0,0,,0,002,"PALOS VERDES DR W","VIA ROSA",44.00,W,N,A,-,N,,,,,,,,,,N,3,0,1,2,A,-,05,21651,A,N,B,G,A,A,H,-,A,D,0,,Y,,,Y,,L,04,0,1,0,0,0,0,1,0,0,"- ","- ",,,"LOS ANGELES","PALOS VERDES EST",-118.39060974121094,33.803676605224609
9641841,2023,2024-08-30,1929,2023-11-19,1730,246,1929,7,5,3,1929,0,0,0,,0,001,"MANHATTAN AV","PIER AV",115.00,S,N,A,-,N,,,,,,,,,,N,3,0,2,2,A,-,07,21658,A,N,C,E,A,A,H,-,C,D,0,,Y,,,Y,,M,91,0,1,1,0,0,0,1,0,0,"- ","- ",33.862880706787109,-118.39917755126953,"LOS ANGELES","HERMOSA BEACH",-118.39910888671875,33.862434387207031
9642530,2023,2023-12-28,1900,2023-07-27,2100,641155,1320,4,5,5,1935,0,0,0,,0,132T1,"CARSON ST","PIXIE AV",0.00,,Y,A,-,N,,,,,,,,,,N,3,0,1,2,A,-,05,21202,,N,D,G,A,A,H,-,C,D,0,,Y,,,Y,,L,04,0,1,0,0,0,0,1,0,0,"- ","- ",,,"LOS ANGELES",LAKEWOOD,-118.16227722167969,33.832378387451172
9642798,2023,2023-11-27,1942,2023-05-20,2300,44819,1824,6,5,7,1942,0,0,0,R,0,18A3,"E 97TH ST","WADSWORTH AV",35.00,E,N,A,-,N,,,,,,,,,,N,2,0,1,2,A,-,03,22350,,F,B,G,A,A,H,-,C,D,0,,Y,,,Y,,A,01,1,0,0,0,0,0,1,0,0,"- ","- ",,,"LOS ANGELES","LOS ANGELES",-118.25855255126953,33.948371887207031
9642819,2023,2023-12-05,1942,2023-10-17,1900,45460,1132,2,5,7,1942,0,0,0,K,0,11A1,"LOS FELIZ BL","HUXLEY ST",0.00,,Y,A,-,N,,,,,,,,,,N,2,0,1,2,A,-,09,21801,A,N,D,G,A,A,H,-,C,A,0,,Y,,,Y,,A,01,1,0,0,0,0,0,1,0,0,"- ","- ",,,"LOS ANGELES","LOS ANGELES",-118.27335357666016,34.115650177001953
9643120,2023,2023-11-30,1942,2023-10-25,0915,42118,1321,3,5,7,1942,0,0,0,M,0,24TL24,"ADAMS BL","HILL ST",20.00,E,N,B,-,N,,,,,,,,,,N,3,0,1,2,A,-,03,22350,,F,H,B,F,A,H,-,A,D,0,Y,Y,,,Y,,L,04,0,1,0,0,1,0,0,0,0,"- ","- ",,,"LOS ANGELES","LOS ANGELES",-118.27078247070312,34.025794982910156
9643320,2023,2023-12-07,1942,2023-10-16,1245,41683,0399,1,5,7,1942,0,0,0,C,0,25MQ54,"FIGUEROA ST","41ST PL",20.00,N,N,A,-,N,,,,,,,,,,N,4,0,1,2,A,-,05,21650,1,F,A,G,A,A,H,-,A,D,0,,Y,,,Y,,L,04,0,0,1,0,0,0,1,0,0,"- ","- ",,,"LOS ANGELES","LOS ANGELES",-118.28273773193359,34.00787353515625
9643492,2023,2024-01-11,1929,2023-11-03,1832,245,1929,5,5,3,1929,0,0,0,,0,001,"MANHATTAN AV","8TH ST",0.00,W,N,A,-,N,,,,,,,,,,N,3,0,1,2,A,-,12,22450,A,N,D,G,A,A,H,-,C,A,0,,Y,,,Y,Y,L,04,0,1,0,0,0,0,1,0,0,"- ","- ",33.859439849853516,-118.39826202392578,"LOS ANGELES","HERMOSA BEACH",-118.39833068847656,33.859432220458984
9643541,2023,2023-11-22,1900,2023-08-18,2209,657865,2847,5,5,5,1915,0,0,0,,0,283T1,"ALONDRA BL","WARD AV",46.00,W,N,A,-,N,,,,,,,,,,N,2,0,1,2,A,-,17,22517,,F,H,G,A,A,H,-,C,D,0,,Y,,,Y,,A,08,1,0,0,0,0,0,1,0,0,"- ","- ",33.888618469238281,-118.20527648925781,"LOS ANGELES",COMPTON,-118.20526123046875,33.888698577880859
9643888,2023,2023-12-19,1900,2023-11-20,0632,530855,0530,1,5,5,1959,0,0,0,,0,53AD,"MISSION DR","ROSEMEAD BL",61.00,W,N,A,-,N,,,,,,,,,,Y,2,0,1,2,A,-,04,21703,,N,C,G,A,A,H,-,A,A,0,,Y,,,Y,,A,08,1,0,0,0,0,0,1,0,0,"- ","- ",34.0843505859375,-118.07354736328125,"LOS ANGELES",ROSEMEAD,-118.07341766357422,34.084316253662109