CASE_ID,ACCIDENT_YEAR,PROC_DATE,JURIS,COLLISION_DATE,COLLISION_TIME,OFFICER_ID,REPORTING_DISTRICT,DAY_OF_WEEK,CHP_SHIFT,POPULATION,CNTY_CITY_LOC,SPECIAL_COND,BEAT_TYPE,CHP_BEAT_TYPE,CITY_DIVISION_LAPD,CHP_BEAT_CLASS,BEAT_NUMBER,PRIMARY_RD,SECONDARY_RD,DISTANCE,DIRECTION,INTERSECTION,WEATHER_1,WEATHER_2,STATE_HWY_IND,CALTRANS_COUNTY,CALTRANS_DISTRICT,STATE_ROUTE,ROUTE_SUFFIX,POSTMILE_PREFIX,POSTMILE,LOCATION_TYPE,RAMP_INTERSECTION,SIDE_OF_HWY,TOW_AWAY,COLLISION_SEVERITY,NUMBER_KILLED,NUMBER_INJURED,PARTY_COUNT,PRIMARY_COLL_FACTOR,PCF_CODE_OF_VIOL,PCF_VIOL_CATEGORY,PCF_VIOLATION,PCF_VIOL_SUBSECTION,HIT_AND_RUN,TYPE_OF_COLLISION,MVIW,PED_ACTION,ROAD_SURFACE,ROAD_COND_1,ROAD_COND_2,LIGHTING,CONTROL_DEVICE,CHP_ROAD_TYPE,PEDESTRIAN_ACCIDENT,BICYCLE_ACCIDENT,MOTORCYCLE_ACCIDENT,TRUCK_ACCIDENT,NOT_PRIVATE_PROPERTY,ALCOHOL_INVOLVED,STWD_VEHTYPE_AT_FAULT,CHP_VEHTYPE_AT_FAULT,COUNT_SEVERE_INJ,COUNT_VISIBLE_INJ,COUNT_COMPLAINT_PAIN,COUNT_PED_KILLED,COUNT_PED_INJURED,COUNT_BICYCLIST_KILLED,COUNT_BICYCLIST_INJURED,COUNT_MC_KILLED,COUNT_MC_INJURED,PRIMARY_RAMP,SECONDARY_RAMP,LATITUDE,LONGITUDE,COUNTY,CITY,POINT_X,POINT_Y
9643989,2023,2023-12-27,1953,2023-11-04,1500,8505,PASAD,6,5,6,1953,0,0,0,,0,005,"GREEN ST","TERRACE DR",30.00,W,N,A,-,N,,,,,,,,,,N,4,0,1,2,A,-,08,22100,5,N,D,G,A,A,H,-,A,A,0,,Y,,,Y,,A,01,0,0,1,0,0,0,1,0,0,"- ","- ",,,"LOS ANGELES",PASADENA,-118.15772247314453,34.144660949707031
9644111,2023,2023-12-12,1941,2023-10-11,1651,11118,NORTH,3,5,7,1941,0,0,0,,0,024,"E ARTESIA BL","GAVIOTA AV",20.00,E,N,A,-,N,,,,,,,,,,,4,0,1,2,C,-,18,,,N,H,G,A,A,H,-,A,D,0,,Y,,,Y,,-,"- ",0,0,1,0,0,0,1,0,0,"- ","- ",33.874919891357422,-118.17162322998047,"LOS ANGELES","LONG BEACH",-118.17190551757812,33.874568939208984
9644308,2023,2023-12-04,1941,2023-07-26,2050,11541,EAST,3,5,7,1941,0,0,0,,0,012,"E 11TH ST","NEWPORT AV",60.00,E,N,A,-,N,,,,,,,,,,N,4,0,1,2,A,-,01,21200,5,N,H,G,A,A,H,-,C,D,0,,Y,,,Y,Y,L,04,0,0,1,0,0,0,1,0,0,"- ","- ",33.780788421630859,-118.15132141113281,"LOS ANGELES","LONG BEACH",-118.15114593505859,33.780784606933594
9647199,2023,2023-12-14,1941,2023-09-15,1230,6221,EAST,5,5,7,1941,0,0,0,,0,018,"NORWALK BL","E WARDLOW RD",623.00,N,N,A,-,N,,,,,,,,,,,4,0,1,2,D,-,00,,,N,H,G,A,A,H,-,A,D,0,,Y,,,Y,,-,"- ",0,0,1,0,0,0,1,0,0,"- ","- ",33.817630767822266,-118.07182312011719,"LOS ANGELES","LONG BEACH",-118.07180023193359,33.819316864013672
9647248,2023,2024-01-18,1953,2023-11-06,1604,7325,1953,1,5,6,1953,0,0,0,,0,003,"E COLORADO BL","MICHIGAN AV",10.00,N,N,A,-,N,,,,,,,,,,N,3,0,1,2,A,-,08,22107,,N,D,G,A,A,H,-,A,A,0,,Y,,,Y,,A,07,0,1,0,0,0,0,1,0,0,"- ","- ",,,"LOS ANGELES",PASADENA,-118.12600708007812,34.145961761474609
9647319,2023,2024-01-17,1926,2023-11-11,0957,0191,3,6,5,5,1926,0,0,0,,0,,"EAST FOOTHILL BL","VERDUGO AV",62.00,W,N,A,-,N,,,,,,,,,,N,2,0,2,2,C,-,18,,,N,E,J,A,A,G,H,A,D,0,,Y,,,Y,,-,"- ",1,0,1,0,0,0,2,0,0,"- ","- ",34.136138916015625,-117.83062744140625,"LOS ANGELES",GLENDORA,-117.83083343505859,34.136150360107422
9647563,2023,2023-12-18,1900,2023-10-15,1715,644925,2117,7,5,5,1943,0,0,0,,0,212E1,"LONG BEACH BL","BURTON AV",133.00,S,N,A,-,N,,,,,,,,,,N,3,0,1,2,A,-,17,21200,A,F,D,G,A,A,H,-,A,D,0,,Y,,,Y,,L,04,0,1,0,0,0,0,1,0,0,"- ","- ",,,"LOS ANGELES",LYNWOOD,-118.20932769775391,33.915504455566406
9647896,2023,2023-12-23,1900,2023-11-19,1650,625597,2619,7,5,6,1950,0,0,0,,0,263T1,"AVENUE O-8","10TH ST WEST",237.00,E,N,A,-,N,,,,,,,,,,N,2,0,1,2,A,-,05,21202,A,N,D,G,A,A,H,-,C,D,0,,Y,,,Y,,L,04,1,0,0,0,0,0,1,0,0,"- ","- ",34.609081268310547,-118.14672088623047,"LOS ANGELES",PALMDALE,-118.14693450927734,34.609176635742188
9647903,2023,2023-12-26,1900,2023-11-18,1650,655390,2612,6,5,6,1950,0,0,0,,0,261T1,"SUNGATE DR","BORICA CT",0.00,,Y,A,-,N,,,,,,,,,,N,3,0,1,2,A,-,09,21801,A,N,D,G,A,A,H,-,B,D,0,,Y,,,Y,,A,01,0,1,0,0,0,0,1,0,0,"- ","- ",34.607799530029297,-118.19332122802734,"LOS ANGELES",PALMDALE,-118.19329071044922,34.607872009277344
9648715,2023,2023-12-28,1900,2023-11-17,0652,612141,0455,5,5,6,1949,0,0,0,,0,45K1D,"ALONDRA BL","PLUMA AV",10.00,E,N,A,-,N,,,,,,,,,,N,4,0,1,2,A,-,08,22107,,N,D,G,A,A,H,-,A,A,0,,Y,,,Y,,A,01,0,0,1,0,0,0,1,0,0,"- ","- ",,,"LOS ANGELES",NORWALK,-118.10590362548828,33.887687683105469
9649194,2023,2023-12-29,1970,2023-11-04,1234,195,SPB3,6,5,4,1970,0,0,0,,0,003,"PASADENA AV","RAILROAD ALY",90.00,W,N,A,-,N,,,,,,,,,,N,3,0,1,2,A,-,08,22100,,N,D,G,A,A,H,-,A,A,0,,Y,,,Y,,A,01,0,1,0,0,0,0,1,0,0,"- ","- ",,,"LOS ANGELES","SOUTH PASADENA",-118.16999053955078,34.111965179443359
9649401,2023,2024-02-17,1900,2023-12-09,1830,548327,1351,6,5,3,1927,0,0,0,,0,135B,"CARSON ST","JUAN AV",60.00,E,N,A,-,N,,,,,,,,,,Y,2,0,1,2,A,-,09,21804,A,N,H,G,A,A,H,-,C,D,0,,Y,,,Y,,L,04,1,0,0,0,0,0,1,0,0,"- ","- ",,,"LOS ANGELES","HAWAIIAN GARDENS",-118.07540130615234,33.831531524658203
9650042,2023,2023-12-30,1941,2023-08-03,1855,11338,SOUTH,4,5,7,1941,0,0,0,,0,008,"EAST 7TH ST","WALNUT AV",120.00,W,N,A,-,N,,,,,,,,,,N,2,0,1,2,D,-,00,,,N,H,G,A,A,H,-,A,D,0,,Y,,,Y,,-,"- ",1,0,0,0,0,0,1,0,0,"- ","- ",33.775440216064453,-118.17201232910156,"LOS ANGELES","LONG BEACH",-118.17242431640625,33.775348663330078
9650045,2023,2023-12-30,1970,2023-09-03,0924,218,,7,5,4,1970,0,0,0,,0,002,"MONTEREY RD","MILAN AV",0.00,,Y,A,-,N,,,,,,,,,,N,3,0,2,2,A,-,09,21802,A,N,D,G,A,A,H,-,A,A,0,,Y,,,Y,,A,07,0,1,1,0,0,0,2,0,0,"- ","- ",,,"LOS ANGELES","SOUTH PASADENA",-118.14402770996094,34.112377166748047
9650720,2023,2024-02-07,1909,2023-12-29,1554,606,1909,5,5,4,1909,0,0,0,,0,NORTH,"GAGE AV","SPECHT AV",10.00,E,N,A,-,N,,,,,,,,,,N,3,0,1,2,A,-,09,21800,A,N,D,G,A,A,H,-,A,D,0,,Y,,,Y,,A,01,0,1,0,0,0,0,1,0,0,"- ","- ",33.975681304931641,-118.16510772705078,"LOS ANGELES","BELL GARDENS",-118.16507720947266,33.975654602050781
9650923,2023,2023-12-29,1956,2023-11-30,1535,1384,52,4,5,5,1956,0,0,0,,0,004,"RINDGE LN","MATHEWS AV",0.00,,Y,A,-,N,,,,,,,,,,N,4,0,1,2,A,-,17,21657,,N,D,G,A,A,H,-,A,A,0,,Y,,,Y,,L,04,0,0,1,0,0,0,1,0,0,"- ","- ",33.873760223388672,-118.3726806640625,"LOS ANGELES","REDONDO BEACH",-118.37277221679688,33.873813629150391
9651392,2023,2024-02-21,1900,2023-12-06,2015,642979,0642,3,5,6,1985,0,0,0,,0,641T,"NEWHALL RANCH RD","BOUQUET CANYON RD",755.00,W,N,A,-,N,,,,,,,,,,N,2,0,1,2,A,-,08,22107,,N,C,G,A,A,H,-,C,D,0,,Y,,Y,Y,,L,04,1,0,0,0,0,0,1,0,0,"- ","- ",34.427978515625,-118.53978729248047,"LOS ANGELES","SANTA CLARITA",-118.53959655761719,34.427978515625
9651837,2023,2024-01-10,1900,2023-10-25,1406,663909,2824,3,5,5,1915,0,0,0,,0,283T2,"COMPTON AV","CHESTER AV",50.00,W,N,A,-,N,,,,,,,,,,N,3,0,1,2,D,-,00,,,N,B,G,A,A,H,-,A,D,0,,Y,,,Y,,-,"- ",0,1,0,0,0,0,1,0,0,"- ","- ",33.896110534667969,-118.21504211425781,"LOS ANGELES",COMPTON,-118.21500396728516,33.895999908447266
9651862,2023,2024-02-23,1902,2023-12-14,1614,841,26,4,5,5,1902,0,0,0,,0,004,"HOLLY AV","LE ROY AV",13.00,S,N,A,-,N,,,,,,,,,,N,3,0,1,2,A,-,10,21950,A,N,D,G,A,A,H,-,A,A,0,,Y,,,Y,,A,01,0,1,0,0,0,0,1,0,0,"- ","- ",,,"LOS ANGELES",ARCADIA,-118.04582977294922,34.125045776367188
9653019,2023,2024-02-14,1976,2023-12-02,0922,595,,6,5,5,1976,0,0,0,,0,001,"GREENLEAF AV","BAILEY ST",274.00,S,N,A,-,N,,,,,,,,,,N,3,0,1,2,A,-,09,21801,A,N,H,G,A,A,H,-,A,D,0,,Y,,,Y,,D,22,0,1,0,0,0,0,1,0,0,"- ","- ",,,"LOS ANGELES",WHITTIER,-118.03737640380859,33.980129241943359
9653180,2023,2024-01-29,1942,2023-11-03,2000,39395,0219,5,5,7,1942,0,0,0,B,0,24TL54,"SUNSET BL","WHITE KNOLL DR",20.00,E,N,A,-,N,,,,,,,,,,N,2,0,1,3,A,-,17,22517,,N,H,G,A,A,H,-,C,D,0,,Y,,,Y,,D,22,1,0,0,0,0,0,1,0,0,"- ","- ",,,"LOS ANGELES","LOS ANGELES",-118.24972534179688,34.066787719726562
9653410,2023,2024-02-26,1972,2023-12-12,1520,22773,,2,5,6,1972,0,0,0,,0,,"ENTRADERO AV","TOWERS ST",0.00,,Y,A,-,N,,,,,,,,,,N,3,0,1,3,A,-,10,21950,A,N,G,B,B,A,H,-,A,A,0,Y,Y,,,Y,,A,,0,1,0,0,1,0,0,0,0,"- ","- ",,,"LOS ANGELES",TORRANCE,-118.36963653564453,33.85565185546875
9653647,2023,2024-02-23,1934,2023-12-23,0902,803,IRWPD,6,5,1,1934,0,0,0,,0,001,"AZUSA CANYON RD","CYPRESS ST",0.00,,Y,A,-,N,,,,,,,,,,N,3,0,1,2,A,-,08,22107,,N,B,G,A,A,H,-,A,A,0,,Y,,,Y,,A,01,0,1,0,0,0,0,1,0,0,"- ","- ",34.096118927001953,-117.94300079345703,"LOS ANGELES",IRWINDALE,-117.94298553466797,34.096103668212891
9653652,2023,2024-02-23,1929,2023-12-03,1252,242,1929,7,5,3,1929,0,0,0,,0,002,"HERMOSA AV","22ND ST",93.00,S,N,A,-,N,,,,,,,,,,N,3,0,1,2,A,-,03,22350,,N,C,G,A,A,H,-,A,D,0,,Y,,,Y,,L,04,0,1,0,0,0,0,1,0,0,"- ","- ",33.869380950927734,-118.40366363525391,"LOS ANGELES","HERMOSA BEACH",-118.40346527099609,33.869148254394531
9653653,2023,2024-02-23,1929,2023-12-07,2134,176,1929,4,5,3,1929,0,0,0,,0,003,"AVIATION BL","OCEAN DR",5.00,W,N,A,-,N,,,,,,,,,,N,4,0,1,2,A,-,03,22350,,F,C,G,A,A,H,-,C,A,0,,Y,,,Y,,A,01,0,0,1,0,0,0,1,0,0,"- ","- ",33.863258361816406,-118.39031982421875,"LOS ANGELES","HERMOSA BEACH",-118.39030456542969,33.863269805908203
9653751,2023,2024-02-12,1941,2023-09-13,0828,11146,NORTH,3,5,7,1941,0,0,0,,0,024,"HARDING ST","DOWNEY AV",0.00,,Y,A,-,N,,,,,,,,,,N,4,0,1,2,A,-,09,21801,A,N,D,G,A,A,H,-,A,A,0,,Y,,,Y,,D,22,0,0,1,0,0,0,1,0,0,"- ","- ",33.867938995361328,-118.15125274658203,"LOS ANGELES","LONG BEACH",-118.15145111083984,33.867908477783203
9653912,2023,2024-01-09,1942,2023-06-13,0200,42664,1444,2,5,7,1942,0,0,0,N,0,27T33,"LINCOLN BL","WASHINGTON BL",0.00,,Y,B,-,N,,,,,,,,,,N,3,0,1,2,A,-,03,22350,,F,H,G,A,A,H,-,C,A,0,,Y,,,Y,,-,99,0,1,0,0,0,0,1,0,0,"- ","- ",,,"LOS ANGELES","LOS ANGELES",-118.44784545898438,33.990470886230469
9653930,2023,2024-01-05,1900,2023-10-18,0818,629585,0334,3,5,4,1939,0,0,0,,0,35T1,"PRAIRIE AV","MANHATTAN BEACH BL",0.00,,Y,A,-,N,,,,,,,,,,N,3,0,1,2,A,-,09,21804,A,N,H,G,A,A,H,-,A,D,0,,Y,,,Y,,A,01,0,1,0,0,0,0,1,0,0,"- ","- ",33.886920928955078,-118.34400177001953,"LOS ANGELES",LAWNDALE,-118.34383392333984,33.887393951416016
9654026,2023,2024-02-02,1900,2023-11-11,1602,603323,0532,6,5,5,1959,0,0,0,,0,53PM,"EVELYN AV","GARVEY AV",593.00,N,N,A,-,N,,,,,,,,,,N,2,0,1,3,A,-,05,21650,,N,D,E,A,A,H,-,A,D,0,,Y,,,Y,,L,04,1,0,0,0,0,0,1,0,0,"- ","- ",34.0643310546875,-118.10089874267578,"LOS ANGELES",ROSEMEAD,-118.10092163085938,34.064247131347656
9654078,2023,2024-02-27,1942,2023-11-29,1430,42943,0111,3,5,7,1942,0,0,0,A,0,24T51,"ALPINE ST","SPRING ST",0.00,,Y,A,-,N,,,,,,,,,,N,4,0,1,2,A,-,12,21453,A,N,D,G,A,A,H,-,A,A,0,,Y,,,Y,Y,-,"- ",0,0,1,0,0,0,1,0,0,"- ","- ",,,"LOS ANGELES","LOS ANGELES",-118.23693084716797,34.061859130859375
9654443,2023,2024-02-23,1909,2023-12-21,1908,577,1909,4,5,4,1909,0,0,0,,0,,"PRIORY ST","EASTERN AV",40.00,E,N,C,-,N,,,,,,,,,,N,3,0,1,2,D,-,00,,,F,H,G,A,B,H,-,C,A,0,,Y,,,Y,Y,-,"- ",0,1,0,0,0,0,1,0,0,"- ","- ",33.964241027832031,-118.16522979736328,"LOS ANGELES","BELL GARDENS",-118.16519927978516,33.964221954345703
9654570,2023,2024-02-03,1941,2023-12-13,1451,11930,WEST,3,5,7,1941,0,0,0,,0,004,"E 20TH ST","PALMER CT",0.00,,Y,A,-,N,,,,,,,,,,N,3,0,2,2,A,-,05,21650,1,N,G,G,A,A,H,-,A,D,0,,Y,,,Y,,L,04,0,1,1,0,0,0,2,0,0,"- ","- ",33.793491363525391,-118.19026184082031,"LOS ANGELES","LONG BEACH",-118.19023895263672,33.793487548828125
9655005,2023,2024-01-16,1961,2023-09-12,1250,10465,1961,2,5,3,1961,0,0,0,,0,002,"4TH ST","GRISWOLD AV",0.00,,Y,A,-,N,,,,,,,,,,N,3,0,1,2,A,-,05,21650,1,N,D,G,A,A,H,-,E,A,0,,Y,,,Y,,L,04,0,1,0,0,0,0,1,0,0,"- ","- ",,,"LOS ANGELES","SAN FERNANDO",-118.43402099609375,34.283771514892578
9655548,2023,2024-01-11,1900,2023-09-21,1355,621507,1352,4,5,3,1927,0,0,0,,0,135B,"NORWALK BL","215TH ST",0.00,,Y,A,-,N,,,,,,,,,,N,3,0,1,2,A,-,09,21802,A,M,D,G,A,A,H,-,A,A,0,,Y,,,Y,,A,01,0,1,0,0,0,0,1,0,0,"- ","- ",,,"LOS ANGELES","HAWAIIAN GARDENS",-118.07203674316406,33.834186553955078
9655553,2023,2024-01-11,1900,2023-09-18,0806,661926,2841,1,5,5,1915,0,0,0,,0,282T1,"WILLOWBROOK AV","ALONDRA BL",14.00,S,N,A,-,N,,,,,,,,,,N,3,0,1,2,A,-,12,21453,A,N,D,G,A,A,H,-,A,D,0,,Y,,,Y,,L,04,0,1,0,0,0,0,1,0,0,"- ","- ",33.888469696044922,-118.22358703613281,"LOS ANGELES",COMPTON,-118.22386932373047,33.8885498046875
9655631,2023,2024-01-22,1956,2023-10-31,1534,1229,20,2,5,5,1956,0,0,0,,0,002,BROADWAY,"VINCENT ST",76.00,N,N,A,-,N,,,,,,,,,,N,3,0,1,2,A,-,21,22106,,N,D,G,A,A,H,-,A,D,0,,Y,,,Y,,A,01,0,1,0,0,0,0,1,0,0,"- ","- ",33.843158721923828,-118.38761901855469,"LOS ANGELES","REDONDO BEACH",-118.38765716552734,33.843269348144531
9655633,2023,2024-01-17,1941,2023-10-21,1705,11004,NORTH,6,5,7,1941,0,0,0,,0,020,"E 36TH ST","BRAYTON AV",0.00,,Y,A,-,N,,,,,,,,,,N,4,0,1,2,A,-,08,22107,,N,H,G,A,A,H,-,A,D,0,,Y,,,Y,,A,01,0,0,1,0,0,0,1,0,0,"- ","- ",33.822151184082031,-118.17523956298828,"LOS ANGELES","LONG BEACH",-118.17526245117188,33.822109222412109
9656681,2023,2024-02-08,1900,2023-11-11,1550,656182,1369,6,5,5,1952,0,0,0,,0,136DAM,"LAKEWOOD BL","SOMERSET BL",0.00,,Y,A,-,N,,,,,,,,,,N,3,0,1,2,A,-,09,21801,,N,D,G,A,A,H,-,A,A,0,,Y,,,Y,,A,01,0,1,0,0,0,0,1,0,0,"- ","- ",,,"LOS ANGELES",PARAMOUNT,-118.14265441894531,33.896518707275391
9656708,2023,2024-03-05,1929,2023-12-29,1421,250,1929,5,5,3,1929,0,0,0,,0,,"RT 1","AVIATION BL",300.00,N,N,A,-,Y,LA,7,1,-,-,21.250,H,-,N,,4,0,1,2,A,-,03,22350,,N,D,-,A,A,H,-,A,A,0,,Y,,,Y,,L,04,0,0,1,0,0,0,1,0,0,"- ","- ",33.862518310546875,-118.39237213134766,"LOS ANGELES","HERMOSA BEACH",-118.39264678955078,33.863662719726562
9657030,2023,2024-02-08,1942,2023-12-01,1900,42901,2031,5,5,7,1942,0,0,0,,0,27TL31,"WESTERN AV","7TH ST",0.00,,Y,A,-,N,,,,,,,,,,N,3,0,1,2,A,-,12,21453,A,F,H,G,A,A,H,-,C,A,0,,Y,,,Y,,-,99,0,1,0,0,0,0,1,0,0,"- ","- ",,,"LOS ANGELES","LOS ANGELES",-118.30908966064453,34.059673309326172
9657052,2023,2024-03-15,1941,2023-11-16,1819,11009,SOUTH,4,5,7,1941,0,0,0,,0,008,"GAVIOTA AV","E BROADWAY",0.00,,Y,A,-,N,,,,,,,,,,N,4,0,1,2,A,-,08,22107,,N,D,B,A,A,H,-,C,D,0,,Y,,,Y,,A,01,0,0,1,0,0,0,1,0,0,"- ","- ",33.76776123046875,-118.17147827148438,"LOS ANGELES","LONG BEACH",-118.17148590087891,33.767757415771484
9657115,2023,2024-02-02,1941,2023-10-28,0541,11562,2,6,5,7,1941,0,0,0,,0,014,"BELLFLOWER BL","E WILLOW ST",0.00,E,N,A,-,N,,,,,,,,,,Y,2,0,1,2,A,-,12,21453,A,N,D,G,A,A,H,-,A,A,0,,Y,,,Y,,L,04,1,0,0,0,0,0,1,0,0,"- ","- ",33.803279876708984,-118.12528991699219,"LOS ANGELES","LONG BEACH",-118.12535858154297,33.803188323974609
9657230,2023,2024-02-13,1907,2023-09-18,1320,202,1,1,5,4,1907,0,0,0,,0,,"CALIFORNIA AV","BELL AV",250.00,S,N,A,-,N,,,,,,,,,,N,3,0,1,2,A,-,09,21804,A,N,H,G,A,A,H,-,A,D,0,,Y,,,Y,,L,04,0,1,0,0,0,0,1,0,0,"- ","- ",33.975421905517578,-118.20333862304688,"LOS ANGELES",BELL,-118.2027587890625,33.975349426269531
9660308,2023,2024-02-22,1976,2023-12-19,0827,546,1976,2,5,5,1976,0,0,0,,0,,"LAMBERT RD","GUNN AV",0.00,,Y,B,-,N,,,,,,,,,,N,3,0,1,2,A,-,08,22107,,N,H,G,A,A,H,-,A,A,0,,Y,,,Y,,A,01,0,1,0,0,0,0,1,0,0,"- ","- ",,,"LOS ANGELES",WHITTIER,-118.02469635009766,33.949024200439453
9660839,2023,2024-03-15,1900,2023-11-28,0740,632839,0262,2,5,4,1917,0,0,0,,0,26T,"CLARA ST","WILCOX AV",600.00,E,N,A,-,N,,,,,,,,,,N,3,0,1,2,A,-,09,21804,A,N,H,G,A,A,H,-,A,D,0,,Y,,,Y,,-,"- ",0,1,0,0,0,0,1,0,0,"- ","- ",,,"LOS ANGELES",CUDAHY,-118.17661285400391,33.964488983154297
9661080,2023,2024-01-29,1946,2023-11-27,0914,P58,1946,1,5,4,1946,0,0,0,,0,003,"E COLORADO BL","S CANYON BL",17.00,E,N,A,-,N,,,,,,,,,,N,4,0,1,2,A,-,12,22450,A,N,D,G,A,A,H,-,A,D,0,,Y,,,Y,,L,04,0,0,1,0,0,0,1,0,0,"- ","- ",,,"LOS ANGELES",MONROVIA,-117.99652099609375,34.145950317382812
9661254,2023,2024-02-23,1900,2023-08-13,1230,658622,2824,7,5,5,1915,0,0,0,,0,282T1,"SANTA FE AV","COMPTON BL",181.00,N,N,A,-,N,,,,,,,,,,N,2,0,1,2,A,-,08,22107,,N,A,-,A,A,H,-,A,D,0,,Y,,,Y,,L,04,1,0,0,0,0,0,1,0,0,"- ","- ",33.896640777587891,-118.21581268310547,"LOS ANGELES",COMPTON,-118.21582794189453,33.896495819091797
9661258,2023,2024-08-30,1900,2023-08-26,2120,630973,0251,6,5,4,1945,0,0,0,,0,28T,"RANDOLPH ST","WOODWARD AV",0.00,,Y,A,-,N,,,,,,,,,,N,3,0,1,2,A,-,09,21801,B,N,H,G,A,A,H,-,B,D,0,,Y,,,Y,,L,04,0,1,0,0,0,0,1,0,0,"- ","- ",,,"LOS ANGELES",MAYWOOD,-118.18537139892578,33.981571197509766
9661558,2023,2024-02-01,1916,2023-12-30,1539,2956,D28C1,6,5,4,1916,0,0,0,,0,DOWNTO,"SAN BERNARDINO RD","CITRUS AV",0.00,,Y,B,-,N,,,,,,,,,,N,3,0,1,2,A,-,01,23152,F,N,D,G,A,A,H,-,A,A,0,,Y,,,Y,,A,01,0,1,0,0,0,0,1,0,0,"- ","- ",34.090198516845703,-117.89015197753906,"LOS ANGELES",COVINA,-117.89017486572266,34.090183258056641
9661604,2023,2024-03-01,1941,2023-03-05,0008,11374,WEST,7,5,7,1941,0,0,0,,0,005,"EAST PACIFIC COAST HWY","MARTIN LUTHER KING",77.00,W,N,A,-,Y,LA,7,1,-,-,5.780,H,-,N,N,3,0,1,2,A,-,03,22350,,F,B,G,A,A,H,-,C,A,0,,Y,,,Y,,-,99,0,1,0,0,0,0,1,0,0,"- ","- ",33.789859771728516,-118.18068695068359,"LOS ANGELES","LONG BEACH",-118.18099212646484,33.7899169921875
9661787,2023,2024-04-18,1941,2023-08-07,2137,11806,WEST,1,5,7,1941,0,0,0,,0,003,"PACIFIC AV","WILLOW ST",36960.00,N,N,A,-,N,,,,,,,,,,N,2,0,1,2,A,-,10,21950,A,F,D,G,A,A,H,-,C,A,0,,Y,,,Y,,-,99,1,0,0,0,0,0,1,0,0,"- ","- ",,,"LOS ANGELES","LONG BEACH",-118.19400787353516,33.815288543701172
9662351,2023,2024-02-29,1942,2023-12-02,1010,44844,1675,6,5,7,1942,0,0,0,P,0,26TL19,"TUXFORD ST","GLENOAKS BL",0.00,,Y,A,-,N,,,,,,,,,,Y,2,0,1,2,A,-,08,22101,D,N,D,G,A,A,H,-,A,A,0,,Y,,,Y,,A,01,1,0,0,0,0,0,1,0,0,"- ","- ",,,"LOS ANGELES","LOS ANGELES",-118.37134552001953,34.234489440917969
9662757,2023,2024-02-10,1941,2023-12-18,1406,11417,EAST,1,5,7,1941,0,0,0,,0,014,"E BURNETT ST","REDONDO AV",0.00,,Y,A,-,N,,,,,,,,,,N,4,0,1,2,D,-,00,,,N,D,G,A,A,H,-,A,A,0,,Y,,,Y,,-,"- ",0,0,1,0,0,0,1,0,0,"- ","- ",33.801448822021484,-118.1513671875,"LOS ANGELES","LONG BEACH",-118.15138244628906,33.801460266113281
9662764,2023,2024-02-10,1941,2023-08-30,1514,10238,EAST,3,5,7,1941,0,0,0,,0,015,"LOS SANTOS DR","LEES AV",0.00,,N,A,-,N,,,,,,,,,,N,2,0,1,2,A,-,09,21801,,N,G,G,A,A,H,-,A,D,0,,Y,,,Y,,L,04,1,0,0,0,0,0,1,0,0,"- ","- ",33.792350769042969,-118.09763336181641,"LOS ANGELES","LONG BEACH",-118.09821319580078,33.79217529296875
9662776,2023,2024-02-10,1941,2023-07-11,1329,10167,WEST,2,5,7,1941,0,0,0,,0,005,"E HILL ST","OLIVE AV",0.00,,N,A,-,N,,,,,,,,,,N,3,0,1,2,A,-,05,21202,A,N,D,G,A,A,H,-,A,A,0,,Y,,,Y,,L,04,0,1,0,0,0,0,1,0,0,"- ","- ",33.797130584716797,-118.18285369873047,"LOS ANGELES","LONG BEACH",-118.18286895751953,33.797134399414062
9662904,2023,2024-02-21,1900,2023-12-16,2135,655204,1332,6,5,5,1908,0,0,0,,0,133E,"SOMERSET BL","BETTY JEAN AV",2.00,W,N,A,-,N,,,,,,,,,,N,3,0,1,2,A,-,14,21201,D,N,G,G,A,A,H,-,D,D,0,,Y,,,Y,,L,04,0,1,0,0,0,0,1,0,0,"- ","- ",,,"LOS ANGELES",BELLFLOWER,-118.13191986083984,33.896709442138672
9664181,2023,2024-03-23,1900,2023-11-06,1620,655208,1331,1,5,5,1908,0,0,0,,0,133T2,"BELLFLOWER BL","ROSECRANS AV",50.00,N,N,A,-,N,,,,,,,,,,N,4,0,1,2,D,-,00,,,N,D,G,A,A,H,-,A,D,0,,Y,,,Y,,-,"- ",0,0,1,0,0,0,1,0,0,"- ","- ",,,"LOS ANGELES",BELLFLOWER,-118.12532806396484,33.902107238769531