CASE_ID,ACCIDENT_YEAR,PROC_DATE,JURIS,COLLISION_DATE,COLLISION_TIME,OFFICER_ID,REPORTING_DISTRICT,DAY_OF_WEEK,CHP_SHIFT,POPULATION,CNTY_CITY_LOC,SPECIAL_COND,BEAT_TYPE,CHP_BEAT_TYPE,CITY_DIVISION_LAPD,CHP_BEAT_CLASS,BEAT_NUMBER,PRIMARY_RD,SECONDARY_RD,DISTANCE,DIRECTION,INTERSECTION,WEATHER_1,WEATHER_2,STATE_HWY_IND,CALTRANS_COUNTY,CALTRANS_DISTRICT,STATE_ROUTE,ROUTE_SUFFIX,POSTMILE_PREFIX,POSTMILE,LOCATION_TYPE,RAMP_INTERSECTION,SIDE_OF_HWY,TOW_AWAY,COLLISION_SEVERITY,NUMBER_KILLED,NUMBER_INJURED,PARTY_COUNT,PRIMARY_COLL_FACTOR,PCF_CODE_OF_VIOL,PCF_VIOL_CATEGORY,PCF_VIOLATION,PCF_VIOL_SUBSECTION,HIT_AND_RUN,TYPE_OF_COLLISION,MVIW,PED_ACTION,ROAD_SURFACE,ROAD_COND_1,ROAD_COND_2,LIGHTING,CONTROL_DEVICE,CHP_ROAD_TYPE,PEDESTRIAN_ACCIDENT,BICYCLE_ACCIDENT,MOTORCYCLE_ACCIDENT,TRUCK_ACCIDENT,NOT_PRIVATE_PROPERTY,ALCOHOL_INVOLVED,STWD_VEHTYPE_AT_FAULT,CHP_VEHTYPE_AT_FAULT,COUNT_SEVERE_INJ,COUNT_VISIBLE_INJ,COUNT_COMPLAINT_PAIN,COUNT_PED_KILLED,COUNT_PED_INJURED,COUNT_BICYCLIST_KILLED,COUNT_BICYCLIST_INJURED,COUNT_MC_KILLED,COUNT_MC_INJURED,PRIMARY_RAMP,SECONDARY_RAMP,LATITUDE,LONGITUDE,COUNTY,CITY,POINT_X,POINT_Y
9666567,2023,2024-03-12,1900,2023-12-14,0755,529141,1512,4,5,5,1954,0,0,0,,0,151T1,"DURFEE AV","OLYMPIC BL",0.00,,Y,A,-,N,,,,,,,,,,N,4,0,1,2,A,-,03,22350,,N,D,G,A,A,H,-,A,D,0,,Y,,,Y,,D,22,0,0,1,0,0,0,1,0,0,"- ","- ",34.004501342773438,-118.07779693603516,"LOS ANGELES","PICO RIVERA",-118.0777587890625,34.004547119140625
9667465,2023,2024-02-23,1918,2023-12-04,2005,1086,,1,5,4,1918,0,0,0,,0,4T26,"WASHINGTON BL","SAWTELLE BL",0.00,,Y,A,-,N,,,,,,,,,,N,3,0,1,2,A,-,05,21650,1,N,A,C,A,A,H,-,C,A,0,,Y,,,Y,,L,04,0,1,0,0,0,0,1,0,0,"- ","- ",34.004238128662109,-118.41457366943359,"LOS ANGELES","CULVER CITY",-118.41464996337891,34.004196166992188
9668072,2023,2024-03-22,1942,2023-07-04,1505,44427,0803,2,5,7,1942,0,0,0,H,0,8A13,"CASALE RD","CAPRI DR",129.00,W,N,A,-,N,,,,,,,,,,N,3,0,1,2,A,-,03,22350,,N,B,-,A,A,H,-,A,D,0,,Y,,,Y,,L,04,0,1,0,0,0,0,1,0,0,"- ","- ",,,"LOS ANGELES","LOS ANGELES",-118.50395202636719,34.060920715332031
9669384,2023,2024-04-10,1941,2023-12-30,1810,11797,WEST,6,5,7,1941,0,0,0,,0,003,"PACIFIC AV","GUNTHER WY",13.00,S,N,A,-,N,,,,,,,,,,N,2,0,1,2,A,-,05,21650,1,N,D,G,A,A,H,-,C,D,0,,Y,,,Y,Y,L,04,1,0,0,0,0,0,1,0,0,"- ","- ",33.799339294433594,-118.19371795654297,"LOS ANGELES","LONG BEACH",-118.19367218017578,33.799304962158203
9670392,2023,2024-04-04,1941,2023-12-03,1739,11227,EAST,7,5,7,1941,0,0,0,,0,011,"E ANAHEIM ST","DAWSON AV",0.00,,Y,A,-,N,,,,,,,,,,Y,4,0,1,2,C,-,18,,,N,D,G,A,A,H,-,C,D,0,,Y,,,Y,,-,"- ",0,0,1,0,0,0,1,0,0,"- ","- ",33.782600402832031,-118.16548156738281,"LOS ANGELES","LONG BEACH",-118.16551208496094,33.782596588134766
9671051,2023,2024-02-29,1900,2023-11-14,1830,658320,1264,2,5,3,1991,0,0,0,,0,121T1,"HIGHLAND AV","BERKSHIREE AV",0.00,,Y,A,-,N,,,,,,,,,,N,3,0,1,2,A,-,09,21800,C,N,D,-,A,A,H,-,C,A,0,,Y,,,Y,,J,48,0,1,0,0,0,0,1,0,0,"- ","- ",34.186470031738281,-118.1805419921875,"LOS ANGELES","LA CANADA-FLINTRIDGE",-118.18051910400391,34.1864013671875
9671394,2023,2024-03-28,1942,2023-07-23,1450,43958,0678,7,5,7,1942,0,0,0,F,0,27TL42,"WESTERN AV","SIERRA VISTA AV",115.00,N,N,A,-,N,,,,,,,,,,N,4,0,1,2,A,-,09,21801,B,N,H,G,A,A,H,-,A,D,0,,Y,,,Y,,L,04,0,0,1,0,0,0,1,0,0,"- ","- ",,,"LOS ANGELES","LOS ANGELES",-118.30916595458984,34.089855194091797
9672548,2023,2024-03-12,1941,2023-12-16,1025,10922,EAST,6,5,7,1941,0,0,0,,0,016,"LAKEWOOD BL","E. CARSON ST",0.00,,Y,A,-,N,,,,,,,,,,N,3,0,1,2,A,-,11,21453,D,N,D,G,A,A,H,-,A,A,0,,Y,,,Y,,L,04,0,1,0,0,0,0,1,0,0,"- ","- ",33.832351684570312,-118.14256286621094,"LOS ANGELES","LONG BEACH",-118.14263916015625,33.832286834716797
9674188,2023,2024-04-26,1942,2023-12-27,0555,34458,1124,3,5,7,1942,0,0,0,K,0,24TL26,"SAN FERNANDO RD","RT 2",22.00,N,N,A,-,Y,LA,7,2,-,-,15.925,R,3,W,N,2,0,1,2,A,-,09,21801,A,N,D,G,A,A,H,-,E,A,0,,Y,,,Y,,I,20,1,0,0,0,0,0,1,0,0,"- ","- ",,,"LOS ANGELES","LOS ANGELES",-118.24558258056641,34.112522125244141
9674759,2023,2024-03-20,1942,2023-12-05,2215,34332,0457,2,5,7,1942,0,0,0,D,0,24T31,"EVERGREEN AV","MICHIGAN AV",0.00,,Y,A,-,N,,,,,,,,,,N,3,0,1,2,A,-,03,22350,,F,D,G,A,A,H,-,C,A,0,,Y,,,Y,,-,99,0,1,0,0,0,0,1,0,0,"- ","- ",,,"LOS ANGELES","LOS ANGELES",-118.20140838623047,34.041961669921875
9674852,2023,2024-03-21,1942,2023-12-23,1750,45520,0857,6,5,7,1942,0,0,0,H,0,8A95,"W PICO BL","S CREST DR",10.00,W,N,A,-,N,,,,,,,,,,N,3,0,1,2,A,-,08,22107,,F,B,G,A,A,H,-,C,D,0,,Y,,,Y,,-,99,0,1,0,0,0,0,1,0,0,"- ","- ",,,"LOS ANGELES","LOS ANGELES",-118.38786315917969,34.055259704589844
9675285,2023,2024-03-02,1907,2023-10-16,0740,249,1,1,5,4,1907,0,0,0,,0,,"FLORENCE AV","CORONA AV",10.00,E,N,A,-,N,,,,,,,,,,N,3,0,1,2,A,-,12,22450,,N,H,G,A,A,H,-,A,A,0,,Y,,,Y,,L,04,0,1,0,0,0,0,1,0,0,"- ","- ",33.971450805664062,-118.19895172119141,"LOS ANGELES",BELL,-118.19677734375,33.971237182617188
9675292,2023,2024-03-02,1907,2023-10-12,1947,253,2,4,5,4,1907,0,0,0,,0,,"FLORENCE AV","WILCOX AV",29.00,E,N,A,-,N,,,,,,,,,,Y,3,0,1,3,A,-,12,21453,A,N,D,C,A,A,H,-,C,A,0,,Y,,,Y,,A,01,0,1,0,0,0,0,1,0,0,"- ","- ",33.969039916992188,-118.17604064941406,"LOS ANGELES",BELL,-118.17775726318359,33.969230651855469
9675296,2023,2024-03-02,1907,2023-10-31,1530,251,3,2,5,4,1907,0,0,0,,0,,BANDINI,"WILEY POST RD",387.00,W,N,A,-,N,,,,,,,,,,N,3,0,1,2,A,-,12,22450,A,M,H,G,A,A,H,-,A,D,0,,Y,,,Y,,A,01,0,1,0,0,0,0,1,0,0,"- ","- ",33.992141723632812,-118.1611328125,"LOS ANGELES",BELL,-118.16268157958984,33.993915557861328
9675459,2023,2024-02-24,1941,2023-07-19,1740,10923,WEST,3,5,7,1941,0,0,0,,0,003,"W 28TH ST","PACIFIC AV",0.00,E,N,A,-,N,,,,,,,,,,N,3,0,1,2,D,-,00,,,F,B,G,A,A,H,-,A,D,0,,Y,,,Y,,-,"- ",0,1,0,0,0,0,1,0,0,"- ","- ",33.808021545410156,-118.19371032714844,"LOS ANGELES","LONG BEACH",-118.19371795654297,33.808013916015625
9675482,2023,2024-03-06,1918,2023-11-17,1758,1182,,5,5,4,1918,0,0,0,,0,4Z22,"SLAUSON AV","HANNUM AV",669.00,E,N,A,-,N,,,,,,,,,,,4,0,1,2,A,-,05,21650,,N,D,-,A,A,H,-,C,A,0,,Y,,,Y,Y,L,04,0,0,1,0,0,0,1,0,0,"- ","- ",33.988418579101562,-118.39190673828125,"LOS ANGELES","CULVER CITY",-118.38970184326172,33.988788604736328
9675505,2023,2024-03-01,1918,2023-10-29,0958,1216,1918,7,5,4,1918,0,0,0,,0,4A3D,"OVERLAND AV","FARRAGUT DR",0.00,,Y,A,-,N,,,,,,,,,,N,3,0,1,2,A,-,09,21801,A,N,D,G,A,A,H,-,A,A,0,,Y,,,Y,,A,01,0,1,0,0,0,0,1,0,0,"- ","- ",34.010429382324219,-118.39922332763672,"LOS ANGELES","CULVER CITY",-118.39920043945312,34.010379791259766
9675508,2023,2024-02-29,1900,2023-10-10,1305,642584,2846,2,5,5,1915,0,0,0,,0,284,"LONG BEACH BL","COMPTON BL",375.00,S,N,A,-,N,,,,,,,,,,N,4,0,1,2,A,-,03,22350,,N,H,G,A,A,H,-,A,D,0,,Y,,,Y,,M,91,0,0,1,0,0,0,1,0,0,"- ","- ",33.894840240478516,-118.20778656005859,"LOS ANGELES",COMPTON,-118.20803070068359,33.896030426025391
9675546,2023,2024-03-07,1942,2023-11-15,0945,45503,0101,3,5,7,1942,0,0,0,A,0,1A61,"SUNSET BL","BEAUDRY AV",0.00,,Y,B,-,N,,,,,,,,,,N,4,0,1,2,A,-,08,22107,,F,D,G,A,A,H,-,A,A,0,,Y,,,Y,,-,99,0,0,1,0,0,0,1,0,0,"- ","- ",,,"LOS ANGELES","LOS ANGELES",-118.24923706054688,34.065250396728516
9675562,2023,2024-02-28,1942,2023-09-24,1005,33998,2055,7,5,7,1942,0,0,0,,0,27M24,"KENMORE AV","OLYMPIC BL",4.00,S,N,A,-,N,,,,,,,,,,N,4,0,1,2,A,-,05,21202,A,F,D,G,A,A,H,-,A,D,0,,Y,,,Y,,L,04,0,0,1,0,0,0,1,0,0,"- ","- ",,,"LOS ANGELES","LOS ANGELES",-118.29685211181641,34.052650451660156
9675795,2023,2024-03-09,1900,2023-08-07,0835,622922,0973,1,5,4,1979,0,0,0,,0,92T3,"SANTA MONICA BL","POINSETTIA PL",32.00,E,-,A,-,N,,,,,,,,,,N,3,0,1,2,-,I,"- ",,,N,C,C,A,A,H,-,A,A,0,,Y,,,Y,,L,04,0,1,0,0,0,0,1,0,0,"- ","- ",34.090671539306641,-118.34864044189453,"LOS ANGELES","WEST HOLLYWOOD",-118.34856414794922,34.090740203857422
9678097,2023,2024-03-07,1942,2023-12-03,1100,42412,0245,7,5,7,1942,0,0,0,B,0,2A75,"ALVARADO ST","7TH ST",0.00,,Y,A,-,N,,,,,,,,,,N,4,0,1,2,A,-,17,22517,,F,D,G,A,A,-,-,A,D,0,,Y,,,Y,,-,99,0,0,1,0,0,0,1,0,0,"- ","- ",,,"LOS ANGELES","LOS ANGELES",-118.27680969238281,34.056476593017578
9678576,2023,2024-04-26,1941,2023-12-05,1921,11931,EAST,2,5,7,1941,0,0,0,,0,013,"CAMPUS ST","7TH ST",0.00,,Y,A,-,Y,LA,7,22,-,-,0.631,I,5,W,,4,0,1,2,A,-,10,21950,,N,G,G,A,A,H,-,C,A,0,,Y,,,Y,,A,01,0,0,1,0,0,0,1,0,0,"- ","- ",33.775028228759766,-118.11170196533203,"LOS ANGELES","LONG BEACH",-118.11186218261719,33.775104522705078
9678844,2023,2024-03-16,1900,2023-07-04,1246,606099,0972,2,5,4,1979,0,0,0,,0,92T1,"ALMONT DR","SANTA MONICA BL",30.00,S,N,A,-,N,,,,,,,,,,N,3,0,1,2,A,-,03,22350,,N,A,D,A,A,H,-,A,A,0,,Y,,,Y,,L,04,0,1,0,0,0,0,1,0,0,"- ","- ",34.082088470458984,-118.38777923583984,"LOS ANGELES","WEST HOLLYWOOD",-118.3878173828125,34.0821533203125
9679085,2023,2024-04-03,1941,2023-09-24,1533,11001,NORTH,7,5,7,1941,0,0,0,,0,020,"E WARDLOW RD","OLIVE AV",0.00,S,N,A,-,N,,,,,,,,,,N,4,0,1,2,A,-,05,21202,A,N,D,G,A,A,H,-,A,D,0,,Y,,,Y,,L,04,0,0,1,0,0,0,1,0,0,"- ","- ",33.81890869140625,-118.18285369873047,"LOS ANGELES","LONG BEACH",-118.18286895751953,33.818912506103516
9679143,2023,2024-03-19,1941,2023-08-01,1657,11819,SOUTH,2,5,7,1941,0,0,0,,0,006,"PACIFIC AV","W 4TH ST",0.00,,Y,A,-,N,,,,,,,,,,N,3,0,1,2,A,-,12,21453,A,N,H,B,A,A,H,-,A,A,0,,Y,,,Y,,L,04,0,1,0,0,0,0,1,0,0,"- ","- ",33.771701812744141,-118.19373321533203,"LOS ANGELES","LONG BEACH",-118.19371795654297,33.771743774414062
9679286,2023,2024-03-19,1941,2023-08-09,1800,11818,NORTH,3,5,7,1941,0,0,0,,0,021,"55TH ST 1519","WALNUT AV",137.00,W,N,A,-,N,,,,,,,,,,N,3,0,1,2,A,-,10,21950,C,F,H,G,A,A,H,-,A,D,0,,Y,,,Y,,A,01,0,1,0,0,0,0,1,0,0,"- ","- ",33.856060028076172,-118.17430114746094,"LOS ANGELES","LONG BEACH",-118.1739501953125,33.856010437011719
9679325,2023,2024-03-18,1900,2023-09-17,2222,644558,0972,7,5,4,1979,0,0,0,,0,93T2,"BEVERLY BL","LA PEER DR",85.00,W,N,A,-,N,,,,,,,,,,N,2,0,1,2,A,-,08,22107,,N,B,G,A,A,H,-,C,D,0,,Y,,,Y,,L,04,1,0,0,0,0,0,1,0,0,"- ","- ",34.077251434326172,-118.38717651367188,"LOS ANGELES","WEST HOLLYWOOD",-118.38706970214844,34.077190399169922
9680099,2023,2024-03-30,1941,2023-08-04,1505,11813,2,5,5,7,1941,0,0,0,,0,011,"EAST 10TH ST","REDONDO AV",0.00,,Y,A,-,N,,,,,,,,,,N,3,0,1,2,A,-,12,21453,,F,H,G,A,A,H,-,A,A,0,,Y,,,Y,,A,01,0,1,0,0,0,0,1,0,0,"- ","- ",37.789638519287109,-118.15241241455078,"LOS ANGELES","LONG BEACH",-118.15243530273438,33.778987884521484
9680121,2023,2024-03-30,1941,2023-10-16,2140,10229,SOUTH,1,5,7,1941,0,0,0,,0,007,"EAST 10TH ST","MARTIN LUTHER KING AV",0.00,,N,E,-,N,,,,,,,,,,N,4,0,1,2,A,-,17,22517,,F,C,G,A,A,H,-,C,D,0,,Y,,,Y,,A,07,0,0,1,0,0,0,1,0,0,"- ","- ",33.778968811035156,-118.18068695068359,"LOS ANGELES","LONG BEACH",-118.18070220947266,33.778980255126953
9682731,2023,2024-05-31,1941,2023-08-28,0531,11415,EAST,1,5,7,1941,0,0,0,,0,012,"E 11TH ST","REDONDO AV",0.00,,Y,A,-,N,,,,,,,,,,N,3,0,1,2,A,-,05,21650,1,N,D,G,A,A,H,-,C,D,0,,Y,,,Y,,L,04,0,1,0,0,0,0,1,0,0,"- ","- ",33.780788421630859,-118.15242004394531,"LOS ANGELES","LONG BEACH",-118.15242004394531,33.780807495117188
9682748,2023,2024-06-03,1941,2023-10-20,1448,10931,WEST,5,5,7,1941,0,0,0,,0,004,"E 14TH ST","LONG BEACH BL",0.00,,Y,A,-,N,,,,,,,,,,N,3,0,1,2,A,-,09,21453,B,F,H,G,A,A,H,-,A,A,0,,Y,,,Y,,A,07,0,1,0,0,0,0,1,0,0,"- ","- ",33.783699035644531,-118.18939208984375,"LOS ANGELES","LONG BEACH",-118.18949890136719,33.783714294433594
9682752,2023,2024-07-11,1941,2023-10-03,1600,11227,"EAST ",2,5,7,1941,0,0,0,,0,015,"BELLFLOWER BL","ABBEYFIELD ST",0.00,,Y,A,-,N,,,,,,,,,,,4,0,1,2,A,-,10,21950,A,N,D,G,A,A,H,-,A,A,0,,Y,,,Y,,A,08,0,0,1,0,0,0,1,0,0,"- ","- ",33.793861389160156,-118.12532806396484,"LOS ANGELES","LONG BEACH",-118.12541961669922,33.793857574462891
9683207,2023,2024-05-15,1941,2023-11-22,1300,11009,EAST,3,5,7,1941,0,0,0,,0,011,"E ANAHEIM ST","MOLINO AV",0.00,,Y,A,-,N,,,,,,,,,,N,3,0,1,2,A,-,03,22350,,F,A,-,A,A,H,-,A,D,0,,Y,,,Y,,A,01,0,1,0,0,0,0,1,0,0,"- ","- ",33.782600402832031,-118.1611328125,"LOS ANGELES","LONG BEACH",-118.16110229492188,33.782615661621094
9684310,2023,2024-04-17,1942,2023-12-11,1550,42926,1347,1,5,7,1942,0,0,0,M,0,24TL55,"MARTIN LUTHER KING JR BL","COMPTON AV",554.00,E,N,A,-,N,,,,,,,,,,N,4,0,1,2,A,-,17,22517,,F,H,G,A,A,H,-,A,D,0,,Y,,,Y,Y,-,99,0,0,1,0,0,0,1,0,0,"- ","- ",,,"LOS ANGELES","LOS ANGELES",-118.24761962890625,34.010807037353516
9692629,2023,2024-06-17,1941,2023-07-06,0200,11091,NORTH,4,5,7,1941,0,0,0,,0,022,"ATLANTIC AV","SOUTH ST",0.00,,N,A,-,N,,,,,,,,,,N,4,0,1,2,A,-,08,22107,,F,B,G,A,A,H,-,C,D,0,,Y,,Y,Y,,F,26,0,0,1,0,0,0,1,0,0,"- ","- ",33.860069274902344,-118.18498229980469,"LOS ANGELES","LONG BEACH",-118.18503570556641,33.860080718994141
9693472,2023,2024-07-01,1941,2023-07-11,2145,11813,SOUTH,2,5,7,1941,0,0,0,,0,006,"LONG BEACH BL","E ANAHEIM ST",0.00,,N,A,-,N,,,,,,,,,,N,4,0,1,2,A,-,08,22107,,F,H,G,A,A,H,-,C,A,0,,Y,,,Y,,D,22,0,0,1,0,0,0,1,0,0,"- ","- ",33.782588958740234,-118.18939208984375,"LOS ANGELES","LONG BEACH",-118.18949127197266,33.782608032226562
9693947,2023,2024-06-07,1941,2023-07-18,1714,10167,NORTH,2,5,7,1941,0,0,0,,0,022,"GUNDRY AV","59TH ST",0.00,,Y,A,-,N,,,,,,,,,,N,4,0,1,2,A,-,09,21804,A,N,H,G,A,A,G,-,A,A,0,,Y,,,Y,,L,04,0,0,1,0,0,0,1,0,0,"- ","- ",33.861930847167969,-118.17536926269531,"LOS ANGELES","LONG BEACH",-118.17539978027344,33.861904144287109
9694000,2023,2024-06-17,1941,2023-04-07,1410,10125,NORTH,5,5,7,1941,0,0,0,,0,022,"65TH ST","ORANGE AV",0.00,,Y,A,-,N,,,,,,,,,,N,4,0,1,2,A,-,09,21801,A,N,D,G,A,A,H,-,A,A,0,,Y,,,Y,,L,04,0,0,1,0,0,0,1,0,0,"- ","- ",33.872791290283203,-118.1773681640625,"LOS ANGELES","LONG BEACH",-118.17738342285156,33.872768402099609
9694202,2023,2024-05-10,1900,2023-10-26,1548,646036,2814,4,5,5,1915,0,0,0,,0,283T2,"ELM ST","WILLOWBROOK AVE W",10.00,W,N,A,-,N,,,,,,,,,,N,3,0,1,2,A,-,09,21802,A,N,D,-,A,A,H,-,A,D,0,,Y,,,Y,,A,01,0,1,0,0,0,0,1,0,0,"- ","- ",33.900638580322266,-118.22470855712891,"LOS ANGELES",COMPTON,-118.22472381591797,33.900619506835938
9694205,2023,2024-05-10,1941,2023-11-09,0814,11104,SOUTH,4,5,7,1941,0,0,0,,0,008,"WALNIT AV","EAST 4TH ST",0.00,,Y,A,-,N,,,,,,,,,,N,4,0,1,2,D,-,00,,,N,H,G,A,A,H,-,A,A,0,,Y,,,Y,,-,"- ",0,0,1,0,0,0,1,0,0,"- ","- ",33.771720886230469,-118.1719970703125,"LOS ANGELES","LONG BEACH",-118.17202758789062,33.771724700927734
9694466,2023,2024-05-04,1907,2023-06-20,1740,193,1,2,5,4,1907,0,0,0,,0,,"BEAR AV","BELL AV",0.00,,Y,A,-,N,,,,,,,,,,N,3,0,1,2,A,-,05,21650,1,N,H,G,A,A,H,-,A,A,0,,Y,,,Y,,L,04,0,1,0,0,0,0,1,0,0,"- ","- ",,,"LOS ANGELES",BELL,-118.19835662841797,33.975566864013672
9694591,2023,2024-04-26,1905,2023-11-07,1959,1220,234,2,5,4,1905,0,0,0,,0,051,"W PARAMOUNT","VERNON AV",10.00,W,N,A,-,N,,,,,,,,,,N,3,0,1,2,A,-,05,21650,,N,D,-,A,A,H,-,C,A,0,,Y,,,Y,,A,01,0,1,0,0,0,0,1,0,0,"- ","- ",34.118030548095703,-117.91635894775391,"LOS ANGELES",AZUSA,-117.91638946533203,34.118030548095703
9694597,2023,2024-04-25,1942,2023-11-20,0900,45445,0789,1,5,7,1942,0,0,0,G,0,20A33,"ARLINGTON AV","WASHINGTON BL",20.00,S,N,A,-,N,,,,,,,,,,N,4,0,1,2,A,-,05,21650,,F,H,G,A,A,H,-,A,A,0,,Y,,,Y,,L,04,0,0,1,0,0,0,1,0,0,"- ","- ",,,"LOS ANGELES","LOS ANGELES",-118.31772613525391,34.039836883544922
9694776,2023,2024-06-19,1900,2023-12-20,1801,673095,2824,3,5,5,1915,0,0,0,,0,283T1,"SANTA FE AV","PALMER ST",0.00,,Y,A,-,N,,,,,,,,,,N,3,0,1,2,D,-,00,,,N,H,G,A,A,H,-,C,A,0,,Y,,,Y,,-,"- ",0,1,0,0,0,0,1,0,0,"- ","- ",33.898231506347656,-118.21588134765625,"LOS ANGELES",COMPTON,-118.2159423828125,33.898319244384766
9701825,2023,2024-07-01,1941,2023-07-26,1816,10764,NORTH,3,5,7,1941,0,0,0,,0,024,"SOUTH ST","ACKERFIELD AV",0.00,,Y,A,-,N,,,,,,,,,,N,4,0,1,2,D,-,00,,,N,D,G,A,A,H,-,A,D,0,,Y,,,Y,,-,"- ",0,0,1,0,0,0,1,0,0,"- ","- ",33.860160827636719,-118.16313171386719,"LOS ANGELES","LONG BEACH",-118.16313934326172,33.86016845703125
9701832,2023,2024-07-01,1941,2023-07-27,1530,10120,SOUTH,4,5,7,1941,0,0,0,,0,006,"WAITE CT","EAST 6TH ST",0.00,,N,A,-,N,,,,,,,,,,N,4,0,1,2,D,-,00,,,F,D,G,A,A,H,-,A,D,0,,Y,,,Y,,-,"- ",0,0,1,0,0,0,1,0,0,"- ","- ",33.774139404296875,-118.19043731689453,"LOS ANGELES","LONG BEACH",-118.19042205810547,33.774147033691406
9711936,2023,2024-07-05,1941,2023-10-29,1303,11797,SOUTH,7,5,7,1941,0,0,0,,0,007,"E ANAHEIM ST","BTWN LIBERTY CT AND ATLANTIC AV",127.00,W,N,A,-,N,,,,,,,,,,N,4,0,1,2,A,-,09,21804,A,N,A,G,A,A,H,-,A,D,0,,Y,,,Y,,A,07,0,0,1,0,0,0,1,0,0,"- ","- ",33.782360076904297,-118.18559265136719,"LOS ANGELES","LONG BEACH",-118.18537139892578,33.768112182617188
9711974,2023,2024-07-03,1941,2023-08-31,1620,10877,2,4,5,7,1941,0,0,0,,0,014,"LOS COYOTES DIAGONAL","STEARNS ST",0.00,,N,A,-,N,,,,,,,,,,N,4,0,1,2,D,-,00,,,N,D,G,A,A,H,-,A,D,0,,Y,,,Y,,-,"- ",0,0,1,0,0,0,1,0,0,"- ","- ",33.795970916748047,-118.13192749023438,"LOS ANGELES","LONG BEACH",-118.13507843017578,33.79608154296875
9712121,2023,2024-09-05,1941,2023-11-12,1558,11358,EAST,7,5,7,1941,0,0,0,,0,013,"BAY SHORE AV",BROADWAY,0.00,,Y,A,-,N,,,,,,,,,,N,4,0,1,2,A,-,08,22107,,F,B,G,A,A,H,-,A,D,0,,Y,,,Y,,A,01,0,0,1,0,0,0,1,0,0,"- ","- ",33.759998321533203,-118.12866973876953,"LOS ANGELES","LONG BEACH",-118.12864685058594,33.760051727294922
9712590,2023,2024-10-08,1941,2023-11-27,1748,11134,EAST,1,5,7,1941,0,0,0,,0,009,"REDONDO AV","2ND ST",113.00,N,N,A,-,N,,,,,,,,,,N,4,0,1,2,A,-,05,21651,B,N,A,C,A,A,H,-,A,D,0,,Y,,,Y,,L,04,0,0,1,0,0,0,1,0,0,"- ","- ",33.76348876953125,-118.15242767333984,"LOS ANGELES","LONG BEACH",-118.15245056152344,33.763782501220703
9714642,2023,2024-07-16,1941,2023-10-02,1830,11661,SOUTH,1,5,7,1941,0,0,0,,0,008,"4TH ST","ORANGE AV",0.00,,N,F,-,N,,,,,,,,,,N,4,0,1,2,D,-,00,,,F,H,G,A,A,H,-,A,D,0,,Y,,,Y,Y,-,"- ",0,0,1,0,0,0,1,0,0,"- ","- ",33.771720886230469,-118.17635345458984,"LOS ANGELES","LONG BEACH",-118.17636108398438,33.771743774414062
9714917,2023,2024-08-14,1941,2023-10-07,0000,6164,EAST,6,5,7,1941,0,0,0,,0,012,"ANAHEIM ST","BENNETT AV",0.00,,Y,A,-,N,,,,,,,,,,N,3,0,1,2,A,-,08,22107,,N,H,G,A,A,H,-,A,D,0,,Y,,,Y,,A,07,0,1,0,0,0,0,1,0,0,"- ","- ",33.782600402832031,-118.14263916015625,"LOS ANGELES","LONG BEACH",-118.14264678955078,33.782596588134766
9715279,2023,2024-08-09,1941,2023-11-09,1900,6170,WEST,4,5,7,1941,0,0,0,,0,001,"31ST ST","SANTA FE AV",5.00,W,N,A,-,N,,,,,,,,,,N,4,0,1,2,A,-,05,21650,1,N,D,G,A,A,H,-,C,A,0,,Y,,,Y,,L,04,0,0,1,0,0,0,1,0,0,"- ","- ",33.813991546630859,-118.21546173095703,"LOS ANGELES","LONG BEACH",-118.21539306640625,33.813999176025391
9715325,2023,2024-08-07,1941,2023-05-22,1156,11834,NORTH,1,5,7,1941,0,0,0,,0,021,"LONG BEACH BL","56TH ST",0.00,,Y,A,-,N,,,,,,,,,,N,3,0,1,2,A,-,05,21650,1,N,D,G,A,A,H,-,A,A,0,,Y,,,Y,,L,04,0,1,0,0,0,0,1,0,0,"- ","- ",33.857540130615234,-118.19774627685547,"LOS ANGELES","LONG BEACH",-118.19773101806641,33.857524871826172
9715582,2023,2024-10-04,1941,2023-11-10,2047,10877,NORTH,5,5,7,1941,0,0,0,,0,024,"PARAMOUNT BL","SOUTH ST",0.00,,Y,A,-,N,,,,,,,,,,N,2,0,1,2,A,-,09,21804,A,N,D,G,A,A,H,-,C,A,0,,Y,,,Y,,L,04,1,0,0,0,0,0,1,0,0,"- ","- ",33.86016845703125,-118.15989685058594,"LOS ANGELES","LONG BEACH",-118.15990447998047,33.860179901123047